Handle,Title,Body (HTML),Vendor,Product Category,Type,Tags,Published,Option1 Name,Option1 Value,Option1 Linked To,Option2 Name,Option2 Value,Option2 Linked To,Option3 Name,Option3 Value,Option3 Linked To,Variant SKU,Variant Grams,Variant Inventory Tracker,Variant Inventory Qty,Variant Inventory Policy,Variant Fulfillment Service,Variant Price,Variant Compare At Price,Variant Requires Shipping,Variant Taxable,Unit Price Total Measure,Unit Price Total Measure Unit,Unit Price Base Measure,Unit Price Base Measure Unit,Variant Barcode,Image Src,Image Position,Image Alt Text,Gift Card,SEO Title,SEO Description,Google Shopping / Google Product Category,Google Shopping / Gender,Google Shopping / Age Group,Google Shopping / MPN,Google Shopping / Condition,Google Shopping / Custom Product,Google Shopping / Custom Label 0,Google Shopping / Custom Label 1,Google Shopping / Custom Label 2,Google Shopping / Custom Label 3,Google Shopping / Custom Label 4,Google: Custom Product (product.metafields.mm-google-shopping.custom_product),Complementary products (product.metafields.shopify--discovery--product_recommendation.complementary_products),Related products (product.metafields.shopify--discovery--product_recommendation.related_products),Related products settings (product.metafields.shopify--discovery--product_recommendation.related_products_display),Search product boosts (product.metafields.shopify--discovery--product_search_boost.queries),Variant Image,Variant Weight Unit,Variant Tax Code,Cost per item,Status
c-h-mint-choc-drops-tin-130g-x12ct,C&H Mint Choc Drops Tin 130g x12ct,,DutchRusk,Uncategorized,"",New,true,Pack Size,Outer,,,,,,,,CAHMCD_Outer,0.0,shopify,11,deny,manual,50.65,,true,true,,,,,,https://cdn.shopify.com/s/files/1/0668/0861/1129/files/CAHMCDC_HMintChoc.jpg?v=1774382954,1,"",false,,,,,,,,,,,,,,,,,,,,kg,,,active
cadbury-180g-old-gold-peppermint-x-15ct,Cadbury 180g Old Gold Peppermint Block x 15ct,,DutchRusk,Uncategorized,"","New, Night n Day Misc",true,Pack Size,Block,,,,,,,,4052783_Block,0.0,shopify,45,deny,manual,4.72,,true,true,,,,,,https://cdn.shopify.com/s/files/1/0668/0861/1129/files/4052783CadburyOldGoldPeppermint180g.jpg?v=1774382883,1,"",false,,,,,,,,,,,,,,,,,,,,kg,,,active
cadbury-180g-old-gold-peppermint-x-15ct,,,,,,,,,Outer (15 Block),,,,,,,,4052783_Outer,0.0,shopify,3,deny,manual,70.80,,true,true,,,,,,,,,,,,,,,,,,,,,,,,,,,,,kg,,,
cadbury-180g-old-gold-peppermint-x-15ct,,,,,,,,,Shipper (60 Block),,,,,,,,4052783_Shipper,0.0,shopify,0,deny,manual,283.20,,true,true,,,,,,,,,,,,,,,,,,,,,,,,,,,,,kg,,,
trolli-sea-critters-9g-x-60ct,Trolli Sea Critters 9g x 60ct,,DutchRusk,Uncategorized,"",New,true,Pack Size,Outer,,,,,,,,101132632_Outer,0.0,shopify,23,deny,manual,11.95,,true,true,,,,,,https://cdn.shopify.com/s/files/1/0668/0861/1129/files/101132632TrolliSeaCritters.jpg?v=1774382780,1,"",false,,,,,,,,,,,,,,,,,,,,kg,,,active
trolli-sea-critters-9g-x-60ct,,,,,,,,,Shipper (6 Outer),,,,,,,,101132632_Shipper,0.0,shopify,3,deny,manual,71.70,,true,true,,,,,,,,,,,,,,,,,,,,,,,,,,,,,kg,,,
rexona-spray-women-sport-250ml,Rexona Spray Women Sport 250ml,,DutchRusk,Uncategorized,"",New,true,Pack Size,Each,,,,,,,,C0303_Each,0.0,shopify,235,deny,manual,4.80,,true,true,,,,,,https://cdn.shopify.com/s/files/1/0668/0861/1129/files/C0303RexonaWomenSport250ml.jpg?v=1773971573,1,"",false,,,,,,,,,,,,,,,,,,,,kg,,,active
rexona-spray-women-sport-250ml,,,,,,,,,Outer (6 Each),,,,,,,,C0303_Outer,0.0,shopify,39,deny,manual,28.80,,true,true,,,,,,,,,,,,,,,,,,,,,,,,,,,,,kg,,,
rexona-spray-men-original-250ml,Rexona Spray Men Original 250ml,,DutchRusk,Uncategorized,"",New,true,Pack Size,Each,,,,,,,,R0056_Each,0.0,shopify,229,deny,manual,4.80,,true,true,,,,,,https://cdn.shopify.com/s/files/1/0668/0861/1129/files/R0056RexonaMen250ml.webp?v=1773959816,1,"",false,,,,,,,,,,,,,,,,,,,,kg,,,active
rexona-spray-men-original-250ml,,,,,,,,,Outer (6 Each),,,,,,,,R0056_Outer,0.0,shopify,38,deny,manual,28.80,,true,true,,,,,,,,,,,,,,,,,,,,,,,,,,,,,kg,,,
lolliland-dinosaus-25g-x-10ct,Lolliland Dinosaurs 25g x 10ct,,DutchRusk,Uncategorized,"",New,true,Pack Size,Bag,,,,,,,,L0196_Bag,0.0,shopify,57,deny,manual,4.85,,true,true,,,,,,https://cdn.shopify.com/s/files/1/0668/0861/1129/files/L0196Dinosaurs.jpg?v=1773959795,1,"",false,,,,,,,,,,,,,,,,,,,,kg,,,active
lolliland-dinosaus-25g-x-10ct,,,,,,,,,Shipper (12 Bag),,,,,,,,L0196_Shipper,0.0,shopify,4,deny,manual,58.20,,true,true,,,,,,,,,,,,,,,,,,,,,,,,,,,,,kg,,,
dragon-ice-bears-240ml-x-36ct,Dragon Ice Bears 240ml x 36ct,,DutchRusk,Uncategorized,"","Drinks, New",true,Pack Size,Shipper,,,,,,,,ICEBEAR_Shipper,0.0,shopify,9,deny,manual,40.40,,true,true,,,,,,https://cdn.shopify.com/s/files/1/0668/0861/1129/files/ICEBEARDragonIceBears.jpg?v=1773959756,1,"",false,,,,,,,,,,,,,,,,,,,,kg,,,active
bic-lighters-printed-sailor-x-50ct,Bic Lighters Printed  - Sailor x 50ct,,DutchRusk,Uncategorized,"","Lighters, New",true,Pack Size,Outer,,,,,,,,B0228_Outer,0.0,shopify,32,deny,manual,80.00,,true,true,,,,,,https://cdn.shopify.com/s/files/1/0668/0861/1129/files/B0228BICMaxiSailorShipLightersSpecialEditionPocketLighters.jpg?v=1773875563,1,"",false,,,,,,,,,,,,,,,,,,,,kg,,,active
bic-lighters-printed-wire-x-50ct,Bic Lighters Printed  - Wire x 50ct,,DutchRusk,Uncategorized,"","Lighters, New",true,Pack Size,Outer,,,,,,,,B0227_Outer,0.0,shopify,34,deny,manual,80.00,,true,true,,,,,,https://cdn.shopify.com/s/files/1/0668/0861/1129/files/B0227BicLighters-Wire.jpg?v=1773875545,1,"",false,,,,,,,,,,,,,,,,,,,,kg,,,active
bundaberg-dekopon-manadrin-375ml-x-12ct,Bundaberg Dekopon Mandarin 375ml x 12ct,,Bundaberg,Uncategorized,"","Drinks, New",true,Pack Size,Shipper,,,,,,,,2187_Shipper,0.0,shopify,21,deny,manual,29.50,,true,true,,,,,,https://cdn.shopify.com/s/files/1/0668/0861/1129/files/2187BundabergDekopon375ml.jpg?v=1773871847,1,"",false,,,,,,,,,,,,,,,,,,,,kg,,,active
oreo-140g-original-x-20ct,Oreo 140g Original x 20ct,,Cadbury,Uncategorized,"","hide-packet, New",true,Pack Size,Packet,,,,,,,,4324728_Packet,0.0,shopify,76,deny,manual,1.40,,true,true,,,,,,https://cdn.shopify.com/s/files/1/0668/0861/1129/files/4324728Oreo128goriginal.jpg?v=1773782235,1,"",false,,,,,,,,,,,,,,,,,,,,kg,,,active
oreo-140g-original-x-20ct,,,,,,,,,Shipper (20 Packet),,,,,,,,4324728_Shipper,0.0,shopify,3,deny,manual,28.00,,true,true,,,,,,,,,,,,,,,,,,,,,,,,,,,,,kg,,,
h2-chocolate-coconut-water-1lt-x-6ct,H2 Chocolate Coconut Water 1Lt x 6ct,,DutchRusk,Uncategorized,"","Drinks, New",true,Pack Size,Shipper,,,,,,,,C425_Shipper,0.0,shopify,56,deny,manual,26.64,,true,true,,,,,,https://cdn.shopify.com/s/files/1/0668/0861/1129/files/C425H2Choc1ltr.jpg?v=1773871830,1,"",false,,,,,,,,,,,,,,,,,,,,kg,,,active
h2-coconut-lychee-water-1lt-x-6ct,H2 Coconut Lychee Water 1Lt x 6ct,,DutchRusk,Uncategorized,"","Drinks, New",true,Pack Size,Shipper,,,,,,,,C424_Shipper,0.0,shopify,18,deny,manual,26.64,,true,true,,,,,,https://cdn.shopify.com/s/files/1/0668/0861/1129/files/C424H2Lychee1ltr.jpg?v=1773871781,1,"",false,,,,,,,,,,,,,,,,,,,,kg,,,active
890-below-water-500ml-x-24ct,890 Below Water 500ml x 24ct,,DutchRusk,Uncategorized,"","Drinks, New",true,Pack Size,Shipper,,,,,,,,890BELOW_Shipper,0.0,shopify,19,deny,manual,40.00,,true,true,,,,,,https://cdn.shopify.com/s/files/1/0668/0861/1129/files/890BELOW890BelowWater500ml.jpg?v=1773871755,1,"",false,,,,,,,,,,,,,,,,,,,,kg,,,active
whittakers-blocks-250g-jelly-tip-x-12ct,Whittakers Blocks 250g Jelly Tip x 12ct,,Whittakers,"Food, Beverages & Tobacco > Food Items > Candy & Chocolate","","New, Night n Day Misc",true,Pack Size,Block,,,,,,,,WHIT029_Block,0.0,shopify,35,deny,manual,7.77,,true,true,,,,,,https://cdn.shopify.com/s/files/1/0668/0861/1129/files/WHIT029WhittakersJellyTipblock.jpg?v=1773273252,1,"",false,,,4748,,,,,,,,,,,,,,,,,kg,,,active
whittakers-blocks-250g-jelly-tip-x-12ct,,,,,,,,,Outer (12 Block),,,,,,,,WHIT029_Outer,0.0,shopify,2,deny,manual,93.24,,true,true,,,,,,,,,,,,,,,,,,,,,,,,,,,,,kg,,,
lolliland-giant-swirlypops-200g-x-12ct,Lolliland Giant Swirlypops 200g x 12ct,,DutchRusk,"Food, Beverages & Tobacco > Food Items > Candy & Chocolate","","Lollipops, New",true,Pack Size,Outer,,,,,,,,L0190_Outer,0.0,shopify,0,deny,manual,31.05,,true,true,,,,,,https://cdn.shopify.com/s/files/1/0668/0861/1129/files/L0190LollilandGiantSwirlypop200g.jpg?v=1773273214,1,"",false,,,4748,,,,,,,,,,,,,,,,,kg,,,active
clipper-lighter-driving-skulls-x-48ct,Clipper Lighter - Driving Skulls x 48ct,,DutchRusk,Hardware > Tools > Lighters & Matches > Gas Lighters,"","Lighters, New",true,Pack Size,Outer,,,,,,,,C0204_Outer,0.0,shopify,14,deny,manual,39.15,,true,true,,,,,,https://cdn.shopify.com/s/files/1/0668/0861/1129/files/C0204ClipperDrivingSkulls.jpg?v=1773273168,1,"",false,,,503774,,,,,,,,,,,,,,,,,kg,,,active
clipper-lighter-driving-skulls-x-48ct,,,,,,,,,Shipper (10 Outer),,,,,,,,C0204_Shipper,0.0,shopify,1,deny,manual,391.50,,true,true,,,,,,,,,,,,,,,,,,,,,,,,,,,,,kg,,,
kool-aid-sharkleberry-soda-355ml-x-12ct,Kool Aid Sharkleberry Soda 355ml x 12ct,,DutchRusk,"Food, Beverages & Tobacco > Beverages","","Drinks, New",true,Pack Size,Shipper,,,,,,,,270469_Shipper,0.0,shopify,1,deny,manual,35.95,,true,true,,,,,,https://cdn.shopify.com/s/files/1/0668/0861/1129/files/270469KoolAidSharkleberry.jpg?v=1773273119,1,"",false,,,413,,,,,,,,,,,,,,,,,kg,,,active
kool-aid-blue-rasp-lemonade-355ml-x-12ct,Kool Aid Blue Rasp Lemonade 355ml x 12ct,,DutchRusk,"Food, Beverages & Tobacco > Beverages","","Drinks, New",true,Pack Size,Shipper,,,,,,,,270452_Shipper,0.0,shopify,0,deny,manual,35.95,,true,true,,,,,,https://cdn.shopify.com/s/files/1/0668/0861/1129/files/270452KoolAidBlueRaspLemonade.jpg?v=1773273088,1,"",false,,,413,,,,,,,,,,,,,,,,,kg,,,active
kool-aid-black-cherry-soda-355ml-x-12ct,Kool Aid Black Cherry Soda 355ml x 12ct,,DutchRusk,"Food, Beverages & Tobacco > Beverages","","Drinks, New",true,Pack Size,Shipper,,,,,,,,270445_Shipper,0.0,shopify,2,deny,manual,35.95,,true,true,,,,,,https://cdn.shopify.com/s/files/1/0668/0861/1129/files/270445KoolAidBlackCherry.jpg?v=1773273036,1,"",false,,,413,,,,,,,,,,,,,,,,,kg,,,active
empire-granny-mints-2kg,Empire Granny Mints 2kg,,DutchRusk,"Food, Beverages & Tobacco > Food Items > Candy & Chocolate","",2kg,true,Pack Size,Outer,,,,,,,,13_Outer,0.0,shopify,0,deny,manual,27.40,,true,true,,,,,,https://cdn.shopify.com/s/files/1/0668/0861/1129/files/13EmpireGrannyMints.jpg?v=1773195961,1,"",false,,,4748,,,,,,,,,,,,,,,,,kg,,,active
empire-granny-mints-2kg,,,,,,,,,Shipper (10 Outer),,,,,,,,13_Shipper,0.0,shopify,0,deny,manual,274.00,,true,true,,,,,,,,,,,,,,,,,,,,,,,,,,,,,kg,,,
takis-85g-fuego-x-20ct,Takis 85g Fuego x 20ct,,DutchRusk,"Food, Beverages & Tobacco > Food Items > Snack Foods > Chips","","Chips, New",true,Pack Size,Shipper,,,,,,,,515798_Shipper,0.0,shopify,3,deny,manual,71.95,,true,true,,,,,,https://cdn.shopify.com/s/files/1/0668/0861/1129/files/515798Takis85gFuego.jpg?v=1773188288,1,"",false,,,2392,,,,,,,,,,,,,,,,,kg,,,active
takis-85g-dragon-sweet-x-20ct,Takis 85g Dragon Sweet x 20ct,,DutchRusk,"Food, Beverages & Tobacco > Food Items > Snack Foods > Chips","","Chips, New",true,Pack Size,Shipper,,,,,,,,515797_Shipper,0.0,shopify,11,deny,manual,71.95,,true,true,,,,,,https://cdn.shopify.com/s/files/1/0668/0861/1129/files/515797Takis85DragonSweet.jpg?v=1773188246,1,"",false,,,2392,,,,,,,,,,,,,,,,,kg,,,active
takis-85g-intense-nacho-x-20ct,Takis 85g Intense Nacho x 20ct,,DutchRusk,"Food, Beverages & Tobacco > Food Items > Snack Foods > Chips","","Chips, New",true,Pack Size,Shipper,,,,,,,,515796_Shipper,0.0,shopify,15,deny,manual,71.95,,true,true,,,,,,https://cdn.shopify.com/s/files/1/0668/0861/1129/files/515796Takis85gIntenseNacho.jpg?v=1773188097,1,"",false,,,2392,,,,,,,,,,,,,,,,,kg,,,active
sweetarts-theatre-box-141g-x10ct,Sweetarts Theatre Box 141g x10ct,,DutchRusk,"Food, Beverages & Tobacco > Food Items > Candy & Chocolate","",New,true,Pack Size,Outer,,,,,,,,S0107_Outer,0.0,shopify,6,deny,manual,31.75,,true,true,,,,,,https://cdn.shopify.com/s/files/1/0668/0861/1129/files/S0107Sweetarts141g.jpg?v=1773188034,1,"",false,,,4748,,,,,,,,,,,,,,,,,kg,,,active
3d-gummy-candy-324g-x-12ct,3D Gummy Candy 324g x 12ct,,DutchRusk,"Food, Beverages & Tobacco > Food Items > Candy & Chocolate","",New,true,Pack Size,Outer,,,,,,,,IGD3DGC_Outer,0.0,shopify,63,deny,manual,7.50,,true,true,,,,,,https://cdn.shopify.com/s/files/1/0668/0861/1129/files/IGD3DGC3d-juicy-gummy-fruit-burst.jpg?v=1773872126,1,"",false,,,4748,,,,,,,,,,,,,,,,,kg,,,active
3d-gummy-candy-324g-x-12ct,,,,,,,,,Shipper (12 Outer),,,,,,,,IGD3DGC_Shipper,0.0,shopify,5,deny,manual,90.00,,true,true,,,,,,,,,,,,,,,,,,,,,,,,,,,,,kg,,,
extreme-z-watermelon-40g-x24ct,Extreme Z Watermelon 40g x24ct,,Extreme Z,"Food, Beverages & Tobacco > Food Items > Candy & Chocolate","",New,true,Pack Size,Outer,,,,,,,,GCEXWM_Outer,0.0,shopify,0,deny,manual,18.20,,true,true,,,,,,https://cdn.shopify.com/s/files/1/0668/0861/1129/files/GCEXWMExtremeZWatermelon.jpg?v=1773187717,1,"",false,,,4748,,,,,,,,,,,,,,,,,kg,,,active
extreme-z-watermelon-40g-x24ct,,,,,,,,,Shipper (8 Outer),,,,,,,,GCEXWM_Shipper,0.0,shopify,0,deny,manual,145.60,,true,true,,,,,,,,,,,,,,,,,,,,,,,,,,,,,kg,,,
florestal-assorted-mini-heart-lollipop-6g-x-200ct,Florestal Assorted Mini HEART Lollipop 6g x 200ct,,DutchRusk,"Food, Beverages & Tobacco > Food Items > Candy & Chocolate","",New,true,Pack Size,Outer,,,,,,,,FL135_Outer,0.0,shopify,9,deny,manual,11.95,,true,true,,,,,,https://cdn.shopify.com/s/files/1/0668/0861/1129/files/FL135FlorestalMiniHeartLollipop.jpg?v=1773187582,1,"",false,,,4748,,,,,,,,,,,,,,,,,kg,,,active
florestal-assorted-mini-heart-lollipop-6g-x-200ct,,,,,,,,,Shipper (10 Outer),,,,,,,,FL135_Shipper,0.0,shopify,0,deny,manual,119.50,,true,true,,,,,,,,,,,,,,,,,,,,,,,,,,,,,kg,,,
white-chocolate-drops-200g,White Chocolate Drops 200g,,DutchRusk,"Food, Beverages & Tobacco > Food Items > Candy & Chocolate","","New, Timezone F&B",true,Pack Size,Packet,,,,,,,,CHOCDROP_Packet,0.0,shopify,0,deny,manual,5.00,,true,true,,,,,,https://cdn.shopify.com/s/files/1/0668/0861/1129/files/CHOCDROPWhiteChocolateDrops.jpg?v=1773187414,1,"",false,,,4748,,,,,,,,,,,,,,,,,kg,,,active
qbs-crunch-cheese-40g,QBs Crunchy Cheese 40g,,DutchRusk,"Food, Beverages & Tobacco > Food Items > Snack Foods","","New, Snacks",true,Pack Size,Bag,,,,,,,,CHEESE02_Bag,0.0,shopify,0,deny,manual,5.13,,true,true,,,,,,https://cdn.shopify.com/s/files/1/0668/0861/1129/files/CHEESE02QB_SCHEESE40G.jpg?v=1773187147,1,"",false,,,423,,,,,,,,,,,,,,,,,kg,,,active
qbs-crunch-cheese-20g,QBs Crunchy Cheese 20g,,DutchRusk,"Food, Beverages & Tobacco > Food Items > Snack Foods","","New, Snacks",true,Pack Size,Bag,,,,,,,,CHEESE01_Bag,0.0,shopify,47,deny,manual,2.77,,true,true,,,,,,https://cdn.shopify.com/s/files/1/0668/0861/1129/files/CHEESE01QB_SCHEESE20G.jpg?v=1773187112,1,"",false,,,423,,,,,,,,,,,,,,,,,kg,,,active
c-h-raspberry-and-peach-drops-tin-175g-x10ct,C&H Raspberry And Peach Drops Tin 175g x10ct,,Cavendish & Harvey,"Food, Beverages & Tobacco > Food Items > Candy & Chocolate > Candy","",New,true,Pack Size,Outer,,,,,,,,CAHRPD_Outer,0.0,shopify,13,deny,manual,42.70,,true,true,,,,,,https://cdn.shopify.com/s/files/1/0668/0861/1129/files/CAHRPDC_HRaspberryPeach.jpg?v=1773187058,1,"",false,,,4748,,,,,,,,,,,,,,,,,kg,,,active
takis-dragon-sweet-chilli-68g-x-36ct,Takis 68g Dragon Sweet Chilli x 36ct,,DutchRusk,"Food, Beverages & Tobacco > Food Items > Snack Foods > Chips","","Chips, New",true,Pack Size,Shipper,,,,,,,,515803_Shipper,0.0,shopify,0,deny,manual,78.95,,true,true,,,,,,https://cdn.shopify.com/s/files/1/0668/0861/1129/files/515803TakiDragonSweetChilli.jpg?v=1773093908,1,"",false,,,2392,,,,,,,,,,,,,,,,,kg,,,active
life-savers-pink-lemonade-twister-205g-x-12,Life Savers Pink Lemonade Twister 205g x 12,,DutchRusk,"Food, Beverages & Tobacco > Food Items > Candy & Chocolate","","Licorice, New",true,Pack Size,Bag,,,,,,,,5141_Bag,0.0,shopify,0,deny,manual,3.70,,true,true,,,,,,https://cdn.shopify.com/s/files/1/0668/0861/1129/files/5141LifesaversPinkLemonadeTwister.png?v=1773189663,1,"",false,,,4748,,,,,,,,,,,,,,,,,kg,,,active
life-savers-pink-lemonade-twister-205g-x-12,,,,,,,,,Shipper (12 Bag),,,,,,,,5141_Shipper,0.0,shopify,0,deny,manual,44.40,,true,true,,,,,,,,,,,,,,,,,,,,,,,,,,,,,kg,,,
life-savers-twisters-strawberry-205g-x-12ct,Life Savers Twisters Strawberry 205g x 12ct,,DutchRusk,"Food, Beverages & Tobacco > Food Items > Candy & Chocolate","","Licorice, New",true,Pack Size,Bag,,,,,,,,5140_Bag,0.0,shopify,1,deny,manual,3.70,,true,true,,,,,,https://cdn.shopify.com/s/files/1/0668/0861/1129/files/5140LifesaversStrawberryTwister.jpg?v=1773189537,1,"",false,,,4748,,,,,,,,,,,,,,,,,kg,,,active
life-savers-twisters-strawberry-205g-x-12ct,,,,,,,,,Shipper (12 Bag),,,,,,,,5140_Shipper,0.0,shopify,0,deny,manual,44.40,,true,true,,,,,,,,,,,,,,,,,,,,,,,,,,,,,kg,,,
carousel-raspberry-bites-5kg,Carousel Raspberry Bites 5kg,,Carousel,Uncategorized,"","Licorice, New",true,Pack Size,Shipper,,,,,,,,3338_Shipper,0.0,shopify,4,deny,manual,67.70,,true,true,,,,,,https://cdn.shopify.com/s/files/1/0668/0861/1129/files/3338CarouselRaspBites25mm.jpg?v=1773189330,1,"",false,,,,,,,,,,,,,,,,,,,,kg,,,active
sweets-nz-chocolate-fudge-bar-50g-x-30ct,Sweets NZ Chocolate Fudge Bar 50g x 30ct,,DutchRusk,"Food, Beverages & Tobacco > Food Items > Candy & Chocolate","",New,true,Pack Size,Outer,,,,,,,,306_Outer,0.0,shopify,32,deny,manual,33.50,,true,true,,,,,,https://cdn.shopify.com/s/files/1/0668/0861/1129/files/306Sweets-NZ-Chocolate-Fudge-Bar-50g.jpg?v=1773189391,1,"",false,,,4748,,,,,,,,,,,,,,,,,kg,,,active
sweets-nz-chocolate-fudge-bar-50g-x-30ct,,,,,,,,,Shipper (2 Outer),,,,,,,,306_Shipper,0.0,shopify,16,deny,manual,67.00,,true,true,,,,,,,,,,,,,,,,,,,,,,,,,,,,,kg,,,
panadol-rapid-handipak-8s,Panadol Rapid Handipak 8s,,DutchRusk,Uncategorized,"","Health, New",true,Pack Size,Each,,,,,,,,1288640_Each,0.0,shopify,159,deny,manual,3.75,,true,true,,,,,,https://cdn.shopify.com/s/files/1/0668/0861/1129/files/1288640PanadolRapidHandipack10s.jpg?v=1773189465,1,"",false,,,,,,,,,,,,,,,,,,,,kg,,,active
panadol-rapid-handipak-8s,,,,,,,,,Outer (12 Each),,,,,,,,1288640_Outer,0.0,shopify,13,deny,manual,45.00,,true,true,,,,,,,,,,,,,,,,,,,,,,,,,,,,,kg,,,
panadol-rapid-handipak-8s,,,,,,,,,Shipper (144 Each),,,,,,,,1288640_Shipper,0.0,shopify,1,deny,manual,540.00,,true,true,,,,,,,,,,,,,,,,,,,,,,,,,,,,,kg,,,
panadol-optizorb-caplets-16s,Panadol Optizorb Caplets 16s,,DutchRusk,Uncategorized,"","Health, New",true,Pack Size,Each,,,,,,,,1263312_Each,0.0,shopify,173,deny,manual,5.45,,true,true,,,,,,https://cdn.shopify.com/s/files/1/0668/0861/1129/files/1263312PanadolOptizorbCaplets12s.jpg?v=1773189440,1,"",false,,,,,,,,,,,,,,,,,,,,kg,,,active
panadol-optizorb-caplets-16s,,,,,,,,,Outer (24 Each),,,,,,,,1263312_Outer,0.0,shopify,7,deny,manual,130.80,,true,true,,,,,,,,,,,,,,,,,,,,,,,,,,,,,kg,,,
panadol-optizorb-caplets-16s,,,,,,,,,Shipper (288 Each),,,,,,,,1263312_Shipper,0.0,shopify,0,deny,manual,1569.60,,true,true,,,,,,,,,,,,,,,,,,,,,,,,,,,,,kg,,,
nestle-kit-kat-4-finger-cookies-n-creme-kingsize-65g-x-24ct,Nestle Kit Kat 4 Finger Cookies n Creme Kingsize 65g x 24ct,,Nestle,"Food, Beverages & Tobacco > Food Items > Candy & Chocolate","","Nestle Share Bar Chocolates, New, Night n Day Misc",true,Pack Size,Outer,,,,,,,,12629833_Outer,0.0,shopify,0,deny,manual,66.00,,true,true,,,,,,https://cdn.shopify.com/s/files/1/0668/0861/1129/files/12629833KitKatCookiesnCreme12629833.jpg?v=1773189986,1,"",false,,,4748,,,,,,,,,,,,,,,,,kg,,,active
nestle-kit-kat-4-finger-cookies-n-creme-kingsize-65g-x-24ct,,,,,,,,,Shipper (6 Outer),,,,,,,,12629833_Shipper,0.0,shopify,0,deny,manual,396.00,,true,true,,,,,,,,,,,,,,,,,,,,,,,,,,,,,kg,,,
jack-links-mr-beast-beef-stick-25g-twin-pack,Jack Links Mr Beast Beef Stick 25g Twin Pack,,Jack Links,"Food, Beverages & Tobacco > Food Items > Snack Foods > Jerky","",New,true,Pack Size,Outer,,,,,,,,101331951_Outer,0.0,shopify,20,deny,manual,45.55,,true,true,,,,,,https://cdn.shopify.com/s/files/1/0668/0861/1129/files/101331951JackLinksMrBeastBeefStick.jpg?v=1773187009,1,"",false,,,3284,,,,,,,,,,,,,,,,,kg,,,active
jack-links-mr-beast-beef-stick-25g-twin-pack,,,,,,,,,Shipper (12 Outer),,,,,,,,101331951_Shipper,0.0,shopify,1,deny,manual,546.60,,true,true,,,,,,,,,,,,,,,,,,,,,,,,,,,,,kg,,,
jack-links-mr-beast-beef-jerky-45g,Jack Links Mr Beast Beef Jerky 45g,,Jack Links,"Food, Beverages & Tobacco > Food Items > Snack Foods > Jerky","",New,true,Pack Size,Outer,,,,,,,,101331950_Outer,0.0,shopify,18,deny,manual,48.89,,true,true,,,,,,https://cdn.shopify.com/s/files/1/0668/0861/1129/files/101331950JackLinksMrBeastBeefJerky.jpg?v=1773186950,1,"",false,,,3284,,,,,,,,,,,,,,,,,kg,,,active
jack-links-mr-beast-beef-jerky-45g,,,,,,,,,Shipper (12 Outer),,,,,,,,101331950_Shipper,0.0,shopify,1,deny,manual,586.68,,true,true,,,,,,,,,,,,,,,,,,,,,,,,,,,,,kg,,,
chupa-chups-faces-lollipops-x-35ct,Chupa Chups Faces Lollipops x 35ct,,Chupa Chups,"Food, Beverages & Tobacco > Food Items > Candy & Chocolate","",New,true,Pack Size,Bag,,,,,,,,10127967-1_Bag,0.0,shopify,31,deny,manual,3.66,,true,true,,,,,,https://cdn.shopify.com/s/files/1/0668/0861/1129/files/10127967-1ChupaChupsFaces.jpg?v=1773186895,1,"",false,,,4748,,,,,,,,,,,,,,,,,kg,,,active
chupa-chups-faces-lollipops-x-35ct,,,,,,,,,Outer (5 Bag),,,,,,,,10127967-1_Outer,0.0,shopify,6,deny,manual,18.30,,true,true,,,,,,,,,,,,,,,,,,,,,,,,,,,,,kg,,,
chupa-chups-faces-lollipops-x-35ct,,,,,,,,,Shipper (6 Bag),,,,,,,,10127967-1_Shipper,0.0,shopify,5,deny,manual,21.96,,true,true,,,,,,,,,,,,,,,,,,,,,,,,,,,,,kg,,,
rainbow-1kg-pineapple-chunks-x-180ct,Rainbow 1Kg Pineapple Chunks x 180ct,,Rainbow,"Food, Beverages & Tobacco > Food Items > Candy & Chocolate","","1kg, Bulk Gummies and Lollies, New, Night n Day Misc",true,Pack Size,Bag,,,,,,,,14002_Bag,0.0,shopify,64,deny,manual,12.50,,true,true,,,,,,https://cdn.shopify.com/s/files/1/0668/0861/1129/files/14002RainbowPineappleChunks1kg.jpg?v=1772761598,1,"",false,,,4748,,,,,,,,,,,,,,,,,kg,,,active
rainbow-1kg-pineapple-chunks-x-180ct,,,,,,,,,Shipper (8 Bag),,,,,,,,14002_Shipper,0.0,shopify,8,deny,manual,100.00,,true,true,,,,,,,,,,,,,,,,,,,,,,,,,,,,,kg,,,
rainbow-1kg-choco-hearts-x-225ct,Rainbow 1Kg Choco Hearts x 225ct,,Rainbow,"Food, Beverages & Tobacco > Food Items > Candy & Chocolate","","1kg, Bulk Gummies and Lollies, New, Night n Day Misc",true,Pack Size,Bag,,,,,,,,14001_Bag,0.0,shopify,56,deny,manual,12.50,,true,true,,,,,,https://cdn.shopify.com/s/files/1/0668/0861/1129/files/14001RainbowChocoHearts.jpg?v=1772761758,1,"",false,,,4748,,,,,,,,,,,,,,,,,kg,,,active
rainbow-1kg-choco-hearts-x-225ct,,,,,,,,,Shipper (8 Bag),,,,,,,,14001_Shipper,0.0,shopify,7,deny,manual,100.00,,true,true,,,,,,,,,,,,,,,,,,,,,,,,,,,,,kg,,,
oreo-128g-chocolate-x-20ct-1,Oreo 140g Chocolate x 20ct,,Cadbury,Uncategorized,"","hide-packet, New",true,Pack Size,Packet,,,,,,,,4324730_Packet,0.0,shopify,271,deny,manual,1.40,,true,true,,,,,,https://cdn.shopify.com/s/files/1/0668/0861/1129/files/4324730OreoChocolate128g_00d006e2-2ce4-4415-9a1a-5ee5ca183e7c.jpg?v=1772761836,1,"",false,,,,,,,,,,,,,,,,,,,,kg,,,active
oreo-128g-chocolate-x-20ct-1,,,,,,,,,Shipper (20 Packet),,,,,,,,4324730_Shipper,0.0,shopify,13,deny,manual,28.00,,true,true,,,,,,,,,,,,,,,,,,,,,,,,,,,,,kg,,,
oreo-128g-original-x-20ct-1,Oreo 128g Original Double Stuff x 20ct,,Cadbury,Uncategorized,"","hide-packet, New",true,Pack Size,Packet,,,,,,,,4324729_Packet,0.0,shopify,161,deny,manual,1.40,,true,true,,,,,,https://cdn.shopify.com/s/files/1/0668/0861/1129/files/4324729Oreo128goriginalDoubleStuff.jpg?v=1772761918,1,"",false,,,,,,,,,,,,,,,,,,,,kg,,,active
oreo-128g-original-x-20ct-1,,,,,,,,,Shipper (20 Packet),,,,,,,,4324729_Shipper,0.0,shopify,8,deny,manual,28.00,,true,true,,,,,,,,,,,,,,,,,,,,,,,,,,,,,kg,,,
balloons-assorted-x-12ct,Balloons - Assorted x 12ct,,DutchRusk,Uncategorized,"","Miscellaneous, New",true,Pack Size,Packet,,,,,,,,TPB8682_Packet,0.0,shopify,180,deny,manual,2.20,,true,true,,,,,,https://cdn.shopify.com/s/files/1/0668/0861/1129/files/TPB8682Balloons_1c671b71-43b0-40a8-ab6a-82b0c5d9d054.jpg?v=1771805298,1,"",false,,,,,,,,,,,,,,,,,,,,kg,,,active
cadbury-sharepack-flake-12-bags-per-box-12-bars-per-bag,Cadbury Sharepack Flake - 12 bags per box - 12 bars per bag,,Cadbury,Uncategorized,"","New, Sharepacks",true,Pack Size,Shipper,,,,,,,,649987_Shipper,0.0,shopify,6,deny,manual,66.10,,true,true,,,,,,https://cdn.shopify.com/s/files/1/0668/0861/1129/files/649987SHAREPACKFlakeSharepack_9dcf3dfc-abc1-46a7-9c27-46904ac23fe7.jpg?v=1771888893,1,"",false,,,,,,,,,,,,,,,,,,,,kg,,,active
cadbury-sharepack-buzz-bar-12-bags-per-box-12-bars-per-bag,Cadbury Sharepack Buzz Bar - 12 bags per box - 12 bars per bag,,Cadbury,Uncategorized,"","New, Sharepacks",true,Pack Size,Shipper,,,,,,,,4274566_Shipper,0.0,shopify,25,deny,manual,66.10,,true,true,,,,,,https://cdn.shopify.com/s/files/1/0668/0861/1129/files/4274566BuzzBarSharepack.jpg?v=1771888880,1,"",false,,,,,,,,,,,,,,,,,,,,kg,,,active
chupa-chups-faces-lollipops-210g-x-5ct,Chupa Chups Faces Lollipops 210g x 35ct,,DutchRusk,Uncategorized,"","Lollipops, New, Novelty",true,Pack Size,Outer,,,,,,,,101267967_Outer,0.0,shopify,0,deny,manual,18.30,,true,true,,,,,,https://cdn.shopify.com/s/files/1/0668/0861/1129/files/101267967ChupaChupsFaces.jpg?v=1771196826,1,"",false,,,,,,,,,,,,,,,,,,,,kg,,,active
chupa-chups-faces-lollipops-210g-x-5ct,,,,,,,,,Shipper (6 Outer),,,,,,,,101267967_Shipper,0.0,shopify,0,deny,manual,109.80,,true,true,,,,,,,,,,,,,,,,,,,,,,,,,,,,,kg,,,
warheads-extreme-sour-hard-candy-56g-x-12ct,Warheads Extreme Sour Hard Candy 56g x 12ct,,DutchRusk,"Food, Beverages & Tobacco > Food Items > Candy & Chocolate","","hide-shipper, New, Novelty",true,Pack Size,Outer,,,,,,,,WAR125_Outer,0.0,shopify,15,deny,manual,27.90,,true,true,,,,,,https://cdn.shopify.com/s/files/1/0668/0861/1129/files/WAR125WarheadHardCandy56g.jpg?v=1770947345,1,"",false,,,4748,,,,,,,,,,,,,,,,,kg,,,active
warheads-extreme-sour-hard-candy-56g-x-12ct,,,,,,,,,Shipper (15 Outer),,,,,,,,WAR125_Shipper,0.0,shopify,1,deny,manual,418.50,,true,true,,,,,,,,,,,,,,,,,,,,,,,,,,,,,kg,,,
tradie-sports-you-beaut-burst-500ml-x-12ct,Tradie Sports You Beaut Burst 500ml x 12ct,,DutchRusk,"Food, Beverages & Tobacco > Beverages","","Drinks, New",true,Pack Size,Shipper,,,,,,,,T0910_Shipper,0.0,shopify,34,deny,manual,36.55,,true,true,,,,,,https://cdn.shopify.com/s/files/1/0668/0861/1129/files/T0910TradieSportsYouBeaut.jpg?v=1770947300,1,"",false,,,413,,,,,,,,,,,,,,,,,kg,,,active
tradie-sports-bricky-berry-500ml-x-12ct,Tradie Sports Bricky Berry 500ml x 12ct,,DutchRusk,"Food, Beverages & Tobacco > Beverages","","Drinks, New",true,Pack Size,Shipper,,,,,,,,T0908_Shipper,0.0,shopify,37,deny,manual,36.55,,true,true,,,,,,https://cdn.shopify.com/s/files/1/0668/0861/1129/files/T0908TradieSportsBrickyBerry.jpg?v=1770947261,1,"",false,,,413,,,,,,,,,,,,,,,,,kg,,,active
tradie-energy-strawberries-n-cream-500ml-x-12ct,Tradie Energy Strawberries n Cream 500ml x 12ct,,DutchRusk,"Food, Beverages & Tobacco > Beverages","","Drinks, New",true,Pack Size,Shipper,,,,,,,,T0906_Shipper,0.0,shopify,20,deny,manual,34.30,,true,true,,,,,,https://cdn.shopify.com/s/files/1/0668/0861/1129/files/T0906TradieStrawberriesCream.jpg?v=1770947238,1,"",false,,,413,,,,,,,,,,,,,,,,,kg,,,active
tradie-energy-gday-grape-500ml-x-12ct,Tradie Energy Gday Grape 500ml x 12ct,,DutchRusk,Uncategorized,"","Drinks, New",true,Pack Size,Shipper,,,,,,,,T0905_Shipper,0.0,shopify,34,deny,manual,34.30,,true,true,,,,,,https://cdn.shopify.com/s/files/1/0668/0861/1129/files/T0905TradieGrape.jpg?v=1770947219,1,"",false,,,,,,,,,,,,,,,,,,,,kg,,,active
tradie-energy-blue-raspberry-500ml-x-12ct,Tradie Energy Blue Raspberry 500ml x 12ct,,DutchRusk,"Food, Beverages & Tobacco > Beverages","","Drinks, New",true,Pack Size,Shipper,,,,,,,,T0904_Shipper,0.0,shopify,33,deny,manual,34.30,,true,true,,,,,,https://cdn.shopify.com/s/files/1/0668/0861/1129/files/T0904TradieBlueRasp.jpg?v=1770947185,1,"",false,,,413,,,,,,,,,,,,,,,,,kg,,,active
nippys-500ml-honeycomb-bottle-x-12ct,Nippys 500ml Honeycomb BOTTLE x 12ct,,DutchRusk,"Food, Beverages & Tobacco > Beverages","","Drinks, New",true,Pack Size,Shipper,,,,,,,,PET0500HC_Shipper,0.0,shopify,0,deny,manual,44.00,,true,true,,,,,,https://cdn.shopify.com/s/files/1/0668/0861/1129/files/PET0500HCIced-Honeycomb-Bottle-500ml1.jpg?v=1770947127,1,"",false,,,413,,,,,,,,,,,,,,,,,kg,,,active
muddy-bears-88g-x-12ct,Muddy Bears 88g x 12ct,,DutchRusk,"Food, Beverages & Tobacco > Food Items > Candy & Chocolate","","hide-shipper, New",true,Pack Size,Outer,,,,,,,,00123_Outer,0.0,shopify,6,deny,manual,41.95,,true,true,,,,,,https://cdn.shopify.com/s/files/1/0668/0861/1129/files/00123MuddyBears88g.jpg?v=1770947096,1,"",false,,,4748,,,,,,,,,,,,,,,,,kg,,,active
mentos-roll-discovery-37-5g-x-40ct,Mentos Roll Discovery 37.5g x 40ct,,DutchRusk,"Food, Beverages & Tobacco > Food Items > Candy & Chocolate","","hide-shipper, New, Night n Day Misc",true,Pack Size,Outer,,,,,,,,101322282_Outer,0.0,shopify,35,deny,manual,47.33,,true,true,,,,,,https://cdn.shopify.com/s/files/1/0668/0861/1129/files/101322282MentosDiscovery.jpg?v=1770945515,1,"",false,,,4748,,,,,,,,,,,,,,,,,kg,,,active
mentos-roll-discovery-37-5g-x-40ct,,,,,,,,,Shipper (8 Outer),,,,,,,,101322282_Shipper,0.0,shopify,4,deny,manual,378.64,,true,true,,,,,,,,,,,,,,,,,,,,,,,,,,,,,kg,,,
50g-bounty-x-24ct,50g Bounty x 24ct,,Mars,Uncategorized,"","hide-shipper, Mars Single Bars, New",true,Pack Size,Outer,,,,,,,,602926_Outer,0.0,shopify,98,deny,manual,37.60,,true,true,,,,,,https://cdn.shopify.com/s/files/1/0668/0861/1129/files/602926Bounty50g.jpg?v=1770946293,1,"",false,,,,,,,,,,,,,,,,,,,,kg,,,active
50g-bounty-x-24ct,,,,,,,,,Shipper (8 Outer),,,,,,,,602926_Shipper,0.0,shopify,12,deny,manual,300.80,,true,true,,,,,,,,,,,,,,,,,,,,,,,,,,,,,kg,,,
tongue-painter-blue-lollipop-x-40ct,Tongue Painter Blue Lollipop x 40ct,,DutchRusk,"Food, Beverages & Tobacco > Food Items > Candy & Chocolate","","Lollipops, New, Novelty, show-shipper",true,Pack Size,Bag,,,,,,,,IVTPB_Bag,0.0,shopify,37,deny,manual,7.34,,true,true,,,,,,https://cdn.shopify.com/s/files/1/0668/0861/1129/files/IVTPBTonguePainterLollipop.jpg?v=1770946392,1,"",false,,,4748,,,,,,,,,,,,,,,,,kg,,,active
tongue-painter-blue-lollipop-x-40ct,,,,,,,,,Shipper (8 Bag),,,,,,,,IVTPB_Shipper,0.0,shopify,4,deny,manual,58.72,,true,true,,,,,,,,,,,,,,,,,,,,,,,,,,,,,kg,,,
warheads-sour-grape-355ml-x-12ct,Warheads Sour Grape 355ml x 12ct,,DutchRusk,Uncategorized,"","Drinks, New",true,Pack Size,Tray,,,,,,,,WARH248881_Tray,0.0,shopify,0,deny,manual,35.30,,true,true,,,,,,https://cdn.shopify.com/s/files/1/0668/0861/1129/files/WARH248881WarheadsGrape.jpg?v=1770946476,1,"",false,,,,,,,,,,,,,,,,,,,,kg,,,active
warheads-blue-raspberry-355ml-x-12ct,Warheads Blue Raspberry 355ml x 12ct,,DutchRusk,Uncategorized,"","Drinks, New",true,Pack Size,Tray,,,,,,,,WARH248126_Tray,0.0,shopify,1,deny,manual,35.30,,true,true,,,,,,https://cdn.shopify.com/s/files/1/0668/0861/1129/files/WARH248126WarheadsBlueRaspberry.jpg?v=1770946585,1,"",false,,,,,,,,,,,,,,,,,,,,kg,,,active
warheads-sour-watermelon-355ml-x-12ct,Warheads Sour Watermelon 355ml x 12ct,,DutchRusk,Uncategorized,"","Drinks, New",true,Pack Size,Tray,,,,,,,,WARH248119_Tray,0.0,shopify,4,deny,manual,35.30,,true,true,,,,,,https://cdn.shopify.com/s/files/1/0668/0861/1129/files/WARH248119WarheadsSourWatermelon.jpg?v=1770946617,1,"",false,,,,,,,,,,,,,,,,,,,,kg,,,active
warheads-sour-green-apple-355ml-x-12ct,Warheads Sour Green Apple 355ml x 12ct,,DutchRusk,Uncategorized,"","Drinks, New",true,Pack Size,Tray,,,,,,,,WARH248102_Tray,0.0,shopify,1,deny,manual,35.30,,true,true,,,,,,https://cdn.shopify.com/s/files/1/0668/0861/1129/files/WARH248102WarheadsSourGreenApple.jpg?v=1770946665,1,"",false,,,,,,,,,,,,,,,,,,,,kg,,,active
takis-fuego-68g-x-36ct,Takis 68g Fuego x 36ct,,DutchRusk,Uncategorized,"","Chips, New, Snacks",true,Pack Size,Shipper,,,,,,,,515811_Shipper,0.0,shopify,13,deny,manual,78.95,,true,true,,,,,,https://cdn.shopify.com/s/files/1/0668/0861/1129/files/515811TakisFuego_54d21403-e11c-4a3c-ba00-9159d0019bbb.jpg?v=1770946739,1,"",false,,,,,,,,,,,,,,,,,,,,kg,,,active
takis-intense-nacho-68g-x-36ct,Takis 68g Intense Nacho x 36ct,,DutchRusk,"Food, Beverages & Tobacco > Food Items > Snack Foods > Chips","","Chips, New, Snacks",true,Pack Size,Shipper,,,,,,,,515802_Shipper,0.0,shopify,0,deny,manual,78.95,,true,true,,,,,,https://cdn.shopify.com/s/files/1/0668/0861/1129/files/515802TakisIntenseNacho.jpg?v=1770946786,1,"",false,,,2392,,,,,,,,,,,,,,,,,kg,,,active
pringles-118g-peri-peri-x-12ct,Pringles 118g Peri Peri x 12ct,,Pringles,"Food, Beverages & Tobacco > Food Items > Snack Foods > Chips","","Chips, New, Snacks",true,Pack Size,Shipper,,,,,,,,8646712944_Shipper,0.0,shopify,39,deny,manual,44.45,,true,true,,,,,,https://cdn.shopify.com/s/files/1/0668/0861/1129/files/8646712944PringlesPeriPeri.jpg?v=1770946938,1,"",false,,,2392,,,,,,,,,,,,,,,,,kg,,,active
bic-lighters-printed-love-x-50ct,Bic Lighters Printed  - Love x 50ct,,Bic,Hardware > Tools > Lighters & Matches > Gas Lighters,"","Lighters, New",true,Pack Size,Outer,,,,,,,,B0173_Outer,0.0,shopify,50,deny,manual,80.00,,true,true,,,,,,https://cdn.shopify.com/s/files/1/0668/0861/1129/files/B0173BicLightersInclusiveLove.jpg?v=1769122942,1,"",false,,,503774,,,,,,,,,,,,,,,,,kg,,,active
bic-lighters-printed-love-x-50ct,,,,,,,,,Shipper (12 Outer),,,,,,,,B0173_Shipper,0.0,shopify,4,deny,manual,960.00,,true,true,,,,,,,,,,,,,,,,,,,,,,,,,,,,,kg,,,
bic-lighters-printed-sun-and-moon-x-50ct,Bic Lighters Printed  - Sun And Moon x 50ct,,Bic,Hardware > Tools > Lighters & Matches > Gas Lighters,"","Lighters, New",true,Pack Size,Outer,,,,,,,,B0172_Outer,0.0,shopify,31,deny,manual,80.00,,true,true,,,,,,https://cdn.shopify.com/s/files/1/0668/0861/1129/files/B0172BicLightersSunandMoon.jpg?v=1769122970,1,"",false,,,503774,,,,,,,,,,,,,,,,,kg,,,active
bic-lighters-printed-sun-and-moon-x-50ct,,,,,,,,,Shipper (12 Outer),,,,,,,,B0172_Shipper,0.0,shopify,2,deny,manual,960.00,,true,true,,,,,,,,,,,,,,,,,,,,,,,,,,,,,kg,,,
bic-lighters-printed-mask-x-50ct,Bic Lighters Printed  - Mask x 50ct,,Bic,Hardware > Tools > Lighters & Matches > Gas Lighters,"","Lighters, New",true,Pack Size,Outer,,,,,,,,B00170_Outer,0.0,shopify,5,deny,manual,80.00,,true,true,,,,,,https://cdn.shopify.com/s/files/1/0668/0861/1129/files/B00170BicLighterMask.jpg?v=1769123067,1,"",false,,,503774,,,,,,,,,,,,,,,,,kg,,,active
bic-lighters-printed-mask-x-50ct,,,,,,,,,Shipper (12 Outer),,,,,,,,B00170_Shipper,0.0,shopify,0,deny,manual,960.00,,true,true,,,,,,,,,,,,,,,,,,,,,,,,,,,,,kg,,,
bounty-trio-75g-x-21ct,Bounty Trio Kingsize 75g x 21ct,,Mars,"Food, Beverages & Tobacco > Food Items > Candy & Chocolate","","hide-shipper, Mars, Mars Share Bar Chocolates, New, Night n Day Misc",true,Pack Size,Outer,,,,,,,,602925_Outer,0.0,shopify,61,deny,manual,59.05,,true,true,,,,,,https://cdn.shopify.com/s/files/1/0668/0861/1129/files/602925Bounty75g.jpg?v=1769123092,1,"",false,,,4748,,,,,,,,,,,,,,,,,kg,,,active
bounty-trio-75g-x-21ct,,,,,,,,,Shipper (8 Outer),,,,,,,,602925_Shipper,0.0,shopify,7,deny,manual,472.40,,true,true,,,,,,,,,,,,,,,,,,,,,,,,,,,,,kg,,,
sweet-kiss-assorted-hard-candy-500g-x-125ct,Sweet Kiss Assorted Hard Candy 500g x 125ct,,DutchRusk,"Food, Beverages & Tobacco > Food Items > Candy & Chocolate","","Bulk Gummies and Lollies, hide-shipper, New",true,Pack Size,Bag,,,,,,,,3706_Bag,0.0,shopify,144,deny,manual,4.10,,true,true,,,,,,https://cdn.shopify.com/s/files/1/0668/0861/1129/files/3706SweetKiss500g_47fef1ad-3dee-4b9c-ba94-4d6a0ccc2c3b.jpg?v=1769123749,1,"",false,,,4748,,,,,,,,,,,,,,,,,kg,,,active
sweet-kiss-assorted-hard-candy-500g-x-125ct,,,,,,,,,Shipper (36 Bag),,,,,,,,3706_Shipper,0.0,shopify,4,deny,manual,147.60,,true,true,,,,,,,,,,,,,,,,,,,,,,,,,,,,,kg,,,
cadbury-twin-pack-biscoff-kingsize-70g-x-42ct,Cadbury Twin pack Biscoff Kingsize 70g x 42ct,,Cadbury,"Food, Beverages & Tobacco > Food Items > Candy & Chocolate","","Cadbury Share Bar Chocolates, hide-shipper, New, Night n Day Misc",true,Pack Size,Outer,,,,,,,,4326035_Outer,0.0,shopify,0,deny,manual,102.48,,true,true,,,,,,https://cdn.shopify.com/s/files/1/0668/0861/1129/files/4326035CDMBiscoffTwinBar70G-Front.jpg?v=1769041771,1,"",false,,,4748,,,,,,,,,,,,,,,,,kg,,,active
cadbury-twin-pack-biscoff-kingsize-70g-x-42ct,,,,,,,,,Shipper (4 Outer),,,,,,,,4326035_Shipper,0.0,shopify,0,deny,manual,409.92,,true,true,,,,,,,,,,,,,,,,,,,,,,,,,,,,,kg,,,
monster-vr46-the-doctor-500ml-x-4ct,Monster VR46 The Doctor 500ml x 4ct,,DutchRusk,"Food, Beverages & Tobacco > Beverages","","Drinks, Monster, New",true,Pack Size,Each,,,,,,,,M0196_Each,0.0,shopify,262,deny,manual,11.56,,true,true,,,,,,https://cdn.shopify.com/s/files/1/0668/0861/1129/files/M0196MonsterVR46.jpg?v=1768872846,1,"",false,,,413,,,,,,,,,,,,,,,,,kg,,,active
monster-vr46-the-doctor-500ml-x-4ct,,,,,,,,,Shipper (6 Each),,,,,,,,M0196_Shipper,0.0,shopify,43,deny,manual,69.36,,true,true,,,,,,,,,,,,,,,,,,,,,,,,,,,,,kg,,,
monster-energy-500ml-x-4ct,Monster Energy 500ml x 4ct,,DutchRusk,"Food, Beverages & Tobacco > Beverages","","Drinks, Monster, New",true,Pack Size,Each,,,,,,,,M0195_Each,0.0,shopify,472,deny,manual,11.56,,true,true,,,,,,https://cdn.shopify.com/s/files/1/0668/0861/1129/files/M0195MonsterEnergy_5c02f2ee-1391-4e92-a231-8e38b1d283de.jpg?v=1768872825,1,"",false,,,413,,,,,,,,,,,,,,,,,kg,,,active
monster-energy-500ml-x-4ct,,,,,,,,,Shipper (6 Each),,,,,,,,M0195_Shipper,0.0,shopify,78,deny,manual,69.36,,true,true,,,,,,,,,,,,,,,,,,,,,,,,,,,,,kg,,,
monster-pacific-punch-500ml-x-4ct,Monster Pacific Punch 500ml x 4ct,,DutchRusk,"Food, Beverages & Tobacco > Beverages","","Drinks, Monster, New",true,Pack Size,Each,,,,,,,,M0194_Each,0.0,shopify,193,deny,manual,11.56,,true,true,,,,,,https://cdn.shopify.com/s/files/1/0668/0861/1129/files/M0194MonsterPacificPunch.jpg?v=1768872787,1,"",false,,,413,,,,,,,,,,,,,,,,,kg,,,active
monster-pacific-punch-500ml-x-4ct,,,,,,,,,Shipper (6 Each),,,,,,,,M0194_Shipper,0.0,shopify,32,deny,manual,69.36,,true,true,,,,,,,,,,,,,,,,,,,,,,,,,,,,,kg,,,
monster-rio-punch-500ml-x-4ct,Monster Rio Punch 500ml x 4ct,,DutchRusk,"Food, Beverages & Tobacco > Beverages","","Drinks, Monster, New",true,Pack Size,Each,,,,,,,,M0193_Each,0.0,shopify,411,deny,manual,11.56,,true,true,,,,,,https://cdn.shopify.com/s/files/1/0668/0861/1129/files/M0193MonsterRioPunch.jpg?v=1768872765,1,"",false,,,413,,,,,,,,,,,,,,,,,kg,,,active
monster-rio-punch-500ml-x-4ct,,,,,,,,,Shipper (6 Each),,,,,,,,M0193_Shipper,0.0,shopify,68,deny,manual,69.36,,true,true,,,,,,,,,,,,,,,,,,,,,,,,,,,,,kg,,,
64g-mars-salted-caramel-2-pak-x-25ct,64g Mars Salted Caramel 2 Pak Kingsize  x 25ct,,Mars,"Food, Beverages & Tobacco > Food Items > Candy & Chocolate","","hide-shipper, Mars, New, Night n Day Misc",true,Pack Size,Outer,,,,,,,,609367_Outer,0.0,shopify,0,deny,manual,70.30,,true,true,,,,,,https://cdn.shopify.com/s/files/1/0668/0861/1129/files/609367MarsSaltedCaramel64g.jpg?v=1769023333,1,"",false,,,4748,,,,,,,,,,,,,,,,,kg,,,active
64g-mars-salted-caramel-2-pak-x-25ct,,,,,,,,,Shipper (4 Outer),,,,,,,,609367_Shipper,0.0,shopify,0,deny,manual,281.20,,true,true,,,,,,,,,,,,,,,,,,,,,,,,,,,,,kg,,,
47g-mars-salted-caramel-x-25ct,47g Mars Salted Caramel x 25ct,,Mars,"Food, Beverages & Tobacco > Food Items > Candy & Chocolate","","hide-shipper, Mars, Mars Single Bars, New, Night n Day Misc",true,Pack Size,Outer,,,,,,,,609364_Outer,0.0,shopify,0,deny,manual,39.10,,true,true,,,,,,https://cdn.shopify.com/s/files/1/0668/0861/1129/files/609364MarsSaltedCaramel47g.jpg?v=1769023384,1,"",false,,,4748,,,,,,,,,,,,,,,,,kg,,,active
47g-mars-salted-caramel-x-25ct,,,,,,,,,Shipper (8 Outer),,,,,,,,609364_Shipper,0.0,shopify,0,deny,manual,312.80,,true,true,,,,,,,,,,,,,,,,,,,,,,,,,,,,,kg,,,
monster-ultra-peachy-keen-500ml-x-4ct,Monster Ultra Peachy Keen 500ml x 4ct,,DutchRusk,"Food, Beverages & Tobacco > Beverages","","Drinks, Monster, New",true,Pack Size,Each,,,,,,,,M0191_Each,0.0,shopify,471,deny,manual,11.56,,true,true,,,,,,https://cdn.shopify.com/s/files/1/0668/0861/1129/files/M0191MonsterPeachyKeen500ml.jpg?v=1768863786,1,"",false,,,413,,,,,,,,,,,,,,,,,kg,,,active
monster-ultra-peachy-keen-500ml-x-4ct,,,,,,,,,Shipper (6 Each),,,,,,,,M0191_Shipper,0.0,shopify,78,deny,manual,69.36,,true,true,,,,,,,,,,,,,,,,,,,,,,,,,,,,,kg,,,
gold-coins-1kg-x-125ct,Gold Coins 1kg x 125ct,,DutchRusk,"Food, Beverages & Tobacco > Food Items > Candy & Chocolate","","1kg, Bulk Gummies and Lollies, New, Novelty",true,Pack Size,Outer,,,,,,,,BGC2_Outer,0.0,shopify,0,deny,manual,40.12,,true,true,,,,,,https://cdn.shopify.com/s/files/1/0668/0861/1129/files/BGC2GoldCoins.jpg?v=1768873290,1,"",false,,,4748,,,,,,,,,,,,,,,,,kg,,,active
gold-coins-1kg-x-125ct,,,,,,,,,Shipper (6 Outer),,,,,,,,BGC2_Shipper,0.0,shopify,0,deny,manual,240.72,,true,true,,,,,,,,,,,,,,,,,,,,,,,,,,,,,kg,,,
pez-squishmallow-x-6ct,PEZ Squishmallow x 6ct,,PEZ,"Food, Beverages & Tobacco > Food Items > Candy & Chocolate","","hide-shipper, New, Novelty",true,Pack Size,Outer,,,,,,,,PEZSQM_Outer,0.0,shopify,5,deny,manual,21.85,,true,true,,,,,,https://cdn.shopify.com/s/files/1/0668/0861/1129/files/PEZSQMPEZ_Squishmallows_Dispenser_schraeg_Standard_RGB.jpg?v=1768514574,1,"",false,,,4748,,,,,,,,,,,,,,,,,kg,,,active
pez-squishmallow-x-6ct,,,,,,,,,Shipper (6 Outer),,,,,,,,PEZSQM_Shipper,0.0,shopify,0,deny,manual,131.10,,true,true,,,,,,,,,,,,,,,,,,,,,,,,,,,,,kg,,,
pez-pokemon-x-6ct,PEZ Pokemon x 6ct,,PEZ,"Food, Beverages & Tobacco > Food Items > Candy & Chocolate","","hide-shipper, New, Novelty",true,Pack Size,Outer,,,,,,,,PEZPKM_Outer,0.0,shopify,12,deny,manual,21.85,,true,true,,,,,,https://cdn.shopify.com/s/files/1/0668/0861/1129/files/PEZPKMPEZ_POKEMON_2025_Dispenser_schraeg_Standard_CMYK_240918.jpg?v=1768514554,1,"",false,,,4748,,,,,,,,,,,,,,,,,kg,,,active
pez-pokemon-x-6ct,,,,,,,,,Shipper (6 Outer),,,,,,,,PEZPKM_Shipper,0.0,shopify,2,deny,manual,131.10,,true,true,,,,,,,,,,,,,,,,,,,,,,,,,,,,,kg,,,
cowboy-squeeze-candy-40g-x-12ct,Cowboy Squeeze Candy 40g x 12ct,,DutchRusk,"Food, Beverages & Tobacco > Food Items > Candy & Chocolate","","hide-shipper, New, Novelty",true,Pack Size,Outer,,,,,,,,SELLER8_Outer,0.0,shopify,35,deny,manual,14.60,,true,true,,,,,,https://cdn.shopify.com/s/files/1/0668/0861/1129/files/SELLER8CowboySqueeze.jpg?v=1768427530,1,"",false,,,4748,,,,,,,,,,,,,,,,,kg,,,active
cowboy-squeeze-candy-40g-x-12ct,,,,,,,,,Shipper (12 Outer),,,,,,,,SELLER8_Shipper,0.0,shopify,2,deny,manual,175.20,,true,true,,,,,,,,,,,,,,,,,,,,,,,,,,,,,kg,,,
mr-hamburger-pop-puzzle-40g-x-12ct,Mr Hamburger Pop Puzzle 40g x 12ct,,DutchRusk,"Food, Beverages & Tobacco > Food Items > Candy & Chocolate","","hide-shipper, New, Novelty",true,Pack Size,Outer,,,,,,,,SELLER7_Outer,0.0,shopify,6,deny,manual,19.00,,true,true,,,,,,https://cdn.shopify.com/s/files/1/0668/0861/1129/files/SELLER7MrHamburger.jpg?v=1768427503,1,"",false,,,4748,,,,,,,,,,,,,,,,,kg,,,active
mr-hamburger-pop-puzzle-40g-x-12ct,,,,,,,,,Shipper (8 Outer),,,,,,,,SELLER7_Shipper,0.0,shopify,0,deny,manual,152.00,,true,true,,,,,,,,,,,,,,,,,,,,,,,,,,,,,kg,,,
h2-coconut-mango-water-500ml-x-12ct,H2 Coconut Mango Water 500ml x 12ct,,H2 Coco,"Food, Beverages & Tobacco > Beverages","","Drinks, New",true,Pack Size,Shipper,,,,,,,,C423_Shipper,0.0,shopify,79,deny,manual,29.00,,true,true,,,,,,https://cdn.shopify.com/s/files/1/0668/0861/1129/files/C423H2MangoCoconutWater.jpg?v=1768254768,1,"",false,,,413,,,,,,,,,,,,,,,,,kg,,,active
lolly-lab-130g-fruit-jubes-x-24ct,Lolly Lab 130g Fruit Jubes x 24ct,,DutchRusk,"Food, Beverages & Tobacco > Food Items > Candy & Chocolate","","Family Bags, New",true,Pack Size,Shipper,,,,,,,,A1220_Shipper,0.0,shopify,0,deny,manual,32.40,,true,true,,,,,,https://cdn.shopify.com/s/files/1/0668/0861/1129/files/A1220LollyLab130gFruitJubes.jpg?v=1768181307,1,"",false,,,4748,,,,,,,,,,,,,,,,,kg,,,active
lolly-lab-130g-sneaky-snakes-x-24ct,Lolly Lab 130g Sneaky Snakes x 24ct,,DutchRusk,"Food, Beverages & Tobacco > Food Items > Candy & Chocolate","","Family Bags, New",true,Pack Size,Shipper,,,,,,,,A1219_Shipper,0.0,shopify,0,deny,manual,32.40,,true,true,,,,,,https://cdn.shopify.com/s/files/1/0668/0861/1129/files/A1219LollyLab130gSnakes.jpg?v=1768181289,1,"",false,,,4748,,,,,,,,,,,,,,,,,kg,,,active
lolly-lab-130g-gummy-bears-x-24ct,Lolly Lab 130g Gummy Bears x 24ct,,DutchRusk,"Food, Beverages & Tobacco > Food Items > Candy & Chocolate","","Family Bags, New",true,Pack Size,Shipper,,,,,,,,A1218_Shipper,0.0,shopify,0,deny,manual,32.40,,true,true,,,,,,https://cdn.shopify.com/s/files/1/0668/0861/1129/files/A1218LollyLab130gGummyBears.jpg?v=1768181253,1,"",false,,,4748,,,,,,,,,,,,,,,,,kg,,,active
lolly-lab-130g-sour-mix-x-24ct,Lolly Lab 130g Sour Mix x 24ct,,DutchRusk,"Food, Beverages & Tobacco > Food Items > Candy & Chocolate","","Family Bags, New",true,Pack Size,Shipper,,,,,,,,A1217_Shipper,0.0,shopify,5,deny,manual,32.40,,true,true,,,,,,https://cdn.shopify.com/s/files/1/0668/0861/1129/files/A1217LollyLab130gsourmix_4a9dcc92-b9ed-40df-b5df-cd7041a4c881.jpg?v=1768181272,1,"",false,,,4748,,,,,,,,,,,,,,,,,kg,,,active
lolly-lab-130g-party-mix-x-24ct,Lolly Lab 130g Party Mix x 24ct,,DutchRusk,"Food, Beverages & Tobacco > Food Items > Candy & Chocolate","","Family Bags, New",true,Pack Size,Shipper,,,,,,,,A1216_Shipper,0.0,shopify,10,deny,manual,32.40,,true,true,,,,,,https://cdn.shopify.com/s/files/1/0668/0861/1129/files/A1216LollyLab130gPartyMix.jpg?v=1768181161,1,"",false,,,4748,,,,,,,,,,,,,,,,,kg,,,active
dragon-2kg-sour-fruit-jubes,Dragon 2kg Sour Fruit Jubes,,Dragon,"Food, Beverages & Tobacco > Food Items > Candy & Chocolate","","2kg, Dragon 2KG, hide-shipper, New",true,Pack Size,Bag,,,,,,,,A1214_Bag,0.0,shopify,48,deny,manual,19.25,,true,true,,,,,,https://cdn.shopify.com/s/files/1/0668/0861/1129/files/A1214Dragon2kgFruitJubes.jpg?v=1768255029,1,"",false,,,4748,,,,,,,,,,,,,,,,,kg,,,active
dragon-2kg-sour-fruit-jubes,,,,,,,,,Shipper (6 Bag),,,,,,,,A1214_Shipper,0.0,shopify,8,deny,manual,115.50,,true,true,,,,,,,,,,,,,,,,,,,,,,,,,,,,,kg,,,
dragon-2kg-gummy-snakes-1,Dragon 2kg Gummy Snakes,,Dragon,"Food, Beverages & Tobacco > Food Items > Candy & Chocolate","","2kg, Dragon 2KG, hide-shipper, New, Night n Day Misc",true,Pack Size,Bag,,,,,,,,A1215_Bag,0.0,shopify,87,deny,manual,19.25,,true,true,,,,,,https://cdn.shopify.com/s/files/1/0668/0861/1129/files/A1215Dragon2kggummySnakes.jpg?v=1768167984,1,"",false,,,4748,,,,,,,,,,,,,,,,,kg,,,active
dragon-2kg-gummy-snakes-1,,,,,,,,,Shipper (6 Bag),,,,,,,,A1215_Shipper,0.0,shopify,14,deny,manual,115.50,,true,true,,,,,,,,,,,,,,,,,,,,,,,,,,,,,kg,,,
bundaberg-can-passionfruit-250ml-x-24ct,Bundaberg Can Passionfruit 250ml x 24ct,,Bundaberg,"Food, Beverages & Tobacco > Beverages","",New,true,Pack Size,Tray,,,,,,,,2193_Tray,0.0,shopify,14,deny,manual,43.45,,true,true,,,,,,https://cdn.shopify.com/s/files/1/0668/0861/1129/files/2193BundabergCanPassionfruit.jpg?v=1768168544,1,"",false,,,413,,,,,,,,,,,,,,,,,kg,,,active
nestle-kit-kat-chunky-hazel-nutty-41g-x-24ct,Nestle Kit Kat Chunky Hazel-Nutty 41g x 24ct,,Nestle,"Food, Beverages & Tobacco > Food Items > Candy & Chocolate","","Nestle Single Bars, New, Night n Day Misc",true,Pack Size,Outer,,,,,,,,12626520_Outer,0.0,shopify,48,deny,manual,45.00,,true,true,,,,,,https://cdn.shopify.com/s/files/1/0668/0861/1129/files/12626520NestleKitKatHazelnut41g.jpg?v=1767908524,1,"",false,,,4748,,,,,,,,,,,,,,,,,kg,,,active
nestle-kit-kat-chunky-hazel-nutty-41g-x-24ct,,,,,,,,,Shipper (8 Outer),,,,,,,,12626520_Shipper,0.0,shopify,6,deny,manual,360.00,,true,true,,,,,,,,,,,,,,,,,,,,,,,,,,,,,kg,,,
carousel-licorice-bites-5kg,Carousel Licorice Bites 5kg,,DutchRusk,"Food, Beverages & Tobacco > Food Items > Candy & Chocolate","","5kg, Licorice, New",true,Pack Size,Shipper,,,,,,,,3337_Shipper,0.0,shopify,4,deny,manual,67.70,,true,true,,,,,,https://cdn.shopify.com/s/files/1/0668/0861/1129/files/3337CarouselLicoriceBites.jpg?v=1767832289,1,"",false,,,4748,,,,,,,,,,,,,,,,,kg,,,active
cocolabu-mystery-with-popping-candy-100g,Cocolabu Chocolate Mystery With Popping Candy 100g,,DutchRusk,"Food, Beverages & Tobacco > Food Items > Candy & Chocolate","",New,true,Pack Size,Each,,,,,,,,C0546_Each,0.0,shopify,27,deny,manual,6.40,,true,true,,,,,,https://cdn.shopify.com/s/files/1/0668/0861/1129/files/C0546CocolabuMystery.jpg?v=1767832264,1,"",false,,,4748,,,,,,,,,,,,,,,,,kg,,,active
cocolabu-mystery-with-popping-candy-100g,,,,,,,,,Outer (12 Each),,,,,,,,C0546_Outer,0.0,shopify,2,deny,manual,76.80,,true,true,,,,,,,,,,,,,,,,,,,,,,,,,,,,,kg,,,
cocolabu-strawberry-with-popping-candy-100g,Cocolabu Strawberry With Popping Candy 100g,,DutchRusk,"Food, Beverages & Tobacco > Food Items > Candy & Chocolate","",New,true,Pack Size,Each,,,,,,,,C0545_Each,0.0,shopify,16,deny,manual,6.40,,true,true,,,,,,https://cdn.shopify.com/s/files/1/0668/0861/1129/files/C0545CocolabuStrawberry100g.jpg?v=1767832241,1,"",false,,,4748,,,,,,,,,,,,,,,,,kg,,,active
cocolabu-strawberry-with-popping-candy-100g,,,,,,,,,Outer (12 Each),,,,,,,,C0545_Outer,0.0,shopify,1,deny,manual,76.80,,true,true,,,,,,,,,,,,,,,,,,,,,,,,,,,,,kg,,,
bundaberg-ginger-beer-can-250ml-x-24,Bundaberg Can Ginger Beer 250ml x 24ct,,Bundaberg,"Food, Beverages & Tobacco > Beverages","",New,true,Pack Size,Tray,,,,,,,,2192_Tray,0.0,shopify,47,deny,manual,43.45,,true,true,,,,,,https://cdn.shopify.com/s/files/1/0668/0861/1129/files/2192BundabergCanGingerBeer.jpg?v=1767832180,1,"",false,,,413,,,,,,,,,,,,,,,,,kg,,,active
jojo-sour-gum-cord-22g-x-30ct,JoJo Sour Gum Cord 22g x 30ct,,Jojo,"Food, Beverages & Tobacco > Food Items > Candy & Chocolate","","Gum, Novelty",true,Pack Size,Outer,,,,,,,,101092623_Outer,0.0,shopify,33,deny,manual,11.30,,true,true,,,,,,https://cdn.shopify.com/s/files/1/0668/0861/1129/files/101092623JojoSourGumCord.jpg?v=1765916995,1,"",false,,,4748,,,,,,,,,,,,,,,,,kg,,,active
jojo-sour-gum-cord-22g-x-30ct,,,,,,,,,Shipper (12 Outer),,,,,,,,101092623_Shipper,0.0,shopify,2,deny,manual,135.60,,true,true,,,,,,,,,,,,,,,,,,,,,,,,,,,,,kg,,,
animal-marshmallow-pop-15g-x-60ct,Animal Marshmallow Pop 15g x 60ct,,DutchRusk,"Food, Beverages & Tobacco > Food Items > Candy & Chocolate","","Lollipops, Novelty",true,Pack Size,Outer,,,,,,,,SELLER6_Outer,0.0,shopify,6,deny,manual,28.50,,true,true,,,,,,https://cdn.shopify.com/s/files/1/0668/0861/1129/files/SELLER6animalmarshmallow.jpg?v=1765829571,1,"",false,,,4748,,,,,,,,,,,,,,,,,kg,,,active
animal-marshmallow-pop-15g-x-60ct,,,,,,,,,Shipper (4 Outer),,,,,,,,SELLER6_Shipper,0.0,shopify,1,deny,manual,114.00,,true,true,,,,,,,,,,,,,,,,,,,,,,,,,,,,,kg,,,
lamp-spray-40ml-x-18ct,Lamp Spray 40ml x 18ct,,DutchRusk,"Food, Beverages & Tobacco > Food Items > Candy & Chocolate","",Novelty,true,Pack Size,Outer,,,,,,,,SELLER5_Outer,0.0,shopify,29,deny,manual,21.85,,true,true,,,,,,https://cdn.shopify.com/s/files/1/0668/0861/1129/files/SELLER5LampSpray.jpg?v=1765829544,1,"",false,,,4748,,,,,,,,,,,,,,,,,kg,,,active
lamp-spray-40ml-x-18ct,,,,,,,,,Shipper (8 Outer),,,,,,,,SELLER5_Shipper,0.0,shopify,3,deny,manual,174.80,,true,true,,,,,,,,,,,,,,,,,,,,,,,,,,,,,kg,,,
spray-and-twist-pop-25g-x18ct,Spray And Twist Pop 25g x18ct,,DutchRusk,"Food, Beverages & Tobacco > Food Items > Candy & Chocolate","",Novelty,true,Pack Size,Outer,,,,,,,,SELLER4_Outer,0.0,shopify,33,deny,manual,21.85,,true,true,,,,,,https://cdn.shopify.com/s/files/1/0668/0861/1129/files/SELLER4Sprayandtwistpop.jpg?v=1765829520,1,"",false,,,4748,,,,,,,,,,,,,,,,,kg,,,active
spray-and-twist-pop-25g-x18ct,,,,,,,,,Shipper (8 Outer),,,,,,,,SELLER4_Shipper,0.0,shopify,4,deny,manual,174.80,,true,true,,,,,,,,,,,,,,,,,,,,,,,,,,,,,kg,,,
unicorn-spray-50ml-x-12ct,Unicorn Spray Candy 50ml x 12ct,,DutchRusk,"Food, Beverages & Tobacco > Food Items > Candy & Chocolate","",Novelty,true,Pack Size,Outer,,,,,,,,SELLER3_Outer,0.0,shopify,16,deny,manual,14.60,,true,true,,,,,,https://cdn.shopify.com/s/files/1/0668/0861/1129/files/SELLER3UnicornSpray.jpg?v=1765829497,1,"",false,,,4748,,,,,,,,,,,,,,,,,kg,,,active
unicorn-spray-50ml-x-12ct,,,,,,,,,Shipper (12 Outer),,,,,,,,SELLER3_Shipper,0.0,shopify,1,deny,manual,175.20,,true,true,,,,,,,,,,,,,,,,,,,,,,,,,,,,,kg,,,
strawberry-pop-with-candy-27g-x-24ct,Strawberry Pop With Candy 27g x 24ct,,DutchRusk,"Food, Beverages & Tobacco > Food Items > Candy & Chocolate","",Novelty,true,Pack Size,Outer,,,,,,,,SELLER2_Outer,0.0,shopify,30,deny,manual,29.15,,true,true,,,,,,https://cdn.shopify.com/s/files/1/0668/0861/1129/files/SELLER2StrawberyPopwithCandy.jpg?v=1765829470,1,"",false,,,4748,,,,,,,,,,,,,,,,,kg,,,active
strawberry-pop-with-candy-27g-x-24ct,,,,,,,,,Shipper (8 Outer),,,,,,,,SELLER2_Shipper,0.0,shopify,3,deny,manual,233.20,,true,true,,,,,,,,,,,,,,,,,,,,,,,,,,,,,kg,,,
sour-belt-candy-with-whistle-30g-x-12ct,Sour Belt Candy With Whistle 30g x 12ct,,DutchRusk,"Food, Beverages & Tobacco > Food Items > Candy & Chocolate","",Novelty,true,Pack Size,Outer,,,,,,,,SELLER1_Outer,0.0,shopify,0,deny,manual,15.85,,true,true,,,,,,https://cdn.shopify.com/s/files/1/0668/0861/1129/files/SELLER1.jpg?v=1765829448,1,"",false,,,4748,,,,,,,,,,,,,,,,,kg,,,active
sour-belt-candy-with-whistle-30g-x-12ct,,,,,,,,,Shipper (12 Outer),,,,,,,,SELLER1_Shipper,0.0,shopify,0,deny,manual,190.20,,true,true,,,,,,,,,,,,,,,,,,,,,,,,,,,,,kg,,,
cadbury-45g-biscoff-x-48ct,Cadbury 45g Biscoff x 48ct,,Cadbury,"Food, Beverages & Tobacco > Food Items > Candy & Chocolate","","Cadbury Single Bars, Night n Day Misc",true,Pack Size,Outer,,,,,,,,4324003_Outer,0.0,shopify,0,deny,manual,75.02,,true,true,,,,,,https://cdn.shopify.com/s/files/1/0668/0861/1129/files/4324003Cadbury45gBiscoffBar.jpg?v=1765829168,1,"",false,,,4748,,,,,,,,,,,,,,,,,kg,,,active
cadbury-45g-biscoff-x-48ct,,,,,,,,,Shipper (6 Outer),,,,,,,,4324003_Shipper,0.0,shopify,0,deny,manual,450.12,,true,true,,,,,,,,,,,,,,,,,,,,,,,,,,,,,kg,,,
cadbury-170g-biscoff-block-x-16ct,Cadbury 170g Biscoff Block x 16ct,,Cadbury,"Food, Beverages & Tobacco > Food Items > Candy & Chocolate","","Cadbury Blocks, hide-block, hide-shipper, Night n Day Misc",true,Pack Size,Block,,,,,,,,4323999_Block,0.0,shopify,15,deny,manual,4.72,,true,true,,,,,,https://cdn.shopify.com/s/files/1/0668/0861/1129/files/4323999CadburyBiscoffBlock.jpg?v=1765829074,1,"",false,,,4748,,,,,,,,,,,,,,,,,kg,,,active
cadbury-170g-biscoff-block-x-16ct,,,,,,,,,Outer (16 Block),,,,,,,,4323999_Outer,0.0,shopify,0,deny,manual,75.52,,true,true,,,,,,,,,,,,,,,,,,,,,,,,,,,,,kg,,,
cadbury-170g-biscoff-block-x-16ct,,,,,,,,,Shipper (64 Block),,,,,,,,4323999_Shipper,0.0,shopify,0,deny,manual,302.08,,true,true,,,,,,,,,,,,,,,,,,,,,,,,,,,,,kg,,,
tncc-berry-gummy-bears-family-bag-220g-x-18ct,TNCC Berry Gummy Bears Family Bag 220g x 18ct,,Cadbury,"Food, Beverages & Tobacco > Food Items > Candy & Chocolate","","Family Bags, Night n Day Misc, Pascall, TNCC",true,Pack Size,Bag,,,,,,,,4319563_Bag,0.0,shopify,559,deny,manual,3.95,,true,true,,,,,,https://cdn.shopify.com/s/files/1/0668/0861/1129/files/4319563TNCCBerryGummyBears.jpg?v=1765496086,1,"",false,,,4748,,,,,,,,,,,,,,,,,kg,,,active
tncc-berry-gummy-bears-family-bag-220g-x-18ct,,,,,,,,,Shipper (18 Bag),,,,,,,,4319563_Shipper,0.0,shopify,31,deny,manual,71.10,,true,true,,,,,,,,,,,,,,,,,,,,,,,,,,,,,kg,,,
cadbury-50g-marvellous-creations-jelly-pop-x-48ct,Cadbury 50g Marvellous Creations Jelly Pop x 48ct,,Cadbury,"Food, Beverages & Tobacco > Food Items > Candy & Chocolate","","Cadbury Single Bars, Night n Day Misc",true,Pack Size,Outer,,,,,,,,324890_Outer,0.0,shopify,13,deny,manual,75.02,,true,true,,,,,,https://cdn.shopify.com/s/files/1/0668/0861/1129/files/324890CadburyMarvellousCreations.jpg?v=1765829287,1,"",false,,,4748,,,,,,,,,,,,,,,,,kg,,,active
cadbury-50g-marvellous-creations-jelly-pop-x-48ct,,,,,,,,,Shipper (6 Outer),,,,,,,,324890_Shipper,0.0,shopify,2,deny,manual,450.12,,true,true,,,,,,,,,,,,,,,,,,,,,,,,,,,,,kg,,,
oreo-128g-creme-egg-x-20ct,Oreo 128g Creme Egg x 20ct,,Cadbury,"Food, Beverages & Tobacco > Food Items > Candy & Chocolate","","Cookies, hide-packet, Oreo",true,Pack Size,Packet,,,,,,,,4324436_Packet,0.0,shopify,11,deny,manual,1.40,,true,true,,,,,,https://cdn.shopify.com/s/files/1/0668/0861/1129/files/4324436OreoCremeEgg.jpg?v=1765489593,1,"",false,,,4748,,,,,,,,,,,,,,,,,kg,,,active
oreo-128g-creme-egg-x-20ct,,,,,,,,,Shipper (20 Packet),,,,,,,,4324436_Shipper,0.0,shopify,0,deny,manual,28.00,,true,true,,,,,,,,,,,,,,,,,,,,,,,,,,,,,kg,,,
cadbury-180g-creme-egg-block-x-15ct,Cadbury 180g Creme Egg Block x 15ct,,Cadbury,"Food, Beverages & Tobacco > Food Items > Candy & Chocolate","","Cadbury Blocks, hide-block, hide-shipper, Night n Day Misc",true,Pack Size,Block,,,,,,,,4228664_Block,0.0,shopify,3,deny,manual,4.72,,true,true,,,,,,https://cdn.shopify.com/s/files/1/0668/0861/1129/files/4228664CadburyCremeEggBlock.jpg?v=1765489411,1,"",false,,,4748,,,,,,,,,,,,,,,,,kg,,,active
cadbury-180g-creme-egg-block-x-15ct,,,,,,,,,Outer (15 Block),,,,,,,,4228664_Outer,0.0,shopify,0,deny,manual,70.80,,true,true,,,,,,,,,,,,,,,,,,,,,,,,,,,,,kg,,,
cadbury-180g-creme-egg-block-x-15ct,,,,,,,,,Shipper (60 Block),,,,,,,,4228664_Shipper,0.0,shopify,0,deny,manual,283.20,,true,true,,,,,,,,,,,,,,,,,,,,,,,,,,,,,kg,,,
dragon-2kg-sour-carrots,Dragon 2kg Sour Carrots,,Dragon,"Food, Beverages & Tobacco > Food Items > Candy & Chocolate","",2kg,true,Pack Size,Bag,,,,,,,,Q412_Bag,0.0,shopify,82,deny,manual,19.25,,true,true,,,,,,https://cdn.shopify.com/s/files/1/0668/0861/1129/files/Q412Dragon2kgSourCarrots.jpg?v=1765421585,1,"",false,,,4748,,,,,,,,,,,,,,,,,kg,,,active
dragon-2kg-sour-carrots,,,,,,,,,Shipper (6 Bag),,,,,,,,Q412_Shipper,0.0,shopify,13,deny,manual,115.50,,true,true,,,,,,,,,,,,,,,,,,,,,,,,,,,,,kg,,,
indomie-noodles-hot-and-spicy-85g-x-5ct,Indomie Noodles - Hot and Spicy 85g x 5ct,,DutchRusk,"Food, Beverages & Tobacco > Food Items > Candy & Chocolate","",Night n Day Misc,true,Pack Size,Outer,,,,,,,,I0023_Outer,0.0,shopify,60,deny,manual,4.00,,true,true,,,,,,https://cdn.shopify.com/s/files/1/0668/0861/1129/files/I0023IndomieHotSpicy.jpg?v=1765318617,1,"",false,,,4748,,,,,,,,,,,,,,,,,kg,,,active
indomie-noodles-mi-goreng-85g-x-5ct,Indomie Noodles - Mi Goreng 85g x 5ct,,DutchRusk,"Food, Beverages & Tobacco > Food Items > Candy & Chocolate","",Night n Day Misc,true,Pack Size,Outer,,,,,,,,I0011_Outer,0.0,shopify,5,deny,manual,4.00,,true,true,,,,,,https://cdn.shopify.com/s/files/1/0668/0861/1129/files/I0011IndomieMiGoreng.jpg?v=1765318600,1,"",false,,,4748,,,,,,,,,,,,,,,,,kg,,,active
toy-with-candy-quad-biker-adventurer-x-12ct,Toy With Candy - Quad Biker Adventurer x 12ct,,DutchRusk,"Food, Beverages & Tobacco > Food Items > Candy & Chocolate","","Novelty, Toys",true,Pack Size,Outer,,,,,,,,C0359_Outer,0.0,shopify,38,deny,manual,18.00,,true,true,,,,,,https://cdn.shopify.com/s/files/1/0668/0861/1129/files/C0359QuadBiker.jpg?v=1765148008,1,"",false,,,4748,,,,,,,,,,,,,,,,,kg,,,active
nish111,NIsh111,,DutchRusk,Uncategorized,"","",false,Pack Size,Bag,,,,,,,,NISH-1_Bag,0.0,shopify,0,deny,manual,4.35,,true,true,,,,,,,,,false,,,,,,,,,,,,,,,,,,,,kg,,,draft
nish111,,,,,,,,,Shipper (10 Bag),,,,,,,,NISH-1_Shipper,0.0,shopify,0,deny,manual,43.50,,true,true,,,,,,,,,,,,,,,,,,,,,,,,,,,,,kg,,,
mayceys-fruit-crakas-approx-425ct,Mayceys Fruit Crakas approx 425ct,,Mayceys,"Food, Beverages & Tobacco > Food Items > Candy & Chocolate","","",true,Pack Size,Outer,,,,,,,,CHFC_Outer,0.0,shopify,0,deny,manual,29.95,,true,true,,,,,,https://cdn.shopify.com/s/files/1/0668/0861/1129/files/CHFCMayceysFruitCrakas.jpg?v=1764122371,1,"",false,,,4748,,,,,,,,,,,,,,,,,kg,,,active
mayceys-fruit-crakas-approx-425ct,,,,,,,,,Shipper (5 Outer),,,,,,,,CHFC_Shipper,0.0,shopify,0,deny,manual,149.75,,true,true,,,,,,,,,,,,,,,,,,,,,,,,,,,,,kg,,,
cadbury-200g-x-old-gold-roast-almond-block-x-14ct,Cadbury 200g x Old Gold Roast Almond Block x 14ct,,Cadbury,"Food, Beverages & Tobacco > Food Items > Candy & Chocolate","","Cadbury Blocks, Chocolate Blocks, hide-block, hide-shipper, Night n Day Misc",true,Pack Size,Block,,,,,,,,4052788_Block,0.0,shopify,75,deny,manual,4.72,,true,true,,,,,,https://cdn.shopify.com/s/files/1/0668/0861/1129/files/4052788CadburyOldGoldRoastAlmond.jpg?v=1762992765,1,"",false,,,4748,,,,,,,,,,,,,,,,,kg,,,active
cadbury-200g-x-old-gold-roast-almond-block-x-14ct,,,,,,,,,Outer (14 Block),,,,,,,,4052788_Outer,0.0,shopify,5,deny,manual,66.08,,true,true,,,,,,,,,,,,,,,,,,,,,,,,,,,,,kg,,,
cadbury-200g-x-old-gold-roast-almond-block-x-14ct,,,,,,,,,Shipper (56 Block),,,,,,,,4052788_Shipper,0.0,shopify,1,deny,manual,264.32,,true,true,,,,,,,,,,,,,,,,,,,,,,,,,,,,,kg,,,
musashi-high-protein-white-choc-lemon-cheesecake-90g-x-12ct,Musashi High Protein White Choc Lemon Cheesecake - 90g x 12ct,,Musashi,"Food, Beverages & Tobacco > Food Items > Snack Foods","",Musashi,true,Pack Size,Outer,,,,,,,,33845_Outer,0.0,shopify,7,deny,manual,61.94,,true,true,,,,,,https://cdn.shopify.com/s/files/1/0668/0861/1129/files/33845MusashiHighProteinWhiteChocLemonCheesecake.jpg?v=1764122397,1,"",false,,,423,,,,,,,,,,,,,,,,,kg,,,active
musashi-high-protein-white-choc-lemon-cheesecake-90g-x-12ct,,,,,,,,,Shipper (9 Outer),,,,,,,,33845_Shipper,0.0,shopify,0,deny,manual,557.46,,true,true,,,,,,,,,,,,,,,,,,,,,,,,,,,,,kg,,,
musashi-high-protein-white-chocolate-caramel-90g-x-12ct,Musashi High Protein White Chocolate Caramel - 90g x 12ct,,Musashi,"Food, Beverages & Tobacco > Food Items > Snack Foods","",Musashi,true,Pack Size,Outer,,,,,,,,32831_Outer,0.0,shopify,6,deny,manual,61.94,,true,true,,,,,,https://cdn.shopify.com/s/files/1/0668/0861/1129/files/32831MusashiHighProteinWhiteChocolateCaramel.jpg?v=1764122420,1,"",false,,,423,,,,,,,,,,,,,,,,,kg,,,active
musashi-high-protein-white-chocolate-caramel-90g-x-12ct,,,,,,,,,Shipper (9 Outer),,,,,,,,32831_Shipper,0.0,shopify,0,deny,manual,557.46,,true,true,,,,,,,,,,,,,,,,,,,,,,,,,,,,,kg,,,
potter-brothers-130g-white-choc-raspberry-coconut-x-10ct,Potter Brothers 130g - White Choc Raspberry Coconut x 10ct,,Potter Brothers,"Food, Beverages & Tobacco > Food Items > Candy & Chocolate","","",true,Pack Size,Bag,,,,,,,,28_Bag,0.0,shopify,24,deny,manual,4.35,,true,true,,,,,,https://cdn.shopify.com/s/files/1/0668/0861/1129/files/28PotterBrothersWhiteChocolateRaspberryCoconutFamilyBags.jpg?v=1764125211,1,"",false,,,4748,,,,,,,,,,,,,,,,,kg,,,active
potter-brothers-130g-white-choc-raspberry-coconut-x-10ct,,,,,,,,,Shipper (10 Bag),,,,,,,,28_Shipper,0.0,shopify,2,deny,manual,43.50,,true,true,,,,,,,,,,,,,,,,,,,,,,,,,,,,,kg,,,
arnotts-shapes-bbq-175g-x-24ct,Arnotts Shapes BBQ 175g x 24ct,,Arnotts,"Food, Beverages & Tobacco > Food Items > Snack Foods","",Arnotts,true,Pack Size,Each,,,,,,,,200280987793_Each,0.0,shopify,76,deny,manual,2.95,,true,true,,,,,,https://cdn.shopify.com/s/files/1/0668/0861/1129/files/200280987793ShapesBBQ.jpg?v=1764125260,1,"",false,,,423,,,,,,,,,,,,,,,,,kg,,,active
arnotts-shapes-bbq-175g-x-24ct,,,,,,,,,Shipper (24 Each),,,,,,,,200280987793_Shipper,0.0,shopify,3,deny,manual,70.80,,true,true,,,,,,,,,,,,,,,,,,,,,,,,,,,,,kg,,,
arnotts-shapes-cheddar-175g-x-24ct,Arnotts Shapes Cheddar 175g x 24ct,,Arnotts,"Food, Beverages & Tobacco > Food Items > Snack Foods","",Arnotts,true,Pack Size,Each,,,,,,,,200280983253_Each,0.0,shopify,43,deny,manual,2.95,,true,true,,,,,,https://cdn.shopify.com/s/files/1/0668/0861/1129/files/200280983253ArnottsShapesCheddar.jpg?v=1764125295,1,"",false,,,423,,,,,,,,,,,,,,,,,kg,,,active
arnotts-shapes-cheddar-175g-x-24ct,,,,,,,,,Shipper (24 Each),,,,,,,,200280983253_Shipper,0.0,shopify,1,deny,manual,70.80,,true,true,,,,,,,,,,,,,,,,,,,,,,,,,,,,,kg,,,
my-toffee-chews-leite-milk-500g-x75ct,My Toffee Chews - Leite Milk 500g x75ct,,DutchRusk,"Food, Beverages & Tobacco > Food Items > Candy & Chocolate","","",true,Pack Size,Bag,,,,,,,,12516_Bag,0.0,shopify,72,deny,manual,5.55,,true,true,,,,,,https://cdn.shopify.com/s/files/1/0668/0861/1129/files/12516MyToffeeLeiteMilk.jpg?v=1764125337,1,"",false,,,4748,,,,,,,,,,,,,,,,,kg,,,active
my-toffee-chews-leite-milk-500g-x75ct,,,,,,,,,Shipper (14 Bag),,,,,,,,12516_Shipper,0.0,shopify,5,deny,manual,77.70,,true,true,,,,,,,,,,,,,,,,,,,,,,,,,,,,,kg,,,
musashi-high-protein-dark-choc-salted-caramel-90g-x-12ct,Musashi High Protein Dark Choc Salted Caramel - 90g x 12ct,,Musashi,"Food, Beverages & Tobacco > Food Items > Candy & Chocolate","",Musashi,true,Pack Size,Outer,,,,,,,,12278901_Outer,0.0,shopify,9,deny,manual,61.94,,true,true,,,,,,https://cdn.shopify.com/s/files/1/0668/0861/1129/files/12278901MusashiHighProteinDarkChocSaltedCaramel.jpg?v=1764125372,1,"",false,,,4748,,,,,,,,,,,,,,,,,kg,,,active
musashi-high-protein-dark-choc-salted-caramel-90g-x-12ct,,,,,,,,,Shipper (9 Outer),,,,,,,,12278901_Shipper,0.0,shopify,1,deny,manual,557.46,,true,true,,,,,,,,,,,,,,,,,,,,,,,,,,,,,kg,,,
pop-mania-lollipops-9g-grape-x-55ct,Pop Mania Lollipops 9g - Grape x 55ct,,DutchRusk,"Food, Beverages & Tobacco > Food Items > Candy & Chocolate","","Lollipops, Novelty",true,Pack Size,Bag,,,,,,,,03805_Bag,0.0,shopify,201,deny,manual,5.40,,true,true,,,,,,https://cdn.shopify.com/s/files/1/0668/0861/1129/files/03805PopManiaLollipops9g-Grape.jpg?v=1764125409,1,"",false,,,4748,,,,,,,,,,,,,,,,,kg,,,active
pop-mania-lollipops-9g-grape-x-55ct,,,,,,,,,Shipper (24 Bag),,,,,,,,03805_Shipper,0.0,shopify,8,deny,manual,129.60,,true,true,,,,,,,,,,,,,,,,,,,,,,,,,,,,,kg,,,
pop-mania-lollipops-9g-strawberry-x-55ct,Pop Mania Lollipops 9g - Strawberry x 55ct,,DutchRusk,"Food, Beverages & Tobacco > Food Items > Candy & Chocolate","","Lollipops, Novelty",true,Pack Size,Bag,,,,,,,,03799_Bag,0.0,shopify,204,deny,manual,5.40,,true,true,,,,,,https://cdn.shopify.com/s/files/1/0668/0861/1129/files/03799PopManiaLollipops9gStrawberry.jpg?v=1764125485,1,"",false,,,4748,,,,,,,,,,,,,,,,,kg,,,active
pop-mania-lollipops-9g-strawberry-x-55ct,,,,,,,,,Shipper (24 Bag),,,,,,,,03799_Shipper,0.0,shopify,8,deny,manual,129.60,,true,true,,,,,,,,,,,,,,,,,,,,,,,,,,,,,kg,,,
pop-mania-lollipops-9g-cherry-x-55ct,Pop Mania Lollipops 9g - Cherry x 55ct,,DutchRusk,"Food, Beverages & Tobacco > Food Items > Candy & Chocolate","","Lollipops, Novelty",true,Pack Size,Bag,,,,,,,,03798_Bag,0.0,shopify,208,deny,manual,5.40,,true,true,,,,,,https://cdn.shopify.com/s/files/1/0668/0861/1129/files/03798PopManiaLollipops9g-Cherry.jpg?v=1764125515,1,"",false,,,4748,,,,,,,,,,,,,,,,,kg,,,active
pop-mania-lollipops-9g-cherry-x-55ct,,,,,,,,,Shipper (24 Bag),,,,,,,,03798_Shipper,0.0,shopify,8,deny,manual,129.60,,true,true,,,,,,,,,,,,,,,,,,,,,,,,,,,,,kg,,,
potter-brothers-130g-after-dinner-mints-x-10ct,Potter Brothers 130g - After Dinner Mints x 10ct,,Potter Brothers,"Food, Beverages & Tobacco > Food Items > Candy & Chocolate","","",true,Pack Size,Bag,,,,,,,,02_Bag,0.0,shopify,67,deny,manual,4.35,,true,true,,,,,,https://cdn.shopify.com/s/files/1/0668/0861/1129/files/02PotterBrothersAfterDinnerMintsFamilyBags.jpg?v=1764125552,1,"",false,,,4748,,,,,,,,,,,,,,,,,kg,,,active
potter-brothers-130g-after-dinner-mints-x-10ct,,,,,,,,,Shipper (10 Bag),,,,,,,,02_Shipper,0.0,shopify,6,deny,manual,43.50,,true,true,,,,,,,,,,,,,,,,,,,,,,,,,,,,,kg,,,
juicy-jelly-peeled-watermelon-120g-x-12ct,Juicy Jelly Peeled Watermelon 120g x 12ct,,DutchRusk,"Food, Beverages & Tobacco > Food Items > Candy & Chocolate > Candy","","",true,Pack Size,Each,,,,,,,,LGEJJPWM_Each,0.0,shopify,676,deny,manual,3.56,,true,true,,,,,,https://cdn.shopify.com/s/files/1/0668/0861/1129/files/LGEJJPWMPeeledWatermelon.jpg?v=1763590823,1,"",false,,,4748,,,,,,,,,,,,,,,,,kg,,,active
juicy-jelly-peeled-watermelon-120g-x-12ct,,,,,,,,,Shipper (12 Each),,,,,,,,LGEJJPWM_Shipper,0.0,shopify,56,deny,manual,42.72,,true,true,,,,,,,,,,,,,,,,,,,,,,,,,,,,,kg,,,
juicy-jelly-peeled-strawberry-120g-x-12ct,Juicy Jelly Peeled Strawberry 120g x 12ct,,DutchRusk,"Food, Beverages & Tobacco > Food Items > Candy & Chocolate","","",true,Pack Size,Each,,,,,,,,LGEJJPST_Each,0.0,shopify,1025,deny,manual,3.56,,true,true,,,,,,https://cdn.shopify.com/s/files/1/0668/0861/1129/files/LGEJJPSTPeeledStrawberry.jpg?v=1763590876,1,"",false,,,4748,,,,,,,,,,,,,,,,,kg,,,active
juicy-jelly-peeled-strawberry-120g-x-12ct,,,,,,,,,Shipper (12 Each),,,,,,,,LGEJJPST_Shipper,0.0,shopify,85,deny,manual,42.72,,true,true,,,,,,,,,,,,,,,,,,,,,,,,,,,,,kg,,,
mentos-cube-gum-watermelon-46g-x-4ct,Mentos Cube Gum Watermelon 46g x 4ct,,DutchRusk,"Food, Beverages & Tobacco > Food Items > Candy & Chocolate","",Gum,true,Pack Size,Outer,,,,,,,,101294701_Outer,0.0,shopify,12,deny,manual,11.23,,true,true,,,,,,https://cdn.shopify.com/s/files/1/0668/0861/1129/files/101294701MentosCubeWatermelon.jpg?v=1764125735,1,"",false,,,4748,,,,,,,,,,,,,,,,,kg,,,active
mentos-cube-gum-watermelon-46g-x-4ct,,,,,,,,,Shipper (8 Outer),,,,,,,,101294701_Shipper,0.0,shopify,1,deny,manual,89.84,,true,true,,,,,,,,,,,,,,,,,,,,,,,,,,,,,kg,,,
mentos-cube-gum-ice-mint-46g-x-4ct,Mentos Cube Gum Ice Mint 46g x 4ct,,DutchRusk,"Food, Beverages & Tobacco > Food Items > Candy & Chocolate","",Gum,true,Pack Size,Outer,,,,,,,,101294700_Outer,0.0,shopify,22,deny,manual,11.23,,true,true,,,,,,https://cdn.shopify.com/s/files/1/0668/0861/1129/files/101294700MentosCubeMint.jpg?v=1764125759,1,"",false,,,4748,,,,,,,,,,,,,,,,,kg,,,active
mentos-cube-gum-ice-mint-46g-x-4ct,,,,,,,,,Shipper (8 Outer),,,,,,,,101294700_Shipper,0.0,shopify,2,deny,manual,89.84,,true,true,,,,,,,,,,,,,,,,,,,,,,,,,,,,,kg,,,
mentos-cube-gum-ice-grape-46g-x-4ct,Mentos Cube Gum Ice Grape 46g x 4ct,,DutchRusk,"Food, Beverages & Tobacco > Food Items > Candy & Chocolate","",Gum,true,Pack Size,Outer,,,,,,,,101294619_Outer,0.0,shopify,5,deny,manual,11.23,,true,true,,,,,,https://cdn.shopify.com/s/files/1/0668/0861/1129/files/101294619MentosCubeGumGrape.jpg?v=1764125792,1,"",false,,,4748,,,,,,,,,,,,,,,,,kg,,,active
mentos-cube-gum-ice-grape-46g-x-4ct,,,,,,,,,Shipper (8 Outer),,,,,,,,101294619_Shipper,0.0,shopify,0,deny,manual,89.84,,true,true,,,,,,,,,,,,,,,,,,,,,,,,,,,,,kg,,,
tic-tac-fruit-adventure-24g-x-24ct,Tic Tac Fruit Adventure 24g x 24ct,,DutchRusk,"Food, Beverages & Tobacco > Food Items > Candy & Chocolate","","",true,Pack Size,Outer,,,,,,,,100549374_Outer,0.0,shopify,8,deny,manual,46.00,,true,true,,,,,,https://cdn.shopify.com/s/files/1/0668/0861/1129/files/100549374TicTacFruitAdventure.jpg?v=1764125818,1,"",false,,,4748,,,,,,,,,,,,,,,,,kg,,,active
tic-tac-fruit-adventure-24g-x-24ct,,,,,,,,,Shipper (12 Outer),,,,,,,,100549374_Shipper,0.0,shopify,0,deny,manual,552.00,,true,true,,,,,,,,,,,,,,,,,,,,,,,,,,,,,kg,,,
tic-tac-peppermint-24g-x-24ct,Tic Tac Peppermint 24g x 24ct,,DutchRusk,"Food, Beverages & Tobacco > Food Items > Candy & Chocolate","","",true,Pack Size,Outer,,,,,,,,100519031_Outer,0.0,shopify,3,deny,manual,46.00,,true,true,,,,,,https://cdn.shopify.com/s/files/1/0668/0861/1129/files/100519031TICTACpeppermint.jpg?v=1764125849,1,"",false,,,4748,,,,,,,,,,,,,,,,,kg,,,active
tic-tac-peppermint-24g-x-24ct,,,,,,,,,Shipper (12 Outer),,,,,,,,100519031_Shipper,0.0,shopify,0,deny,manual,552.00,,true,true,,,,,,,,,,,,,,,,,,,,,,,,,,,,,kg,,,
tic-tac-orange-24g-x-24ct,Tic Tac Orange 24g x 24ct,,DutchRusk,"Food, Beverages & Tobacco > Food Items > Candy & Chocolate","","",true,Pack Size,Outer,,,,,,,,100519000_Outer,0.0,shopify,3,deny,manual,46.00,,true,true,,,,,,https://cdn.shopify.com/s/files/1/0668/0861/1129/files/100519000TICTACORANGE.jpg?v=1764122348,1,"",false,,,4748,,,,,,,,,,,,,,,,,kg,,,active
tic-tac-orange-24g-x-24ct,,,,,,,,,Shipper (12 Outer),,,,,,,,100519000_Shipper,0.0,shopify,0,deny,manual,552.00,,true,true,,,,,,,,,,,,,,,,,,,,,,,,,,,,,kg,,,
candy-floss-dr-bugs-pink-90g-x-18ct,Candy Floss - DR BUGS - Pink 90g x 18ct,,DutchRusk,"Food, Beverages & Tobacco > Food Items > Candy & Chocolate","","Night n Day Misc, Novelty",true,Pack Size,Shipper,,,,,,,,P90_Shipper,0.0,shopify,0,deny,manual,49.30,,true,true,,,,,,https://cdn.shopify.com/s/files/1/0668/0861/1129/files/P90DrBugsPinkCandyFloss.jpg?v=1762803739,1,"",false,,,4748,,,,,,,,,,,,,,,,,kg,,,active
66g-snickers-loaded-2-pak-x-25ct,66g Snickers Loaded 2 Pak Kingsize x 25ct,,Mars,"Food, Beverages & Tobacco > Food Items > Candy & Chocolate","","Mars Share Bar Chocolates, Night n Day Misc",true,Pack Size,Outer,,,,,,,,601727_Outer,0.0,shopify,20,deny,manual,70.30,,true,true,,,,,,https://cdn.shopify.com/s/files/1/0668/0861/1129/files/601727SnickersLoaded2pk.jpg?v=1762803698,1,"",false,,,4748,,,,,,,,,,,,,,,,,kg,,,active
66g-snickers-loaded-2-pak-x-25ct,,,,,,,,,Shipper (4 Outer),,,,,,,,601727_Shipper,0.0,shopify,5,deny,manual,281.20,,true,true,,,,,,,,,,,,,,,,,,,,,,,,,,,,,kg,,,
45g-snickers-loaded-x-25ct,45g Snickers Loaded x 25ct,,Mars,"Food, Beverages & Tobacco > Food Items > Candy & Chocolate","","Mars Single Bars, Night n Day Misc",true,Pack Size,Outer,,,,,,,,601725_Outer,0.0,shopify,8,deny,manual,39.15,,true,true,,,,,,https://cdn.shopify.com/s/files/1/0668/0861/1129/files/601725SnickersLoadedSingle.jpg?v=1762803542,1,"",false,,,4748,,,,,,,,,,,,,,,,,kg,,,active
45g-snickers-loaded-x-25ct,,,,,,,,,Shipper (8 Outer),,,,,,,,601725_Shipper,0.0,shopify,1,deny,manual,313.20,,true,true,,,,,,,,,,,,,,,,,,,,,,,,,,,,,kg,,,
sharepack-skittles-fruits-12-packets-per-bag-10-bags-per-shipper,Sharepack - Skittles Fruits - 12 packets per bag - 10 bags per shipper,,Mars,"Food, Beverages & Tobacco > Food Items > Candy & Chocolate","",Sharepacks,true,Pack Size,Shipper,,,,,,,,377684_Shipper,0.0,shopify,17,deny,manual,65.10,,true,true,,,,,,https://cdn.shopify.com/s/files/1/0668/0861/1129/files/377684SkittlesFunsize.jpg?v=1762803497,1,"",false,,,4748,,,,,,,,,,,,,,,,,kg,,,active
oriental-super-rings-cheese-60g-x-10ct,Oriental Super Rings Cheese 60g x 10ct,,DutchRusk,"Food, Beverages & Tobacco > Food Items > Snack Foods","","",true,Pack Size,Outer,,,,,,,,S0210_Outer,0.0,shopify,0,deny,manual,13.50,,true,true,,,,,,https://cdn.shopify.com/s/files/1/0668/0861/1129/files/S0210OrientalCheeseRings.jpg?v=1762803462,1,"",false,,,423,,,,,,,,,,,,,,,,,kg,,,active
oriental-super-rings-cheese-60g-x-10ct,,,,,,,,,Shipper (6 Outer),,,,,,,,S0210_Shipper,0.0,shopify,0,deny,manual,81.00,,true,true,,,,,,,,,,,,,,,,,,,,,,,,,,,,,kg,,,
oriental-rota-prawns-60g-x-10ct,Oriental Rota Prawns 60g x 10ct,,DutchRusk,"Food, Beverages & Tobacco > Food Items > Snack Foods","","",true,Pack Size,Outer,,,,,,,,R0100_Outer,0.0,shopify,2,deny,manual,13.50,,true,true,,,,,,https://cdn.shopify.com/s/files/1/0668/0861/1129/files/R0100OrientalRotaPrawns60g.jpg?v=1762803434,1,"",false,,,423,,,,,,,,,,,,,,,,,kg,,,active
oriental-rota-prawns-60g-x-10ct,,,,,,,,,Shipper (6 Outer),,,,,,,,R0100_Shipper,0.0,shopify,0,deny,manual,81.00,,true,true,,,,,,,,,,,,,,,,,,,,,,,,,,,,,kg,,,
oriental-cheese-balls-60g-x-10ct,Oriental Cheese Balls 60g x 10ct,,DutchRusk,"Food, Beverages & Tobacco > Food Items > Snack Foods","","",true,Pack Size,Outer,,,,,,,,O0055_Outer,0.0,shopify,15,deny,manual,13.50,,true,true,,,,,,https://cdn.shopify.com/s/files/1/0668/0861/1129/files/O0055OrientalCheeseBalls60g.jpg?v=1762803405,1,"",false,,,423,,,,,,,,,,,,,,,,,kg,,,active
oriental-cheese-balls-60g-x-10ct,,,,,,,,,Shipper (6 Outer),,,,,,,,O0055_Shipper,0.0,shopify,2,deny,manual,81.00,,true,true,,,,,,,,,,,,,,,,,,,,,,,,,,,,,kg,,,
monster-nitro-super-dry-500ml-x-12ct,Monster Nitro Super Dry 500ml x 12ct,,DutchRusk,"Food, Beverages & Tobacco > Beverages","","Drinks, Monster",true,Pack Size,Shipper,,,,,,,,M0155_Shipper,0.0,shopify,0,deny,manual,34.68,,true,true,,,,,,https://cdn.shopify.com/s/files/1/0668/0861/1129/files/M0155MonsterNitroSuperDry.jpg?v=1762803356,1,"",false,,,413,,,,,,,,,,,,,,,,,kg,,,active
jarritos-mexican-cola-370ml-x-24ct,Jarritos Mexican Cola 370ml x 24ct,,DutchRusk,"Food, Beverages & Tobacco > Beverages","","",true,Pack Size,Tray,,,,,,,,J0041_Tray,0.0,shopify,6,deny,manual,91.20,,true,true,,,,,,https://cdn.shopify.com/s/files/1/0668/0861/1129/files/J0041JarritosMexicanCola.jpg?v=1762803004,1,"",false,,,413,,,,,,,,,,,,,,,,,kg,,,active
jarritos-mango-370ml-x-24ct,Jarritos Mango 370ml x 24ct,,DutchRusk,"Food, Beverages & Tobacco > Beverages","","",true,Pack Size,Tray,,,,,,,,J0040_Tray,0.0,shopify,4,deny,manual,91.20,,true,true,,,,,,https://cdn.shopify.com/s/files/1/0668/0861/1129/files/J0040JarritosMango.jpg?v=1762802934,1,"",false,,,413,,,,,,,,,,,,,,,,,kg,,,active
jarritos-mandarin-370ml-x-24ct,Jarritos Mandarin 370ml x 24ct,,DutchRusk,"Food, Beverages & Tobacco > Beverages","","",true,Pack Size,Tray,,,,,,,,J0039_Tray,0.0,shopify,4,deny,manual,91.20,,true,true,,,,,,https://cdn.shopify.com/s/files/1/0668/0861/1129/files/J0039JarritosMandarin.jpg?v=1762802912,1,"",false,,,413,,,,,,,,,,,,,,,,,kg,,,active
jarritos-lime-370ml-x-24ct,Jarritos Lime 370ml x 24ct,,DutchRusk,"Food, Beverages & Tobacco > Beverages","","",true,Pack Size,Tray,,,,,,,,J0038_Tray,0.0,shopify,1,deny,manual,91.20,,true,true,,,,,,https://cdn.shopify.com/s/files/1/0668/0861/1129/files/J0038JorritosLime370ml.jpg?v=1762802889,1,"",false,,,413,,,,,,,,,,,,,,,,,kg,,,active
flair-dubai-chocolate-mango-truffles-45g-x12ct,Flair Dubai Chocolate Mango Truffles 45g x12ct,,DutchRusk,"Food, Beverages & Tobacco > Food Items > Candy & Chocolate","",Novelty,true,Pack Size,Outer,,,,,,,,D0278_Outer,0.0,shopify,0,deny,manual,40.20,,true,true,,,,,,https://cdn.shopify.com/s/files/1/0668/0861/1129/files/D0278FlairDubaiMangoTruffles45g.jpg?v=1762802868,1,"",false,,,4748,,,,,,,,,,,,,,,,,kg,,,active
flair-dubai-chocolate-mango-truffles-45g-x12ct,,,,,,,,,Shipper (4 Outer),,,,,,,,D0278_Shipper,0.0,shopify,0,deny,manual,160.80,,true,true,,,,,,,,,,,,,,,,,,,,,,,,,,,,,kg,,,
flair-dubai-chocolate-pistachio-pralines-45g-x12ct,Flair Dubai Chocolate Pistachio Pralines 45g x12ct,,DutchRusk,"Food, Beverages & Tobacco > Food Items > Candy & Chocolate","",Novelty,true,Pack Size,Outer,,,,,,,,D0277_Outer,0.0,shopify,25,deny,manual,40.20,,true,true,,,,,,https://cdn.shopify.com/s/files/1/0668/0861/1129/files/D0277FlairDubaiPistachioPraline45g.jpg?v=1762802846,1,"",false,,,4748,,,,,,,,,,,,,,,,,kg,,,active
flair-dubai-chocolate-pistachio-pralines-45g-x12ct,,,,,,,,,Shipper (4 Outer),,,,,,,,D0277_Shipper,0.0,shopify,6,deny,manual,160.80,,true,true,,,,,,,,,,,,,,,,,,,,,,,,,,,,,kg,,,
monster-nitro-cosmic-peach-500ml-x-12ct,Monster Nitro Cosmic Peach 500ml x 12ct,,DutchRusk,"Food, Beverages & Tobacco > Beverages","","Drinks, Monster",true,Pack Size,Shipper,,,,,,,,C01011_Shipper,0.0,shopify,1,deny,manual,34.68,,true,true,,,,,,https://cdn.shopify.com/s/files/1/0668/0861/1129/files/C01011MonsterNitroCosmicPeach.jpg?v=1762802816,1,"",false,,,413,,,,,,,,,,,,,,,,,kg,,,active
schweppes-solo-original-lemon-375ml-x-30ct,Schweppes Solo Original Lemon  375ml x 30ct,,DutchRusk,"Food, Beverages & Tobacco > Beverages","","",true,Pack Size,Shipper,,,,,,,,S0260_Shipper,0.0,shopify,0,deny,manual,50.10,,true,true,,,,,,https://cdn.shopify.com/s/files/1/0668/0861/1129/files/S0260SchweepesSolo375ml.jpg?v=1762219206,1,"",false,,,413,,,,,,,,,,,,,,,,,kg,,,active
schweppes-solo-energy-500ml-x-24ct,Schweppes Solo Energy 500ml x 24ct,,DutchRusk,"Food, Beverages & Tobacco > Beverages","","",true,Pack Size,Shipper,,,,,,,,S0255_Shipper,0.0,shopify,6,deny,manual,81.70,,true,true,,,,,,https://cdn.shopify.com/s/files/1/0668/0861/1129/files/S0255SchweppesSoloEnergy500ml.jpg?v=1762219184,1,"",false,,,413,,,,,,,,,,,,,,,,,kg,,,active
schweppes-solo-energy-250ml-x-24ct,Schweppes Solo Energy 250ml x 24ct,,DutchRusk,"Food, Beverages & Tobacco > Beverages","","",true,Pack Size,Shipper,,,,,,,,S0254_Shipper,0.0,shopify,106,deny,manual,60.30,,true,true,,,,,,https://cdn.shopify.com/s/files/1/0668/0861/1129/files/S0254SchweppesSoloEnergy250ml.jpg?v=1762219158,1,"",false,,,413,,,,,,,,,,,,,,,,,kg,,,active
sniks-pork-crackle-sea-salt-50g-x-25ct,Sniks Pork Crackle Sea Salt 50g x 25ct,,DutchRusk,"Food, Beverages & Tobacco > Food Items > Snack Foods","","",true,Pack Size,Bag,,,,,,,,PC02_Bag,0.0,shopify,67,deny,manual,2.84,,true,true,,,,,,https://cdn.shopify.com/s/files/1/0668/0861/1129/files/PC02SniksSeaSalt.jpg?v=1762219128,1,"",false,,,423,,,,,,,,,,,,,,,,,kg,,,active
sniks-pork-crackle-sea-salt-50g-x-25ct,,,,,,,,,Shipper (25 Bag),,,,,,,,PC02_Shipper,0.0,shopify,2,deny,manual,71.00,,true,true,,,,,,,,,,,,,,,,,,,,,,,,,,,,,kg,,,
long-rope-gum-tutti-frutti-50g-x-48ct,Long Rope Gum - Tutti Frutti 50g x 48ct,,DutchRusk,"Food, Beverages & Tobacco > Food Items > Candy & Chocolate","",Gum,false,Pack Size,Outer,,,,,,,,MAYFARLRG_Outer,0.0,shopify,0,deny,manual,34.70,,true,true,,,,,,https://cdn.shopify.com/s/files/1/0668/0861/1129/files/MAYFARLRGLongRopeGum.jpg?v=1762219097,1,"",false,,,4748,,,,,,,,,,,,,,,,,kg,,,draft
long-rope-gum-tutti-frutti-50g-x-48ct,,,,,,,,,Shipper (4 Outer),,,,,,,,MAYFARLRG_Shipper,0.0,shopify,0,deny,manual,138.80,,true,true,,,,,,,,,,,,,,,,,,,,,,,,,,,,,kg,,,
sweetway-magic-powder-gum-40g-x-18ct,Sweetway Magic Powder Gum 40g x 18ct,,DutchRusk,"Food, Beverages & Tobacco > Food Items > Candy & Chocolate","",Gum,true,Pack Size,Outer,,,,,,,,MAYFAIR154_Outer,0.0,shopify,0,deny,manual,19.55,,true,true,,,,,,https://cdn.shopify.com/s/files/1/0668/0861/1129/files/MAYFAIR154PowderBubbleGumasorted_003.jpg?v=1762219057,1,"",false,,,4748,,,,,,,,,,,,,,,,,kg,,,active
sweetway-magic-powder-gum-40g-x-18ct,,,,,,,,,Shipper (8 Outer),,,,,,,,MAYFAIR154_Shipper,0.0,shopify,0,deny,manual,156.40,,true,true,,,,,,,,,,,,,,,,,,,,,,,,,,,,,kg,,,
monster-bad-apple-500ml-x-12ct,Monster Bad Apple 500ml x 12ct,,DutchRusk,"Food, Beverages & Tobacco > Beverages","","Drinks, Monster",true,Pack Size,Shipper,,,,,,,,M1017_Shipper,0.0,shopify,0,deny,manual,34.68,,true,true,,,,,,https://cdn.shopify.com/s/files/1/0668/0861/1129/files/M1017MonsterBadApple500ml.jpg?v=1762219023,1,"",false,,,413,,,,,,,,,,,,,,,,,kg,,,active
monster-monarch-500ml-x-12ct,Monster Monarch 500ml x 12ct,,DutchRusk,"Food, Beverages & Tobacco > Beverages","","Drinks, Monster",true,Pack Size,Shipper,,,,,,,,M0146_Shipper,0.0,shopify,12,deny,manual,34.68,,true,true,,,,,,https://cdn.shopify.com/s/files/1/0668/0861/1129/files/M0146MonsterMonarch.jpg?v=1762218993,1,"",false,,,413,,,,,,,,,,,,,,,,,kg,,,active
pods-snickers-160g-x-15ct-1,Pods Snickers 160g x 15ct,,DutchRusk,"Food, Beverages & Tobacco > Food Items > Candy & Chocolate","",Night n Day Misc,true,Pack Size,Bag,,,,,,,,M0058-1_Bag,0.0,shopify,0,deny,manual,6.06,,true,true,,,,,,https://cdn.shopify.com/s/files/1/0668/0861/1129/files/M0058-1PODSSNICKERS160g_85729348-d0c7-4e91-913b-a108d00731c8.jpg?v=1762218962,1,"",false,,,4748,,,,,,,,,,,,,,,,,kg,,,active
pods-snickers-160g-x-15ct-1,,,,,,,,,Shipper (15 Bag),,,,,,,,M0058-1_Shipper,0.0,shopify,0,deny,manual,90.90,,true,true,,,,,,,,,,,,,,,,,,,,,,,,,,,,,kg,,,
pods-mars-160g-x-15ct-1,Pods Mars 160g x 15ct,,DutchRusk,"Food, Beverages & Tobacco > Food Items > Candy & Chocolate","",Night n Day Misc,true,Pack Size,Bag,,,,,,,,M0057-1_Bag,0.0,shopify,596,deny,manual,6.06,,true,true,,,,,,https://cdn.shopify.com/s/files/1/0668/0861/1129/files/M0057-1PODSMars160gpouch.jpg?v=1762218912,1,"",false,,,4748,,,,,,,,,,,,,,,,,kg,,,active
pods-mars-160g-x-15ct-1,,,,,,,,,Shipper (15 Bag),,,,,,,,M0057-1_Shipper,0.0,shopify,39,deny,manual,90.90,,true,true,,,,,,,,,,,,,,,,,,,,,,,,,,,,,kg,,,
pods-twix-160g-x-15ct-1,Pods Twix 160g x 15ct,,DutchRusk,"Food, Beverages & Tobacco > Food Items > Candy & Chocolate","",Night n Day Misc,true,Pack Size,Bag,,,,,,,,M0056-1_Bag,0.0,shopify,655,deny,manual,6.06,,true,true,,,,,,https://cdn.shopify.com/s/files/1/0668/0861/1129/files/M0056-1PodsTwix.jpg?v=1762218883,1,"",false,,,4748,,,,,,,,,,,,,,,,,kg,,,active
pods-twix-160g-x-15ct-1,,,,,,,,,Shipper (15 Bag),,,,,,,,M0056-1_Shipper,0.0,shopify,43,deny,manual,90.90,,true,true,,,,,,,,,,,,,,,,,,,,,,,,,,,,,kg,,,
monster-pipeline-punch-500ml-x-12ct,Monster Pipeline Punch 500ml x 12ct,,DutchRusk,"Food, Beverages & Tobacco > Beverages","","Drinks, Monster",true,Pack Size,Shipper,,,,,,,,M0026_Shipper,0.0,shopify,6,deny,manual,34.68,,true,true,,,,,,https://cdn.shopify.com/s/files/1/0668/0861/1129/files/M0026MonsterPipelinePunch.jpg?v=1762218858,1,"",false,,,413,,,,,,,,,,,,,,,,,kg,,,active
monster-aussie-lemonade-500ml-x-12ct,Monster Aussie Lemonade 500ml x 12ct,,DutchRusk,"Food, Beverages & Tobacco > Beverages","","Drinks, Monster",true,Pack Size,Shipper,,,,,,,,M00106_Shipper,0.0,shopify,4,deny,manual,34.68,,true,true,,,,,,https://cdn.shopify.com/s/files/1/0668/0861/1129/files/M00106MonsterAussieLemonade500ml.jpg?v=1762218828,1,"",false,,,413,,,,,,,,,,,,,,,,,kg,,,active
plaster-spidey-and-friends-20ct,Plaster - Spidey And Friends 20ct,,DutchRusk,Health & Beauty > Health Care > First Aid > Medical Tape & Bandages > Adhesive Bandages & Plasters,"",Health,true,Pack Size,Packet,,,,,,,,J0079_Packet,0.0,shopify,299,deny,manual,2.95,,true,true,,,,,,https://cdn.shopify.com/s/files/1/0668/0861/1129/files/J0079Plaster-Spidey.jpg?v=1762218796,1,"",false,,,,,,,,,,,,,,,,,,,,kg,,,active
plaster-minecraft-20ct,Plaster - Minecraft 20ct,,DutchRusk,Health & Beauty > Health Care > First Aid > Medical Tape & Bandages > Adhesive Bandages & Plasters,"",Health,true,Pack Size,Packet,,,,,,,,J0078_Packet,0.0,shopify,295,deny,manual,2.95,,true,true,,,,,,https://cdn.shopify.com/s/files/1/0668/0861/1129/files/J0078-Plaster-Minecraft.jpg?v=1762218765,1,"",false,,,,,,,,,,,,,,,,,,,,kg,,,active
plaster-disney-princess-20ct,Plaster - Disney Princess 20ct,,DutchRusk,Health & Beauty > Health Care > First Aid > Medical Tape & Bandages > Adhesive Bandages & Plasters,"",Health,true,Pack Size,Packet,,,,,,,,J0077_Packet,0.0,shopify,319,deny,manual,2.95,,true,true,,,,,,https://cdn.shopify.com/s/files/1/0668/0861/1129/files/J0077Plaster-DisneyPrincess.jpg?v=1762218743,1,"",false,,,,,,,,,,,,,,,,,,,,kg,,,active
plaster-barbie-20ct,Plaster - Barbie 20ct,,DutchRusk,Health & Beauty > Health Care > First Aid > Medical Tape & Bandages > Adhesive Bandages & Plasters,"",Health,true,Pack Size,Packet,,,,,,,,J0076_Packet,0.0,shopify,277,deny,manual,2.95,,true,true,,,,,,https://cdn.shopify.com/s/files/1/0668/0861/1129/files/J0076Plaster-Barbie.jpg?v=1762218716,1,"",false,,,,,,,,,,,,,,,,,,,,kg,,,active
plaster-band-aid-tough-strips-20ct,Plaster - Band-Aid Tough Strips 20ct,,DutchRusk,Health & Beauty > Health Care > First Aid > Medical Tape & Bandages > Adhesive Bandages & Plasters,"",Health,true,Pack Size,Packet,,,,,,,,J0075_Packet,0.0,shopify,563,deny,manual,4.05,,true,true,,,,,,https://cdn.shopify.com/s/files/1/0668/0861/1129/files/J0075Bandaidtoughstrip.jpg?v=1762218645,1,"",false,,,,,,,,,,,,,,,,,,,,kg,,,active
plaster-band-aid-fabric-strips-50ct,Plaster - Band-Aid Fabric Strips 50ct,,DutchRusk,Health & Beauty > Health Care > First Aid > Medical Tape & Bandages > Adhesive Bandages & Plasters,"",Health,true,Pack Size,Packet,,,,,,,,J0074_Packet,0.0,shopify,1360,deny,manual,5.40,,true,true,,,,,,https://cdn.shopify.com/s/files/1/0668/0861/1129/files/J0074BandAidFabricStrip_a7f6135d-6414-406f-bba9-f947e310a7ec.jpg?v=1762218621,1,"",false,,,,,,,,,,,,,,,,,,,,kg,,,active
pascall-2kg-wine-gum,Pascall 2kg Wine Gum,,Pascall,"Food, Beverages & Tobacco > Food Items > Candy & Chocolate","","2kg, Pascall, TNCC",true,Pack Size,Bag,,,,,,,,621984_Bag,0.0,shopify,15,deny,manual,18.15,,true,true,,,,,,https://cdn.shopify.com/s/files/1/0668/0861/1129/files/621984WINEGUMS.jpg?v=1762218533,1,"",false,,,4748,,,,,,,,,,,,,,,,,kg,,,active
pascall-2kg-wine-gum,,,,,,,,,Shipper (3 Bag),,,,,,,,621984_Shipper,0.0,shopify,5,deny,manual,54.45,,true,true,,,,,,,,,,,,,,,,,,,,,,,,,,,,,kg,,,
47g-mars-cookie-dough-x-25ct,47g Mars Cookie Dough x 25ct,,Mars,"Food, Beverages & Tobacco > Food Items > Candy & Chocolate","","Mars Single Bars, Night n Day Misc",true,Pack Size,Outer,,,,,,,,478586_Outer,0.0,shopify,28,deny,manual,39.10,,true,true,,,,,,https://cdn.shopify.com/s/files/1/0668/0861/1129/files/478586MarsCookieDoughSingleBar.jpg?v=1762218497,1,"",false,,,4748,,,,,,,,,,,,,,,,,kg,,,active
47g-mars-cookie-dough-x-25ct,,,,,,,,,Shipper (8 Outer),,,,,,,,478586_Shipper,0.0,shopify,3,deny,manual,312.80,,true,true,,,,,,,,,,,,,,,,,,,,,,,,,,,,,kg,,,
64g-mars-cookie-dough-2-pak-x-25ct,64g Mars Cookie Dough 2 Pak Kingsize x 25ct,,Mars,"Food, Beverages & Tobacco > Food Items > Candy & Chocolate","",Night n Day Misc,true,Pack Size,Outer,,,,,,,,478571_Outer,0.0,shopify,154,deny,manual,70.30,,true,true,,,,,,https://cdn.shopify.com/s/files/1/0668/0861/1129/files/478571MarsCookieDough2Pack.jpg?v=1762218466,1,"",false,,,4748,,,,,,,,,,,,,,,,,kg,,,active
64g-mars-cookie-dough-2-pak-x-25ct,,,,,,,,,Shipper (4 Outer),,,,,,,,478571_Shipper,0.0,shopify,38,deny,manual,281.20,,true,true,,,,,,,,,,,,,,,,,,,,,,,,,,,,,kg,,,
cadbury-43g-luxury-flake-x-45ct,Cadbury 43g Luxury Flake Kingsize x 45ct,,Cadbury,"Food, Beverages & Tobacco > Food Items > Candy & Chocolate","",Night n Day Misc,true,Pack Size,Outer,,,,,,,,4325679_Outer,0.0,shopify,54,deny,manual,109.80,,true,true,,,,,,https://cdn.shopify.com/s/files/1/0668/0861/1129/files/4325679Luxuryflake.jpg?v=1762218112,1,"",false,,,4748,,,,,,,,,,,,,,,,,kg,,,active
cadbury-43g-luxury-flake-x-45ct,,,,,,,,,Shipper (6 Outer),,,,,,,,4325679_Shipper,0.0,shopify,9,deny,manual,658.80,,true,true,,,,,,,,,,,,,,,,,,,,,,,,,,,,,kg,,,
cadbury-48g-peanut-slices-bar-x-48ct,Cadbury 48g Peanut Slices Bar x 48ct,,Cadbury,"Food, Beverages & Tobacco > Food Items > Candy & Chocolate","","Cadbury Single Bars, Night n Day Misc",true,Pack Size,Outer,,,,,,,,4319762_Outer,0.0,shopify,8,deny,manual,75.02,,true,true,,,,,,https://cdn.shopify.com/s/files/1/0668/0861/1129/files/4319762DairyMilkPeanutCaramelSlicechunky.jpg?v=1762218084,1,"",false,,,4748,,,,,,,,,,,,,,,,,kg,,,active
cadbury-48g-peanut-slices-bar-x-48ct,,,,,,,,,Shipper (6 Outer),,,,,,,,4319762_Shipper,0.0,shopify,1,deny,manual,450.12,,true,true,,,,,,,,,,,,,,,,,,,,,,,,,,,,,kg,,,
cadbury-170g-dream-lemon-slices-block-x-15ct,Cadbury 170g Dream Lemon Slices Block x 15ct,,Cadbury,"Food, Beverages & Tobacco > Food Items > Candy & Chocolate","","Cadbury Blocks, hide-block, hide-shipper, Night n Day Misc, Timezone",true,Pack Size,Block,,,,,,,,4319660_Block,0.0,shopify,111,deny,manual,4.72,,true,true,,,,,,https://cdn.shopify.com/s/files/1/0668/0861/1129/files/4319660CadburyDreamSlicesLemonblock.jpg?v=1762218056,1,"",false,,,4748,,,,,,,,,,,,,,,,,kg,,,active
cadbury-170g-dream-lemon-slices-block-x-15ct,,,,,,,,,Outer (15 Block),,,,,,,,4319660_Outer,0.0,shopify,7,deny,manual,70.80,,true,true,,,,,,,,,,,,,,,,,,,,,,,,,,,,,kg,,,
cadbury-170g-dream-lemon-slices-block-x-15ct,,,,,,,,,Shipper (60 Block),,,,,,,,4319660_Shipper,0.0,shopify,1,deny,manual,283.20,,true,true,,,,,,,,,,,,,,,,,,,,,,,,,,,,,kg,,,
pascall-2kg-party-pack,Pascall 2kg Party Pack,,Pascall,"Food, Beverages & Tobacco > Food Items > Candy & Chocolate","","2kg, Pascall, TNCC",true,Pack Size,Bag,,,,,,,,4068105_Bag,0.0,shopify,30,deny,manual,18.15,,true,true,,,,,,https://cdn.shopify.com/s/files/1/0668/0861/1129/files/4068105Pascall2kgPartyPack.jpg?v=1762218029,1,"",false,,,4748,,,,,,,,,,,,,,,,,kg,,,active
pascall-2kg-party-pack,,,,,,,,,Shipper (3 Bag),,,,,,,,4068105_Shipper,0.0,shopify,10,deny,manual,54.45,,true,true,,,,,,,,,,,,,,,,,,,,,,,,,,,,,kg,,,
arnotts-shapes-pizza-190g-x-24ct,Arnotts Shapes Pizza 190g x 24ct,,Arnotts,"Food, Beverages & Tobacco > Food Items > Snack Foods","",Arnotts,true,Pack Size,Each,,,,,,,,200280987797-1_Each,0.0,shopify,72,deny,manual,2.95,,true,true,,,,,,https://cdn.shopify.com/s/files/1/0668/0861/1129/files/200280987797-1ArnottsShapesPizza.jpg?v=1762218000,1,"",false,,,423,,,,,,,,,,,,,,,,,kg,,,active
arnotts-shapes-pizza-190g-x-24ct,,,,,,,,,Shipper (24 Each),,,,,,,,200280987797-1_Shipper,0.0,shopify,3,deny,manual,70.80,,true,true,,,,,,,,,,,,,,,,,,,,,,,,,,,,,kg,,,
arnotts-shapes-chicken-175g-x-24ct,Arnotts Shapes Chicken 175g x 24ct,,Arnotts,"Food, Beverages & Tobacco > Food Items > Snack Foods","",Arnotts,true,Pack Size,Each,,,,,,,,200280983256-1_Each,0.0,shopify,83,deny,manual,2.95,,true,true,,,,,,https://cdn.shopify.com/s/files/1/0668/0861/1129/files/200280983256-1ArnottsShapesChicken.jpg?v=1762217963,1,"",false,,,423,,,,,,,,,,,,,,,,,kg,,,active
arnotts-shapes-chicken-175g-x-24ct,,,,,,,,,Shipper (24 Each),,,,,,,,200280983256-1_Shipper,0.0,shopify,3,deny,manual,70.80,,true,true,,,,,,,,,,,,,,,,,,,,,,,,,,,,,kg,,,
arnotts-tim-tam-double-coated-200g-x-24ct,Arnotts Tim Tam Double Coated 200g x 24ct,,Arnotts,"Food, Beverages & Tobacco > Food Items > Snack Foods","",Arnotts,true,Pack Size,Each,,,,,,,,200280216050-1_Each,0.0,shopify,60,deny,manual,3.62,,true,true,,,,,,https://cdn.shopify.com/s/files/1/0668/0861/1129/files/200280216050-1TimTamDoubleCoat.jpg?v=1762217914,1,"",false,,,423,,,,,,,,,,,,,,,,,kg,,,active
arnotts-tim-tam-double-coated-200g-x-24ct,,,,,,,,,Shipper (24 Each),,,,,,,,200280216050-1_Shipper,0.0,shopify,2,deny,manual,86.88,,true,true,,,,,,,,,,,,,,,,,,,,,,,,,,,,,kg,,,
arnotts-tim-tam-chewy-caramel-175g-x-24ct,Arnotts Tim Tam Chewy Caramel 175g x 24ct,,Arnotts,"Food, Beverages & Tobacco > Food Items > Snack Foods","",Arnotts,true,Pack Size,Each,,,,,,,,200280211050-1_Each,0.0,shopify,52,deny,manual,3.62,,true,true,,,,,,https://cdn.shopify.com/s/files/1/0668/0861/1129/files/200280211050-1TimTamChewyCaramel.jpg?v=1761766263,1,"",false,,,423,,,,,,,,,,,,,,,,,kg,,,active
arnotts-tim-tam-chewy-caramel-175g-x-24ct,,,,,,,,,Shipper (24 Each),,,,,,,,200280211050-1_Shipper,0.0,shopify,2,deny,manual,86.88,,true,true,,,,,,,,,,,,,,,,,,,,,,,,,,,,,kg,,,
arnotts-tim-tam-original-200g-x-24ct,Arnotts Tim Tam Original 200g x 24ct,,Arnotts,"Food, Beverages & Tobacco > Food Items > Snack Foods","",Arnotts,true,Pack Size,Each,,,,,,,,200280207680-1_Each,0.0,shopify,53,deny,manual,3.62,,true,true,,,,,,https://cdn.shopify.com/s/files/1/0668/0861/1129/files/200280207680-1TimTamOriginal.jpg?v=1761706969,1,"",false,,,423,,,,,,,,,,,,,,,,,kg,,,active
arnotts-tim-tam-original-200g-x-24ct,,,,,,,,,Shipper (24 Each),,,,,,,,200280207680-1_Shipper,0.0,shopify,2,deny,manual,86.88,,true,true,,,,,,,,,,,,,,,,,,,,,,,,,,,,,kg,,,
rainbow-after-dinner-mints-150g-x15ct,Rainbow After Dinner Mints 150g x15ct,,Rainbow,"Food, Beverages & Tobacco > Food Items > Candy & Chocolate","","",true,Pack Size,Bag,,,,,,,,14010_Bag,0.0,shopify,59,deny,manual,2.85,,true,true,,,,,,https://cdn.shopify.com/s/files/1/0668/0861/1129/files/14010RainbowAfterDinnerMints150g.jpg?v=1761619140,1,"",false,,,4748,,,,,,,,,,,,,,,,,kg,,,active
rainbow-after-dinner-mints-150g-x15ct,,,,,,,,,Shipper (15 Bag),,,,,,,,14010_Shipper,0.0,shopify,3,deny,manual,42.75,,true,true,,,,,,,,,,,,,,,,,,,,,,,,,,,,,kg,,,
arnotts-shapes-cheese-and-bacon-180g-x-24ct,Arnotts Shapes Cheese And Bacon 180g x 24ct,,Arnotts,"Food, Beverages & Tobacco > Food Items > Snack Foods","",Arnotts,true,Pack Size,Each,,,,,,,,200280983252-1_Each,0.0,shopify,76,deny,manual,2.95,,true,true,,,,,,https://cdn.shopify.com/s/files/1/0668/0861/1129/files/200280983252-1ArnottsShapesCheeseandBacon.jpg?v=1761619116,1,"",false,,,423,,,,,,,,,,,,,,,,,kg,,,active
arnotts-shapes-cheese-and-bacon-180g-x-24ct,,,,,,,,,Shipper (24 Each),,,,,,,,200280983252-1_Shipper,0.0,shopify,3,deny,manual,70.80,,true,true,,,,,,,,,,,,,,,,,,,,,,,,,,,,,kg,,,
tnt-sour-tongue-painter-1kg-x-222ct-4,TNT Sour Tongue Painter 1Kg x 222ct,,TNT,"Food, Beverages & Tobacco > Food Items > Candy & Chocolate","","1kg, Bulk Gummies and Lollies, Novelty",true,Pack Size,Bag,,,,,,,,SAO365_Bag,0.0,shopify,134,deny,manual,11.30,,true,true,,,,,,https://cdn.shopify.com/s/files/1/0668/0861/1129/files/SAO365TNTSuperSourTonguePainter.jpg?v=1759955630,1,"",false,,,4748,,,,,,,,,,,,,,,,,kg,,,active
tnt-sour-tongue-painter-1kg-x-222ct-4,,,,,,,,,Shipper (6 Bag),,,,,,,,SAO365_Shipper,0.0,shopify,22,deny,manual,67.80,,true,true,,,,,,,,,,,,,,,,,,,,,,,,,,,,,kg,,,
zombie-chews-sour-watermelon-28g-x72ct,Zombie Chews Sour Watermelon 28g x72ct,,DutchRusk,"Food, Beverages & Tobacco > Food Items > Candy & Chocolate","","Novelty, Timezone",true,Pack Size,Outer,,,,,,,,SRSZCW_Outer,0.0,shopify,61,deny,manual,27.75,,true,true,,,,,,https://cdn.shopify.com/s/files/1/0668/0861/1129/files/SRSZCWZombieChewsSourWatermelon.jpg?v=1760922577,1,"",false,,,4748,,,,,,,,,,,,,,,,,kg,,,active
zombie-chews-sour-watermelon-28g-x72ct,,,,,,,,,Shipper (6 Outer),,,,,,,,SRSZCW_Shipper,0.0,shopify,10,deny,manual,166.50,,true,true,,,,,,,,,,,,,,,,,,,,,,,,,,,,,kg,,,
whittakers-mini-slab-cranberry-almond-180g-x12ct,Whittakers Mini Slab - Almond Cranberry 180g x12ct,,Whittakers,,"","",true,Pack Size,Bag,,,,,,,,FG1210_Bag,0.0,shopify,0,deny,manual,7.55,,true,true,,,,,,,,,false,,,,,,,,,,,,,,,,,,,,kg,,,active
whittakers-mini-slab-cranberry-almond-180g-x12ct,,,,,,,,,Shipper (12 Bag),,,,,,,,FG1210_Shipper,0.0,shopify,0,deny,manual,90.60,,true,true,,,,,,,,,,,,,,,,,,,,,,,,,,,,,kg,,,
whittakers-mini-slab-hokey-pokey-180g-x12ct,Whittakers Mini Slab - Hokey Pokey 180g x12ct,,Whittakers,,"","",true,Pack Size,Bag,,,,,,,,FG1203_Bag,0.0,shopify,0,deny,manual,7.55,,true,true,,,,,,,,,false,,,,,,,,,,,,,,,,,,,,kg,,,active
whittakers-mini-slab-hokey-pokey-180g-x12ct,,,,,,,,,Shipper (12 Bag),,,,,,,,FG1203_Shipper,0.0,shopify,0,deny,manual,90.60,,true,true,,,,,,,,,,,,,,,,,,,,,,,,,,,,,kg,,,
whittakers-mini-slab-berry-forest-180g-x12ct,Whittakers Mini Slab - Berry Forest 180g x12ct,,Whittakers,,"","",true,Pack Size,Bag,,,,,,,,FG1201_Bag,0.0,shopify,0,deny,manual,7.55,,true,true,,,,,,,,,false,,,,,,,,,,,,,,,,,,,,kg,,,active
whittakers-mini-slab-berry-forest-180g-x12ct,,,,,,,,,Shipper (12 Bag),,,,,,,,FG1201_Shipper,0.0,shopify,0,deny,manual,90.60,,true,true,,,,,,,,,,,,,,,,,,,,,,,,,,,,,kg,,,
whittakers-mini-slab-dark-orange-180g-x12ct,Whittakers Mini Slab - Dark Orange 180g x12ct,,Whittakers,,"","",true,Pack Size,Bag,,,,,,,,FG0217_Bag,0.0,shopify,0,deny,manual,7.55,,true,true,,,,,,,,,false,,,,,,,,,,,,,,,,,,,,kg,,,active
whittakers-mini-slab-dark-orange-180g-x12ct,,,,,,,,,Shipper (12 Bag),,,,,,,,FG0217_Shipper,0.0,shopify,0,deny,manual,90.60,,true,true,,,,,,,,,,,,,,,,,,,,,,,,,,,,,kg,,,
whittakers-mini-slab-tweats-popping-candy-180g-x12ct,Whittakers Mini Slab - Tweats Popping Candy 180g x12ct,,Whittakers,,"","",true,Pack Size,Bag,,,,,,,,FG0216_Bag,0.0,shopify,0,deny,manual,7.55,,true,true,,,,,,,,,false,,,,,,,,,,,,,,,,,,,,kg,,,active
whittakers-mini-slab-tweats-popping-candy-180g-x12ct,,,,,,,,,Shipper (12 Bag),,,,,,,,FG0216_Shipper,0.0,shopify,0,deny,manual,90.60,,true,true,,,,,,,,,,,,,,,,,,,,,,,,,,,,,kg,,,
whittakers-mini-slab-almond-gold-180g-x12ct,Whittakers Mini Slab - Almond Gold 180g x12ct,,Whittakers,,"","",true,Pack Size,Bag,,,,,,,,FG0206_Bag,0.0,shopify,0,deny,manual,7.55,,true,true,,,,,,,,,false,,,,,,,,,,,,,,,,,,,,kg,,,active
whittakers-mini-slab-almond-gold-180g-x12ct,,,,,,,,,Shipper (12 Bag),,,,,,,,FG0206_Shipper,0.0,shopify,0,deny,manual,90.60,,true,true,,,,,,,,,,,,,,,,,,,,,,,,,,,,,kg,,,
whittakers-mini-slab-coconut-180g-x12ct,Whittakers Mini Slab - Coconut 180g x12ct,,Whittakers,Uncategorized,"","",true,Pack Size,Bag,,,,,,,,FG0204_Bag,0.0,shopify,0,deny,manual,7.55,,true,true,,,,,,,,,false,,,4748,,,,,,,,,,,,,,,,,kg,,,active
whittakers-mini-slab-coconut-180g-x12ct,,,,,,,,,Shipper (12 Bag),,,,,,,,FG0204_Shipper,0.0,shopify,0,deny,manual,90.60,,true,true,,,,,,,,,,,,,,,,,,,,,,,,,,,,,kg,,,
whittakers-mini-slab-50-peppermint-180g-x12ct,Whittakers Mini Slab - Dark Peppermint 180g x12ct,,Whittakers,,"","",true,Pack Size,Bag,,,,,,,,FG0203_Bag,0.0,shopify,0,deny,manual,7.55,,true,true,,,,,,,,,false,,,,,,,,,,,,,,,,,,,,kg,,,active
whittakers-mini-slab-50-peppermint-180g-x12ct,,,,,,,,,Shipper (12 Bag),,,,,,,,FG0203_Shipper,0.0,shopify,0,deny,manual,90.60,,true,true,,,,,,,,,,,,,,,,,,,,,,,,,,,,,kg,,,
whittakers-mini-slab-creamy-milk-180g-x12ct,Whittakers Mini Slab - Creamy Milk 180g x12ct,,Whittakers,,"","",true,Pack Size,Bag,,,,,,,,FG0202_Bag,0.0,shopify,0,deny,manual,7.55,,true,true,,,,,,,,,false,,,,,,,,,,,,,,,,,,,,kg,,,active
whittakers-mini-slab-creamy-milk-180g-x12ct,,,,,,,,,Shipper (12 Bag),,,,,,,,FG0202_Shipper,0.0,shopify,0,deny,manual,90.60,,true,true,,,,,,,,,,,,,,,,,,,,,,,,,,,,,kg,,,
whittakers-mini-slab-peanut-180g-x12ct,Whittakers Mini Slab - Peanut 180g x12ct,,Whittakers,,"","",true,Pack Size,Bag,,,,,,,,FG0200_Bag,0.0,shopify,0,deny,manual,7.55,,true,true,,,,,,,,,false,,,,,,,,,,,,,,,,,,,,kg,,,active
whittakers-mini-slab-peanut-180g-x12ct,,,,,,,,,Shipper (12 Bag),,,,,,,,FG0200_Shipper,0.0,shopify,0,deny,manual,90.60,,true,true,,,,,,,,,,,,,,,,,,,,,,,,,,,,,kg,,,
skittles-tubes-sour-30g-x-12ct,Skittles Tubes - Sour 30g x 12ct,,Mars,"Food, Beverages & Tobacco > Food Items > Candy & Chocolate","",Night n Day Misc,true,Pack Size,Outer,,,,,,,,602064_Outer,0.0,shopify,10,deny,manual,18.80,,true,true,,,,,,https://cdn.shopify.com/s/files/1/0668/0861/1129/files/602064SkittlesTubeSours.jpg?v=1760922647,1,"",false,,,4748,,,,,,,,,,,,,,,,,kg,,,active
skittles-tubes-sour-30g-x-12ct,,,,,,,,,Shipper (10 Outer),,,,,,,,602064_Shipper,0.0,shopify,1,deny,manual,188.00,,true,true,,,,,,,,,,,,,,,,,,,,,,,,,,,,,kg,,,
skittles-tubes-fruit-30g-x-12ct,Skittles Tubes - Fruit 30g x 12ct,,Mars,"Food, Beverages & Tobacco > Food Items > Candy & Chocolate","",Night n Day Misc,true,Pack Size,Outer,,,,,,,,467504_Outer,0.0,shopify,8,deny,manual,18.80,,true,true,,,,,,https://cdn.shopify.com/s/files/1/0668/0861/1129/files/467504SkittlesTubeFruits.jpg?v=1760922682,1,"",false,,,4748,,,,,,,,,,,,,,,,,kg,,,active
skittles-tubes-fruit-30g-x-12ct,,,,,,,,,Shipper (10 Outer),,,,,,,,467504_Shipper,0.0,shopify,0,deny,manual,188.00,,true,true,,,,,,,,,,,,,,,,,,,,,,,,,,,,,kg,,,
balaji-tasty-peanuts-150g,Balaji Tasty Peanuts 150g,,DutchRusk,"Food, Beverages & Tobacco > Food Items > Snack Foods","","",true,Pack Size,Bag,,,,,,,,TP150G_Bag,0.0,shopify,2,deny,manual,2.70,,true,true,,,,,,https://cdn.shopify.com/s/files/1/0668/0861/1129/files/TP150GBALAJITASTYPEANUTS.jpg?v=1761619204,1,"",false,,,423,,,,,,,,,,,,,,,,,kg,,,active
balaji-tasty-peanuts-150g,,,,,,,,,Shipper (30 Bag),,,,,,,,TP150G_Shipper,0.0,shopify,0,deny,manual,81.00,,true,true,,,,,,,,,,,,,,,,,,,,,,,,,,,,,kg,,,
balaji-sev-150g,Balaji Sev 150g,,DutchRusk,"Food, Beverages & Tobacco > Food Items > Snack Foods","","",true,Pack Size,Bag,,,,,,,,SAO150G_Bag,0.0,shopify,46,deny,manual,2.50,,true,true,,,,,,https://cdn.shopify.com/s/files/1/0668/0861/1129/files/SAO150GBALAJISEV.jpg?v=1761619235,1,"",false,,,423,,,,,,,,,,,,,,,,,kg,,,active
balaji-sev-150g,,,,,,,,,Shipper (30 Bag),,,,,,,,SAO150G_Shipper,0.0,shopify,1,deny,manual,75.00,,true,true,,,,,,,,,,,,,,,,,,,,,,,,,,,,,kg,,,
balaji-bhujia-mix-mild-180g,Balaji Bhujia Mix - Mild 180g,,DutchRusk,"Food, Beverages & Tobacco > Food Items > Snack Foods","","",true,Pack Size,Bag,,,,,,,,MBM180G_Bag,0.0,shopify,0,deny,manual,2.50,,true,true,,,,,,https://cdn.shopify.com/s/files/1/0668/0861/1129/files/MBM180GBALAJIBHUJAMILD.jpg?v=1761619266,1,"",false,,,423,,,,,,,,,,,,,,,,,kg,,,active
balaji-bhujia-mix-mild-180g,,,,,,,,,Shipper (30 Bag),,,,,,,,MBM180G_Shipper,0.0,shopify,0,deny,manual,75.00,,true,true,,,,,,,,,,,,,,,,,,,,,,,,,,,,,kg,,,
balaji-bhujia-mix-hot-180g,Balaji Bhujia Mix - Hot 180g,,DutchRusk,"Food, Beverages & Tobacco > Food Items > Snack Foods","","",true,Pack Size,Bag,,,,,,,,MBH180G_Bag,0.0,shopify,0,deny,manual,2.50,,true,true,,,,,,https://cdn.shopify.com/s/files/1/0668/0861/1129/files/MBH180GBALAJIBHUJAHOT.jpg?v=1761619290,1,"",false,,,423,,,,,,,,,,,,,,,,,kg,,,active
balaji-bhujia-mix-hot-180g,,,,,,,,,Shipper (30 Bag),,,,,,,,MBH180G_Shipper,0.0,shopify,0,deny,manual,75.00,,true,true,,,,,,,,,,,,,,,,,,,,,,,,,,,,,kg,,,
balaji-dal-moth-150g,Balaji Dal Moth - 150g,,DutchRusk,"Food, Beverages & Tobacco > Food Items > Snack Foods","","",true,Pack Size,Bag,,,,,,,,DM150G_Bag,0.0,shopify,79,deny,manual,2.50,,true,true,,,,,,https://cdn.shopify.com/s/files/1/0668/0861/1129/files/DM150GBALAJIDALMOTH.jpg?v=1761619314,1,"",false,,,423,,,,,,,,,,,,,,,,,kg,,,active
balaji-dal-moth-150g,,,,,,,,,Shipper (30 Bag),,,,,,,,DM150G_Shipper,0.0,shopify,2,deny,manual,75.00,,true,true,,,,,,,,,,,,,,,,,,,,,,,,,,,,,kg,,,
aloe-mate-aloe-vera-lychee-drink-500ml-x-20ct,Aloe Mate Aloe Vera LYCHEE Drink 500ml x 20ct,,DutchRusk,"Food, Beverages & Tobacco > Beverages","",Drinks,true,Pack Size,Shipper,,,,,,,,C0394_Shipper,0.0,shopify,5,deny,manual,42.50,,true,true,,,,,,https://cdn.shopify.com/s/files/1/0668/0861/1129/files/C0394AloeMateLychee500ml.jpg?v=1761619335,1,"",false,,,413,,,,,,,,,,,,,,,,,kg,,,active
chi-jeera-masala-250ml-can-x-12ct,Chi Jeera Masala 250ml Can x 12ct,,DutchRusk,"Food, Beverages & Tobacco > Beverages","","",true,Pack Size,Shipper,,,,,,,,CH064_Shipper,0.0,shopify,11,deny,manual,29.04,,true,true,,,,,,https://cdn.shopify.com/s/files/1/0668/0861/1129/files/CH064ChiJeeraMasala250ml.jpg?v=1761619372,1,"",false,,,413,,,,,,,,,,,,,,,,,kg,,,active
cadbury-sharepack-freddo-with-crunchie-14-bags-per-box-12-bars-per-bag,Cadbury Sharepack Freddo With Crunchie - 14 bags per box - 12 bars per bag,,Cadbury,"Food, Beverages & Tobacco > Food Items > Candy & Chocolate","","Sharepacks, Timezone",true,Pack Size,Shipper,,,,,,,,4318109_Shipper,0.0,shopify,11,deny,manual,77.15,,true,true,,,,,,https://cdn.shopify.com/s/files/1/0668/0861/1129/files/4318109CadburySharepackFreddoCrunchie.jpg?v=1758231348,1,"",false,,,4748,,,,,,,,,,,,,,,,,kg,,,active
cadbury-sharepack-twirl-12-bags-per-box-12-bars-per-bag,Cadbury Sharepack Twirl - 12 bags per box - 12 bars per bag,,Cadbury,"Food, Beverages & Tobacco > Food Items > Candy & Chocolate","","Sharepacks, Timezone",true,Pack Size,Shipper,,,,,,,,649991_Shipper,0.0,shopify,18,deny,manual,66.10,,true,true,,,,,,https://cdn.shopify.com/s/files/1/0668/0861/1129/files/649991CadburySharepackTwirl.jpg?v=1757987917,1,"",false,,,4748,,,,,,,,,,,,,,,,,kg,,,active
cadbury-sharepack-turkish-delight-12-bags-per-box-12-bars-per-bag,Cadbury Sharepack Turkish Delight- 12 bags per box - 12 bars per bag,,Cadbury,"Food, Beverages & Tobacco > Food Items > Candy & Chocolate","",Sharepacks,true,Pack Size,Shipper,,,,,,,,4266405_Shipper,0.0,shopify,32,deny,manual,66.10,,true,true,,,,,,https://cdn.shopify.com/s/files/1/0668/0861/1129/files/4266405CadburySharepackTurkishDelight.jpg?v=1757987939,1,"",false,,,4748,,,,,,,,,,,,,,,,,kg,,,active
cadbury-sharepack-picnic-12-bags-per-box-12-bars-per-bag,Cadbury Sharepack Picnic - 12 bags per box - 12 bars per bag,,Cadbury,"Food, Beverages & Tobacco > Food Items > Candy & Chocolate","",Sharepacks,true,Pack Size,Shipper,,,,,,,,4266403_Shipper,0.0,shopify,16,deny,manual,66.10,,true,true,,,,,,https://cdn.shopify.com/s/files/1/0668/0861/1129/files/4266403SharepackPicnic.jpg?v=1757987968,1,"",false,,,4748,,,,,,,,,,,,,,,,,kg,,,active
vegeta-instant-soup-vegetablle-noodle-23g,Vegeta Instant Soup Vegetable Noodle 23g,,DutchRusk,"Food, Beverages & Tobacco > Food Items > Snack Foods","",Snacks,true,Pack Size,Each,,,,,,,,A901281-1_Each,0.0,shopify,28,deny,manual,1.15,,true,true,,,,,,https://cdn.shopify.com/s/files/1/0668/0861/1129/files/A901281-1VegetaVegeNoodle.jpg?v=1757551166,1,"",false,,,423,,,,,,,,,,,,,,,,,kg,,,active
vegeta-instant-soup-vegetablle-noodle-23g,,,,,,,,,Outer (16 Each),,,,,,,,A901281-1_Outer,0.0,shopify,1,deny,manual,18.40,,true,true,,,,,,,,,,,,,,,,,,,,,,,,,,,,,kg,,,
vegeta-instant-soup-chicken-noodlle-23g,Vegeta Instant Soup Chicken Noodle 23g,,DutchRusk,"Food, Beverages & Tobacco > Food Items > Snack Foods","",Snacks,true,Pack Size,Each,,,,,,,,A901280-1_Each,0.0,shopify,41,deny,manual,1.15,,true,true,,,,,,https://cdn.shopify.com/s/files/1/0668/0861/1129/files/A901280-1VegetaChickenNoodle.jpg?v=1757551188,1,"",false,,,423,,,,,,,,,,,,,,,,,kg,,,active
vegeta-instant-soup-chicken-noodlle-23g,,,,,,,,,Outer (18 Each),,,,,,,,A901280-1_Outer,0.0,shopify,2,deny,manual,20.70,,true,true,,,,,,,,,,,,,,,,,,,,,,,,,,,,,kg,,,
vegeta-instant-soup-mushroom-23g,Vegeta Instant Soup Mushroom 23g,,DutchRusk,"Food, Beverages & Tobacco > Food Items > Snack Foods","",Snacks,true,Pack Size,Each,,,,,,,,A901279-1_Each,0.0,shopify,77,deny,manual,1.15,,true,true,,,,,,https://cdn.shopify.com/s/files/1/0668/0861/1129/files/A901279-1VegetaMushroom.jpg?v=1757551212,1,"",false,,,423,,,,,,,,,,,,,,,,,kg,,,active
vegeta-instant-soup-mushroom-23g,,,,,,,,,Outer (20 Each),,,,,,,,A901279-1_Outer,0.0,shopify,3,deny,manual,23.00,,true,true,,,,,,,,,,,,,,,,,,,,,,,,,,,,,kg,,,
vegeta-instant-soup-tomato-mozarella-23g,Vegeta Instant Soup Tomato Mozarella 23g,,DutchRusk,"Food, Beverages & Tobacco > Food Items > Snack Foods","",Snacks,true,Pack Size,Each,,,,,,,,A901278-1_Each,0.0,shopify,64,deny,manual,1.15,,true,true,,,,,,https://cdn.shopify.com/s/files/1/0668/0861/1129/files/A901278-1VegetaTomMoz.jpg?v=1757551234,1,"",false,,,423,,,,,,,,,,,,,,,,,kg,,,active
vegeta-instant-soup-tomato-mozarella-23g,,,,,,,,,Outer (18 Each),,,,,,,,A901278-1_Outer,0.0,shopify,3,deny,manual,20.70,,true,true,,,,,,,,,,,,,,,,,,,,,,,,,,,,,kg,,,
rjs-fabulicious-strawberries-cream-family-bag-180g-x-12ct,RJ's Fabulicious Strawberries & Cream FAMILY BAG 180g x 12ct,,RJ's,"Food, Beverages & Tobacco > Food Items > Candy & Chocolate","","Family Bags, Licorice, Night n Day Misc, RJ's",true,Pack Size,Bag,,,,,,,,5134_Bag,0.0,shopify,258,deny,manual,3.70,,true,true,,,,,,https://cdn.shopify.com/s/files/1/0668/0861/1129/files/5134RJ_SStrawberriesCreamFamilyBag180g_b21080e0-03a4-4597-a7e1-79dff450d5b7.jpg?v=1757551317,1,"",false,,,4748,,,,,,,,,,,,,,,,,kg,,,active
rjs-fabulicious-strawberries-cream-family-bag-180g-x-12ct,,,,,,,,,Shipper (12 Bag),,,,,,,,5134_Shipper,0.0,shopify,21,deny,manual,44.40,,true,true,,,,,,,,,,,,,,,,,,,,,,,,,,,,,kg,,,
toy-tic-tac-toe-mini-size,Toy - Tic Tac Toe Mini Size,,DutchRusk,Toys & Games > Toys,"","Novelty, Toys",true,Pack Size,Each,,,,,,,,652392_Each,0.0,shopify,3,deny,manual,2.40,,true,true,,,,,,https://cdn.shopify.com/s/files/1/0668/0861/1129/files/652392TicTacToe.jpg?v=1757551385,1,"",false,,,1253,,,,,,,,,,,,,,,,,kg,,,active
toy-hercules-jenga-mini-size,Toy - Hercules Jenga Mini Size,,DutchRusk,Toys & Games > Toys,"","Novelty, Toys",true,Pack Size,Each,,,,,,,,652391_Each,0.0,shopify,36,deny,manual,2.40,,true,true,,,,,,https://cdn.shopify.com/s/files/1/0668/0861/1129/files/652391HerculesJenga.jpg?v=1757551468,1,"",false,,,1253,,,,,,,,,,,,,,,,,kg,,,active
toy-memory-game-mini-size,Toy - Memory Game Mini Size,,DutchRusk,Toys & Games > Toys,"","Novelty, Toys",true,Pack Size,Each,,,,,,,,652390_Each,0.0,shopify,20,deny,manual,2.40,,true,true,,,,,,https://cdn.shopify.com/s/files/1/0668/0861/1129/files/652390Memory.jpg?v=1757551510,1,"",false,,,1253,,,,,,,,,,,,,,,,,kg,,,active
toy-connect-four-mini-size,Toy - Connect Four Mini Size,,DutchRusk,Toys & Games > Toys,"","Novelty, Toys",true,Pack Size,Each,,,,,,,,652389_Each,0.0,shopify,0,deny,manual,2.40,,true,true,,,,,,https://cdn.shopify.com/s/files/1/0668/0861/1129/files/652389ConnectFour.jpg?v=1757551539,1,"",false,,,1253,,,,,,,,,,,,,,,,,kg,,,active
pascall-family-bag-hokey-pokey-lumps-120g-x-14ct,Pascall Family Bag Hokey Pokey Lumps 120g x 14ct,,DutchRusk,"Food, Beverages & Tobacco > Food Items > Candy & Chocolate","","Night n Day Misc, Pascall, TNCC",true,Pack Size,Bag,,,,,,,,4302355_Bag,0.0,shopify,0,deny,manual,2.94,,true,true,,,,,,https://cdn.shopify.com/s/files/1/0668/0861/1129/files/4302355PascallHokeyPokeyLumps.jpg?v=1757026382,1,"",false,,,4748,,,,,,,,,,,,,,,,,kg,,,active
pascall-family-bag-hokey-pokey-lumps-120g-x-14ct,,,,,,,,,Shipper (14 Bag),,,,,,,,4302355_Shipper,0.0,shopify,0,deny,manual,41.16,,true,true,,,,,,,,,,,,,,,,,,,,,,,,,,,,,kg,,,
musashi-shred-energy-355ml-orange-mango-x-12ct,Musashi SHRED Energy 355ml - Orange Mango x 12ct,,Musashi,"Food, Beverages & Tobacco > Beverages","","Musashi, Musashi Energy Cans",true,Pack Size,Tray,,,,,,,,34637_Tray,0.0,shopify,17,deny,manual,43.95,,true,true,,,,,,https://cdn.shopify.com/s/files/1/0668/0861/1129/files/34637ShredOrangeMango.jpg?v=1757019067,1,"",false,,,413,,,,,,,,,,,,,,,,,kg,,,active
musashi-shred-energy-355ml-passionfruit-x-12ct,Musashi SHRED Energy 355ml - Passionfruit x 12ct,,Musashi,"Food, Beverages & Tobacco > Beverages","","Musashi, Musashi Energy Cans",true,Pack Size,Tray,,,,,,,,34620_Tray,0.0,shopify,20,deny,manual,43.95,,true,true,,,,,,https://cdn.shopify.com/s/files/1/0668/0861/1129/files/34620MusashiShredPassionfruit_e8a4e0d0-01c3-42cb-8005-b0f68db66a41.jpg?v=1757019120,1,"",false,,,413,,,,,,,,,,,,,,,,,kg,,,active
musashi-shred-energy-355ml-raspberry-lemonade-x-12ct,Musashi SHRED Energy 355ml - Raspberry Lemonade x 12ct,,Musashi,"Food, Beverages & Tobacco > Beverages","","Musashi, Musashi Energy Cans",true,Pack Size,Tray,,,,,,,,34613_Tray,0.0,shopify,17,deny,manual,43.95,,true,true,,,,,,https://cdn.shopify.com/s/files/1/0668/0861/1129/files/34613MusashiShredRaspberryLemonade.jpg?v=1757019103,1,"",false,,,413,,,,,,,,,,,,,,,,,kg,,,active
mars-120g-maltesers-extra-choc-x-12ct,Mars - 120g Maltesers Extra Choc x 12ct,,Mars,"Food, Beverages & Tobacco > Food Items > Candy & Chocolate","","Family Bags, hide-bag, M&M Bags, Night n Day Misc",true,Pack Size,Bag,,,,,,,,415319_Bag,0.0,shopify,209,deny,manual,4.50,,true,true,,,,,,https://cdn.shopify.com/s/files/1/0668/0861/1129/files/415319MaltesersExtraChoc120g.jpg?v=1756932986,1,"",false,,,4748,,,,,,,,,,,,,,,,,kg,,,active
mars-120g-maltesers-extra-choc-x-12ct,,,,,,,,,Shipper (12 Bag),,,,,,,,415319_Shipper,0.0,shopify,17,deny,manual,54.00,,true,true,,,,,,,,,,,,,,,,,,,,,,,,,,,,,kg,,,
extra-pottles-strawberry-64g-x-6ct,Extra pottles Strawberry 64g x 6ct,,Mars,"Food, Beverages & Tobacco > Food Items > Candy & Chocolate","","Gum, Night n Day Misc, Wrigleys",true,Pack Size,Outer,,,,,,,,377626_Outer,0.0,shopify,74,deny,manual,26.65,,true,true,,,,,,https://cdn.shopify.com/s/files/1/0668/0861/1129/files/377626ExtraStrawberryBottle.jpg?v=1756933550,1,"",false,,,4748,,,,,,,,,,,,,,,,,kg,,,active
extra-pottles-strawberry-64g-x-6ct,,,,,,,,,Shipper (16 Outer),,,,,,,,377626_Shipper,0.0,shopify,4,deny,manual,426.40,,true,true,,,,,,,,,,,,,,,,,,,,,,,,,,,,,kg,,,
juicy-jelly-peeled-party-mix-120g-x-12ct,Juicy Jelly Peeled Party Mix 120g x 12ct,,DutchRusk,"Food, Beverages & Tobacco > Food Items > Candy & Chocolate","","",true,Pack Size,Each,,,,,,,,LGEJJPPM_Each,0.0,shopify,0,deny,manual,3.56,,true,true,,,,,,https://cdn.shopify.com/s/files/1/0668/0861/1129/files/LGEJJPPMJuicyJellyPeeledPartyMix120g1.jpg?v=1757026216,1,"",false,,,4748,,,,,,,,,,,,,,,,,kg,,,active
juicy-jelly-peeled-party-mix-120g-x-12ct,,,,,,,,,Shipper (12 Each),,,,,,,,LGEJJPPM_Shipper,0.0,shopify,0,deny,manual,42.72,,true,true,,,,,,,,,,,,,,,,,,,,,,,,,,,,,kg,,,
juicy-jelly-peeled-mango-120g-x-12ct,Juicy Jelly Peeled Mango 120g x 12ct,,DutchRusk,"Food, Beverages & Tobacco > Food Items > Candy & Chocolate","",hide-bag,true,Pack Size,Each,,,,,,,,LGEJJPMA_Each,0.0,shopify,822,deny,manual,3.56,,true,true,,,,,,https://cdn.shopify.com/s/files/1/0668/0861/1129/files/LGEJJPMAJuicyJellyPeeledMango120g1.jpg?v=1757026248,1,"",false,,,4748,,,,,,,,,,,,,,,,,kg,,,active
juicy-jelly-peeled-mango-120g-x-12ct,,,,,,,,,Shipper (12 Each),,,,,,,,LGEJJPMA_Shipper,0.0,shopify,68,deny,manual,42.72,,true,true,,,,,,,,,,,,,,,,,,,,,,,,,,,,,kg,,,
juicy-jelly-peeled-grape-120g-x-12ct,Juicy Jelly Peeled Grape 120g x 12ct,,DutchRusk,"Food, Beverages & Tobacco > Food Items > Candy & Chocolate","","hide-bag, Timezone",true,Pack Size,Each,,,,,,,,LGEJJPG_Each,0.0,shopify,773,deny,manual,3.56,,true,true,,,,,,https://cdn.shopify.com/s/files/1/0668/0861/1129/files/LGEJJPGJuicyJellyPeeledGrape120g1.jpg?v=1757026277,1,"",false,,,4748,,,,,,,,,,,,,,,,,kg,,,active
juicy-jelly-peeled-grape-120g-x-12ct,,,,,,,,,Shipper (12 Each),,,,,,,,LGEJJPG_Shipper,0.0,shopify,64,deny,manual,42.72,,true,true,,,,,,,,,,,,,,,,,,,,,,,,,,,,,kg,,,
podravka-chicken-spread-100g-x-12ct,Podravka Chicken Spread 100g x 12ct,,DutchRusk,"Food, Beverages & Tobacco > Food Items > Snack Foods","","",true,Pack Size,Each,,,,,,,,M390A6_Each,0.0,shopify,328,deny,manual,2.39,,true,true,,,,,,https://cdn.shopify.com/s/files/1/0668/0861/1129/files/M390A6PodvarkaChickenSpread100g.jpg?v=1756780689,1,"",false,,,423,,,,,,,,,,,,,,,,,kg,,,active
vegeta-real-vegetable-stock-powder-250g,Vegeta Real Vegetable Stock Powder 250g,,DutchRusk,"Food, Beverages & Tobacco > Food Items > Snack Foods","","",true,Pack Size,Each,,,,,,,,E363A6_Each,0.0,shopify,12,deny,manual,5.50,,true,true,,,,,,https://cdn.shopify.com/s/files/1/0668/0861/1129/files/E363A6VegetaStockVegetable250g.jpg?v=1756780708,1,"",false,,,423,,,,,,,,,,,,,,,,,kg,,,active
vegeta-real-vegetable-stock-powder-250g,,,,,,,,,Shipper (6 Each),,,,,,,,E363A6_Shipper,0.0,shopify,2,deny,manual,33.00,,true,true,,,,,,,,,,,,,,,,,,,,,,,,,,,,,kg,,,
vegeta-real-chicken-stock-powder-250g,Vegeta Real Chicken Stock Powder 250g,,DutchRusk,"Food, Beverages & Tobacco > Food Items > Snack Foods","","",true,Pack Size,Each,,,,,,,,E362A6_Each,0.0,shopify,8,deny,manual,5.50,,true,true,,,,,,https://cdn.shopify.com/s/files/1/0668/0861/1129/files/E362A6VegetaStockChicken250g.jpg?v=1756780726,1,"",false,,,423,,,,,,,,,,,,,,,,,kg,,,active
vegeta-real-chicken-stock-powder-250g,,,,,,,,,Shipper (6 Each),,,,,,,,E362A6_Shipper,0.0,shopify,1,deny,manual,33.00,,true,true,,,,,,,,,,,,,,,,,,,,,,,,,,,,,kg,,,
eurocake-choc-chip-brownie-4-pack-x-12ct,Eurocake Choc Chip Brownie 4 pack x 12ct,,DutchRusk,"Food, Beverages & Tobacco > Food Items > Candy & Chocolate","","",true,Pack Size,Each,,,,,,,,E001_Each,0.0,shopify,24,deny,manual,4.60,,true,true,,,,,,https://cdn.shopify.com/s/files/1/0668/0861/1129/files/E001EurocakeChocChipBrownie_127231f6-f637-45c8-8bd4-b2137294074a.jpg?v=1756780771,1,"",false,,,4748,,,,,,,,,,,,,,,,,kg,,,active
eurocake-choc-chip-brownie-4-pack-x-12ct,,,,,,,,,Shipper (12 Each),,,,,,,,E001_Shipper,0.0,shopify,2,deny,manual,55.20,,true,true,,,,,,,,,,,,,,,,,,,,,,,,,,,,,kg,,,
flair-dubai-chocolate-lava-cake-60g-x-12ct,Flair Dubai Chocolate Lava Cake  60g x 12ct,,DutchRusk,"Food, Beverages & Tobacco > Food Items > Candy & Chocolate","",Novelty,true,Pack Size,Outer,,,,,,,,D0258_Outer,0.0,shopify,42,deny,manual,56.75,,true,true,,,,,,https://cdn.shopify.com/s/files/1/0668/0861/1129/files/D0258FlairDubaiLavaCake.jpg?v=1756780795,1,"",false,,,4748,,,,,,,,,,,,,,,,,kg,,,active
h2-juice-sparkling-lychee-500ml-x-12ct,H2 Juice - Sparkling Lychee 500ml x 12ct,,H2 Coco,"Food, Beverages & Tobacco > Beverages","","",true,Pack Size,Tray,,,,,,,,C117_Tray,0.0,shopify,20,deny,manual,33.40,,true,true,,,,,,https://cdn.shopify.com/s/files/1/0668/0861/1129/files/C117H2SparklingLychee500ml.jpg?v=1756780818,1,"",false,,,413,,,,,,,,,,,,,,,,,kg,,,active
h2-coconut-lychee-water-500ml-x-12ct,H2 Coconut Lychee Water 500ml x 12ct,,H2 Coco,"Food, Beverages & Tobacco > Beverages","","",true,Pack Size,Shipper,,,,,,,,C115_Shipper,0.0,shopify,26,deny,manual,29.00,,true,true,,,,,,https://cdn.shopify.com/s/files/1/0668/0861/1129/files/C115H2CoconutLychee500ml.jpg?v=1756780846,1,"",false,,,413,,,,,,,,,,,,,,,,,kg,,,active
h2-coconut-chocolate-water-500ml-x-12ct,H2 Chocolate Coconut Water 500ml x 12ct,,H2 Coco,"Food, Beverages & Tobacco > Beverages","","",true,Pack Size,Shipper,,,,,,,,C0422_Shipper,0.0,shopify,75,deny,manual,29.00,,true,true,,,,,,https://cdn.shopify.com/s/files/1/0668/0861/1129/files/C0422H2ChocolateCoconutWater500ml.jpg?v=1756780877,1,"",false,,,413,,,,,,,,,,,,,,,,,kg,,,active
aloe-mate-aloe-vera-watermelon-drink-500ml-x-20ct,Aloe Mate Aloe Vera WATERMELON Drink 500ml x 20ct,,DutchRusk,"Food, Beverages & Tobacco > Beverages","",Drinks,true,Pack Size,Shipper,,,,,,,,C0417_Shipper,0.0,shopify,0,deny,manual,42.50,,true,true,,,,,,https://cdn.shopify.com/s/files/1/0668/0861/1129/files/C0417AloeMateWatermelon500ml.jpg?v=1756780904,1,"",false,,,413,,,,,,,,,,,,,,,,,kg,,,active
aloe-mate-aloe-vera-peach-drink-500ml-x-20ct,Aloe Mate Aloe Vera PEACH Drink 500ml x 20ct,,DutchRusk,"Food, Beverages & Tobacco > Beverages","",Drinks,true,Pack Size,Shipper,,,,,,,,C0396_Shipper,0.0,shopify,10,deny,manual,42.50,,true,true,,,,,,https://cdn.shopify.com/s/files/1/0668/0861/1129/files/C0396AloeMatePeach500ml.jpg?v=1756780935,1,"",false,,,413,,,,,,,,,,,,,,,,,kg,,,active
chi-spicy-ginger-250ml-can-x-12ct,Chi Spicy Ginger 250ml Can x 12ct,,DutchRusk,"Food, Beverages & Tobacco > Beverages","","",true,Pack Size,Shipper,,,,,,,,C0262_Shipper,0.0,shopify,13,deny,manual,29.04,,true,true,,,,,,https://cdn.shopify.com/s/files/1/0668/0861/1129/files/C0262ChiSpicyGinger250mlcan.jpg?v=1756780959,1,"",false,,,413,,,,,,,,,,,,,,,,,kg,,,active
zuru-gumi-yum-surprise-x-18ct,Zuru Gumi Yum Surprise x 18ct,,DutchRusk,"Food, Beverages & Tobacco > Food Items > Candy & Chocolate","",Novelty,true,Pack Size,Outer,,,,,,,,10715ASQ1_Outer,0.0,shopify,28,deny,manual,45.00,,true,true,,,,,,https://cdn.shopify.com/s/files/1/0668/0861/1129/files/10715ASQ1ZuruGumiYumx18ct.jpg?v=1756781078,1,"",false,,,4748,,,,,,,,,,,,,,,,,kg,,,active
zuru-gumi-yum-surprise-x-18ct,,,,,,,,,Shipper (4 Outer),,,,,,,,10715ASQ1_Shipper,0.0,shopify,7,deny,manual,180.00,,true,true,,,,,,,,,,,,,,,,,,,,,,,,,,,,,kg,,,
cadbury-50g-moro-caramel-max-x-42ct,Cadbury 50g Moro Caramel Max x 42ct,,Cadbury,"Food, Beverages & Tobacco > Food Items > Candy & Chocolate","","Cadbury Single Bars, Night n Day Misc",true,Pack Size,Outer,,,,,,,,4320946_Outer,0.0,shopify,56,deny,manual,65.65,,true,true,,,,,,https://cdn.shopify.com/s/files/1/0668/0861/1129/files/4320946Cadbury50GMOROCaramel.jpg?v=1756695393,1,"",false,,,4748,,,,,,,,,,,,,,,,,kg,,,active
cadbury-50g-moro-caramel-max-x-42ct,,,,,,,,,Shipper (4 Outer),,,,,,,,4320946_Shipper,0.0,shopify,14,deny,manual,262.60,,true,true,,,,,,,,,,,,,,,,,,,,,,,,,,,,,kg,,,
cadbury-180g-black-forest-with-crunchie-block-x-15ct,Cadbury 180g Black Forest With Crunchie Block x 15ct,,Cadbury,"Food, Beverages & Tobacco > Food Items > Candy & Chocolate","","Cadbury Blocks, Chocolate Blocks, hide-block, hide-shipper, Night n Day Misc, Timezone",true,Pack Size,Block,,,,,,,,4319774_Block,0.0,shopify,4,deny,manual,4.72,,true,true,,,,,,https://cdn.shopify.com/s/files/1/0668/0861/1129/files/4319774Cadbury180gblackforestcrunchie.jpg?v=1756695151,1,"",false,,,4748,,,,,,,,,,,,,,,,,kg,,,active
cadbury-180g-black-forest-with-crunchie-block-x-15ct,,,,,,,,,Outer (15 Block),,,,,,,,4319774_Outer,0.0,shopify,0,deny,manual,70.80,,true,true,,,,,,,,,,,,,,,,,,,,,,,,,,,,,kg,,,
cadbury-180g-black-forest-with-crunchie-block-x-15ct,,,,,,,,,Shipper (60 Block),,,,,,,,4319774_Shipper,0.0,shopify,0,deny,manual,283.20,,true,true,,,,,,,,,,,,,,,,,,,,,,,,,,,,,kg,,,
nestle-kit-kat-chunky-aero-milk-45g-x-36ct,Nestle Kit Kat Chunky Aero Milk 45g x 36ct,,Nestle,"Food, Beverages & Tobacco > Food Items > Candy & Chocolate","","hide-shipper, Nestle, Nestle Single Bars, Night n Day Misc",true,Pack Size,Outer,,,,,,,,12622639_Outer,0.0,shopify,29,deny,manual,67.50,,true,true,,,,,,https://cdn.shopify.com/s/files/1/0668/0861/1129/files/12622639_KitKatAeroMilk45g.jpg?v=1756697058,1,"",false,,,4748,,,,,,,,,,,,,,,,,kg,,,active
nestle-kit-kat-chunky-aero-milk-45g-x-36ct,,,,,,,,,Shipper (6 Outer),,,,,,,,12622639_Shipper,0.0,shopify,4,deny,manual,405.00,,true,true,,,,,,,,,,,,,,,,,,,,,,,,,,,,,kg,,,
nestle-block-kit-kat-aero-mint-155g-x-13ct,Nestle Block - Kit Kat AERO Mint 155g  x 13ct,,Nestle,"Food, Beverages & Tobacco > Food Items > Candy & Chocolate","","Chocolate Blocks, hide-block, hide-shipper, Night n Day Misc, Timezone",true,Pack Size,Block,,,,,,,,12610146_Block,0.0,shopify,80,deny,manual,5.78,,true,true,,,,,,https://cdn.shopify.com/s/files/1/0668/0861/1129/files/12610146_KitKatAeroMontblock155g.jpg?v=1756697035,1,"",false,,,4748,,,,,,,,,,,,,,,,,kg,,,active
nestle-block-kit-kat-aero-mint-155g-x-13ct,,,,,,,,,Outer (13 Block),,,,,,,,12610146_Outer,0.0,shopify,6,deny,manual,75.14,,true,true,,,,,,,,,,,,,,,,,,,,,,,,,,,,,kg,,,
nestle-block-kit-kat-aero-mint-155g-x-13ct,,,,,,,,,Shipper (65 Block),,,,,,,,12610146_Shipper,0.0,shopify,1,deny,manual,375.70,,true,true,,,,,,,,,,,,,,,,,,,,,,,,,,,,,kg,,,
florestal-sour-peach-hearts-1kg,Florestal Sour Peach Hearts 1kg,,DutchRusk,"Food, Beverages & Tobacco > Food Items > Candy & Chocolate","","1kg, Bulk Gummies and Lollies",true,Pack Size,Bag,,,,,,,,FL001_Bag,0.0,shopify,8,deny,manual,7.55,,true,true,,,,,,https://cdn.shopify.com/s/files/1/0668/0861/1129/files/FL001FlorestalSourPeachHearts.jpg?v=1756695923,1,"",false,,,4748,,,,,,,,,,,,,,,,,kg,,,active
florestal-sour-peach-hearts-1kg,,,,,,,,,Shipper (14 Bag),,,,,,,,FL001_Shipper,0.0,shopify,0,deny,manual,105.70,,true,true,,,,,,,,,,,,,,,,,,,,,,,,,,,,,kg,,,
florestal-bananas-1kg,Florestal Bananas 1kg,,DutchRusk,"Food, Beverages & Tobacco > Food Items > Candy & Chocolate","","1kg, Bulk Gummies and Lollies, Novelty",true,Pack Size,Bag,,,,,,,,FL003_Bag,0.0,shopify,0,deny,manual,7.55,,true,true,,,,,,https://cdn.shopify.com/s/files/1/0668/0861/1129/files/FL003Florestalbananas1kg.jpg?v=1756695951,1,"",false,,,4748,,,,,,,,,,,,,,,,,kg,,,active
florestal-bananas-1kg,,,,,,,,,Shipper (14 Bag),,,,,,,,FL003_Shipper,0.0,shopify,0,deny,manual,105.70,,true,true,,,,,,,,,,,,,,,,,,,,,,,,,,,,,kg,,,
florestal-sour-pink-and-blue-bottles-1kg,Florestal Sour Pink And Blue Bottles 1kg,,DutchRusk,"Food, Beverages & Tobacco > Food Items > Candy & Chocolate","","1kg, Bulk Gummies and Lollies, Novelty",true,Pack Size,Bag,,,,,,,,FL002_Bag,0.0,shopify,0,deny,manual,7.55,,true,true,,,,,,https://cdn.shopify.com/s/files/1/0668/0861/1129/files/FL002FlorestalPinkandBlueBottles.jpg?v=1756695973,1,"",false,,,4748,,,,,,,,,,,,,,,,,kg,,,active
florestal-sour-pink-and-blue-bottles-1kg,,,,,,,,,Shipper (14 Bag),,,,,,,,FL002_Shipper,0.0,shopify,0,deny,manual,105.70,,true,true,,,,,,,,,,,,,,,,,,,,,,,,,,,,,kg,,,
fruit-roll-ups-variety-pack-14g-x-72ct,Fruit Roll Ups Variety Pack 14g x 72ct,,DutchRusk,"Food, Beverages & Tobacco > Food Items > Candy & Chocolate","",Novelty,true,Pack Size,Outer,,,,,,,,F11201_Outer,0.0,shopify,0,deny,manual,49.75,,true,true,,,,,,https://cdn.shopify.com/s/files/1/0668/0861/1129/files/F11201FruitRollUpsStrawberry_a89fc784-a267-480b-884a-7f40d04473d6.jpg?v=1756843712,1,"",false,,,4748,,,,,,,,,,,,,,,,,kg,,,active
pop-mania-lollipops-14g-mango-x-48ct-1,Pop Mania Lollipops 14g - Mango x 48ct,,Riclan,"Food, Beverages & Tobacco > Food Items > Candy & Chocolate","","hide-shipper, Lollipops, Novelty",true,Pack Size,Bag,,,,,,,,12740_Bag,0.0,shopify,121,deny,manual,5.40,,true,true,,,,,,https://cdn.shopify.com/s/files/1/0668/0861/1129/files/12740PopManiaMango.jpg?v=1756697386,1,"",false,,,4748,,,,,,,,,,,,,,,,,kg,,,active
pop-mania-lollipops-14g-mango-x-48ct-1,,,,,,,,,Shipper (16 Bag),,,,,,,,12740_Shipper,0.0,shopify,7,deny,manual,86.40,,true,true,,,,,,,,,,,,,,,,,,,,,,,,,,,,,kg,,,
pop-mania-lollipops-9g-tutti-frutti-x-55ct,Pop Mania Lollipops 9g - Tutti Frutti x 55ct,,Riclan,"Food, Beverages & Tobacco > Food Items > Candy & Chocolate","","hide-shipper, Lollipops, Novelty",true,Pack Size,Bag,,,,,,,,03801_Bag,0.0,shopify,77,deny,manual,5.40,,true,true,,,,,,https://cdn.shopify.com/s/files/1/0668/0861/1129/files/03801PopManiaTuttiFruitti.jpg?v=1756697451,1,"",false,,,4748,,,,,,,,,,,,,,,,,kg,,,active
pop-mania-lollipops-9g-tutti-frutti-x-55ct,,,,,,,,,Shipper (24 Bag),,,,,,,,03801_Shipper,0.0,shopify,3,deny,manual,129.60,,true,true,,,,,,,,,,,,,,,,,,,,,,,,,,,,,kg,,,
5-gum-grape-cdu-2x-grape-2x-watermelson-2x-blueberry,"5 Gum Grape CDU 2x Grape, 2x Watermelson, 2x Blueberry",,Mars,"Food, Beverages & Tobacco > Food Items > Candy & Chocolate","","Gum, Wrigleys",false,Pack Size,Each,,,,,,,,608396_Each,0.0,shopify,0,deny,manual,191.65,,true,true,,,,,,https://cdn.shopify.com/s/files/1/0668/0861/1129/files/file_b4e1c4bf-8d76-434e-ad2f-652ae3fd870b.jpg?v=1754879669,1,608396,false,,,4748,,,,,,,,,,,,,,,,,kg,,,draft
musashi-shred-and-burn-cookies-cream-bar-58g-x-12ct,Musashi Shred and Burn Cookies Cream Bar 58g x 12ct,,Musashi,Health & Beauty > Health Care > Fitness & Nutrition > Nutrition Bars,"","Musashi, Protein Bars",true,Pack Size,Outer,,,,,,,,34676_Outer,0.0,shopify,7,deny,manual,41.30,,true,true,,,,,,https://cdn.shopify.com/s/files/1/0668/0861/1129/files/34676MusashiShred_BurnCookiesandCream.jpg?v=1755131161,1,"",false,,,5747,,,,,,,,,,,,,,,,,kg,,,active
5-gum-27g-grape-x-24ct,5 Gum 27g - Grape x 24ct,,Mars,"Food, Beverages & Tobacco > Food Items > Candy & Chocolate","","Gum, Night n Day Misc, Wrigleys",true,Pack Size,Outer,,,,,,,,479053_Outer,0.0,shopify,68,deny,manual,55.20,,true,true,,,,,,https://cdn.shopify.com/s/files/1/0668/0861/1129/files/4790535GumSpark27g.jpg?v=1754966162,1,"",false,,,4748,,,,,,,,,,,,,,,,,kg,,,active
5-gum-27g-grape-x-24ct,,,,,,,,,Shipper (12 Outer),,,,,,,,479053_Shipper,0.0,shopify,5,deny,manual,662.40,,true,true,,,,,,,,,,,,,,,,,,,,,,,,,,,,,kg,,,
wonka-nerds-120g-big-chewy-nerds-x-12ct,Wonka Nerds 85g Gummy Clusters Rainbow x 12ct,,Wonka,"Food, Beverages & Tobacco > Food Items > Candy & Chocolate","","Novelty, Theatre Box",true,Pack Size,Outer,,,,,,,,W0153_Outer,0.0,shopify,22,deny,manual,51.50,,true,true,,,,,,https://cdn.shopify.com/s/files/1/0668/0861/1129/files/W0153NerdsClustersRainbow85g.jpg?v=1755030537,1,"",false,,,4748,,,,,,,,,,,,,,,,,kg,,,active
wonka-nerds-120g-big-chewy-nerds-x-12ct,,,,,,,,,Shipper (10 Outer),,,,,,,,W0153_Shipper,0.0,shopify,0,deny,manual,0.00,,true,true,,,,,,,,,,,,,,,,,,,,,,,,,,,,,kg,,,
pringles-118g-korean-sweet-crispy-chicken-x12ct,Pringles 118g Korean Sweet Crispy Chicken x12ct,,Pringles,"Food, Beverages & Tobacco > Food Items > Snack Foods > Chips","","Chips, Snacks",true,Pack Size,Shipper,,,,,,,,8646712887_Shipper,0.0,shopify,0,deny,manual,44.45,,true,true,,,,,,https://cdn.shopify.com/s/files/1/0668/0861/1129/files/file_45ad9b34-a941-44ee-9e2f-88d9c78877e7.jpg?v=1754879736,1,8646712887,false,,,2392,,,,,,,,,,,,,,,,,kg,,,active
dragon-xxxl-sherbert-straws-25g-x-100ct,Dragon XXXL Sherbert Straws 25g x 100ct,,Dragon,"Food, Beverages & Tobacco > Food Items > Candy & Chocolate","","Dragon Novelty, Novelty",false,Pack Size,Outer,,,,,,,,DR580_Outer,0.0,shopify,25,deny,manual,60.05,,true,true,,,,,,,,,false,,,4748,,,,,,,,,,,,,,,,,kg,,,draft
dragon-xxxl-sherbert-straws-25g-x-100ct,,,,,,,,,Shipper (4 Outer),,,,,,,,DR580_Shipper,0.0,shopify,6,deny,manual,240.20,,true,true,,,,,,,,,,,,,,,,,,,,,,,,,,,,,kg,,,
nowco-vidal-green-filled-strawberry-tub-x-150ct,Vidal Green Filled Strawberry Tub x 150ct,,Nowco,"Food, Beverages & Tobacco > Food Items > Candy & Chocolate","","Bulk Gummies and Lollies, hide-shipper",true,Pack Size,Bag,,,,,,,,IVFS_Bag,0.0,shopify,96,deny,manual,23.50,,true,true,,,,,,https://cdn.shopify.com/s/files/1/0668/0861/1129/files/file_cf710d43-e598-4908-bcf5-8631d4f16333.jpg?v=1754880154,1,IVFS,false,,,4748,,,,,,,,,,,,,,,,,kg,,,active
nowco-vidal-green-filled-strawberry-tub-x-150ct,,,,,,,,,Shipper (12 Bag),,,,,,,,IVFS_Shipper,0.0,shopify,8,deny,manual,282.00,,true,true,,,,,,,,,,,,,,,,,,,,,,,,,,,,,kg,,,
nippys-500ml-choc-banana-bottle-x-12ct,Nippys 500ml  Choc Banana BOTTLE x 12ct,,Nippy's,"Food, Beverages & Tobacco > Beverages","","Drinks, Milk Drinks",true,Pack Size,Shipper,,,,,,,,PT0500CB_Shipper,0.0,shopify,61,deny,manual,44.00,,true,true,,,,,,https://cdn.shopify.com/s/files/1/0668/0861/1129/files/file_9aa21518-72aa-4025-909b-894867054191.jpg?v=1754880277,1,PT0500CB,false,,,5723,,,,,,,,,,,,,,,,,kg,,,active
tncc-juicy-burst-orange-passionfruit-x-12ct,TNCC Juicy Burst Orange Passionfruit x 12ct,,TNCC,"Food, Beverages & Tobacco > Food Items > Candy & Chocolate","","Family Bags, Night n Day Misc, Pascall, TNCC",true,Pack Size,Bag,,,,,,,,4306166_Bag,0.0,shopify,454,deny,manual,3.95,,true,true,,,,,,https://cdn.shopify.com/s/files/1/0668/0861/1129/files/file_99c6966d-3f57-48da-8b87-e1549362d024.jpg?v=1754879516,1,4306166,false,,,4748,,,,,,,,,,,,,,,,,kg,,,active
tncc-juicy-burst-orange-passionfruit-x-12ct,,,,,,,,,Shipper (12 Bag),,,,,,,,4306166_Shipper,0.0,shopify,37,deny,manual,47.40,,true,true,,,,,,,,,,,,,,,,,,,,,,,,,,,,,kg,,,
musashi-protein-bar-banana-bread-58g-x-12ct,Musashi Protein Bar Banana Bread 58g x 12ct,,Musashi,Health & Beauty > Health Care > Fitness & Nutrition > Nutrition Bars,"","Musashi, Protein Bars",true,Pack Size,Outer,,,,,,,,32893_Outer,0.0,shopify,2,deny,manual,37.00,,true,true,,,,,,https://cdn.shopify.com/s/files/1/0668/0861/1129/files/file_aae3b78b-2b14-4f0c-9d43-ff6d2aeee372.jpg?v=1754879429,1,32893,false,,,543652,,,,,,,,,,,,,,,,,kg,,,active
lik-a-brush-blue-14g-x-40ct,Lik A Brush - Blue 14g x 40ct,,DutchRusk,"Food, Beverages & Tobacco > Food Items > Candy & Chocolate","",Novelty,true,Pack Size,Bag,,,,,,,,IVBL-1_Bag,0.0,shopify,0,deny,manual,11.95,,true,true,,,,,,https://cdn.shopify.com/s/files/1/0668/0861/1129/files/file_afbbd6ae-b488-4c54-8fe9-94015c421f93.jpg?v=1754880149,1,IVBL-1,false,,,4748,,,,,,,,,,,,,,,,,kg,,,active
lik-a-brush-blue-14g-x-40ct,,,,,,,,,Shipper (7 Bag),,,,,,,,IVBL-1_Shipper,0.0,shopify,0,deny,manual,83.65,,true,true,,,,,,,,,,,,,,,,,,,,,,,,,,,,,kg,,,
fiorella-dubai-chocolate-pistachio-60g-x12ct,Fiorella Dubai Chocolate Pistachio 60g x12ct,,Fiorella,"Food, Beverages & Tobacco > Food Items > Candy & Chocolate","",Novelty,false,Pack Size,Outer,,,,,,,,IEFDMC_Outer,0.0,shopify,0,deny,manual,75.20,,true,true,,,,,,https://cdn.shopify.com/s/files/1/0668/0861/1129/files/file_938b7345-d3b0-4dd7-a64e-bae2e8e4f004.jpg?v=1754880113,1,IEFDMC,false,,,4748,,,,,,,,,,,,,,,,,kg,,,draft
fiorella-dubai-chocolate-pistachio-60g-x12ct,,,,,,,,,Shipper (6 Outer),,,,,,,,IEFDMC_Shipper,0.0,shopify,0,deny,manual,451.20,,true,true,,,,,,,,,,,,,,,,,,,,,,,,,,,,,kg,,,
potter-brothers-chocolate-fish-35g-pineapple-x-32ct,Potter Brothers Chocolate Fish 35g - Pineapple x 32ct,,Potter Brothers,"Food, Beverages & Tobacco > Food Items > Candy & Chocolate","","Novelty, Snacks",true,Pack Size,Outer,,,,,,,,45243_Outer,0.0,shopify,17,deny,manual,53.20,,true,true,,,,,,https://cdn.shopify.com/s/files/1/0668/0861/1129/files/file_8cc6f74d-6f2b-4498-a662-9ccd57e2c8c9.jpg?v=1754879575,1,45243,false,,,7517,,,,,,,,,,,,,,,,,kg,,,active
lolliland-soda-pop-73g-x-12ct,Lolliland Soda Pop 73g x 12ct,,Lolliland,"Food, Beverages & Tobacco > Food Items > Candy & Chocolate","",Novelty,true,Pack Size,Outer,,,,,,,,S11112_Outer,0.0,shopify,0,deny,manual,23.95,,true,true,,,,,,https://cdn.shopify.com/s/files/1/0668/0861/1129/files/file_e122cbca-c1a3-4f08-8dde-741b8a7726f4.jpg?v=1754880297,1,S11112,false,,,4748,,,,,,,,,,,,,,,,,kg,,,active
lolliland-soda-pop-73g-x-12ct,,,,,,,,,Shipper (8 Outer),,,,,,,,S11112_Shipper,0.0,shopify,0,deny,manual,191.60,,true,true,,,,,,,,,,,,,,,,,,,,,,,,,,,,,kg,,,
lolliland-rollin-pop-n-gel-64g-x-12ct,Lolliland Rollin Pop n Gel 64g x 12ct,,Lolliland,"Food, Beverages & Tobacco > Food Items > Candy & Chocolate","",Novelty,true,Pack Size,Outer,,,,,,,,L0018_Outer,0.0,shopify,0,deny,manual,23.95,,true,true,,,,,,https://cdn.shopify.com/s/files/1/0668/0861/1129/files/file_0530f7fd-34f0-4676-a793-194acf7efea8.jpg?v=1754880166,1,L0018,false,,,4748,,,,,,,,,,,,,,,,,kg,,,active
lolliland-sour-snot-squeeze-x-12ct,Lolliland Sour Snot Squeeze x 12ct,,Lolliland,"Food, Beverages & Tobacco > Food Items > Candy & Chocolate","",Novelty,false,Pack Size,Outer,,,,,,,,L0004_Outer,0.0,shopify,0,deny,manual,0.00,,true,true,,,,,,https://cdn.shopify.com/s/files/1/0668/0861/1129/files/file_6c89c519-7bcc-405b-8c43-79e53b957f8b.jpg?v=1754880164,1,L0004,false,,,4748,,,,,,,,,,,,,,,,,kg,,,draft
lolliland-squeezy-sauce-bottles-50ml-x-12ct,Lolliland Squeezy Sauce Bottles 50ml x 12ct,,Lolliland,"Food, Beverages & Tobacco > Food Items > Candy & Chocolate","",Novelty,false,Pack Size,Outer,,,,,,,,L0002_Outer,0.0,shopify,0,deny,manual,23.25,,true,true,,,,,,https://cdn.shopify.com/s/files/1/0668/0861/1129/files/file_5480257f-dfb4-49e6-a9c4-e9ab2e47c4a7.jpg?v=1754880159,1,L0002,false,,,4748,,,,,,,,,,,,,,,,,kg,,,draft
lolliland-fairy-floss-60g-x-12ct,Lolliland Fairy Floss 60g x 12ct,,Lolliland,"Food, Beverages & Tobacco > Food Items > Candy & Chocolate","",Novelty,false,Pack Size,Shipper,,,,,,,,F0103-1_Shipper,0.0,shopify,0,deny,manual,39.95,,true,true,,,,,,https://cdn.shopify.com/s/files/1/0668/0861/1129/files/file_8ee4c00e-c6da-4ae7-a581-bb98662d2591.jpg?v=1754880070,1,F0103-1,false,,,4748,,,,,,,,,,,,,,,,,kg,,,draft
dragon-2kg-sour-blueberry-cola-bottles-1,Dragon 2kg Sour Blueberry Cola Bottles,,Dragon,"Food, Beverages & Tobacco > Food Items > Candy & Chocolate","","2kg, Dragon 2KG, Night n Day Misc",true,Pack Size,Bag,,,,,,,,DR-100_Bag,0.0,shopify,41,deny,manual,19.25,,true,true,,,,,,https://cdn.shopify.com/s/files/1/0668/0861/1129/files/file_acb25fa7-eb40-4dad-b2ec-3cd5cbfdf7eb.jpg?v=1754879973,1,DR-100,false,,,4748,,,,,,,,,,,,,,,,,kg,,,active
dragon-2kg-sour-blueberry-cola-bottles-1,,,,,,,,,Shipper (6 Bag),,,,,,,,DR-100_Shipper,0.0,shopify,6,deny,manual,115.50,,true,true,,,,,,,,,,,,,,,,,,,,,,,,,,,,,kg,,,
potter-brothers-chocolate-fish-35g-peppermint-x-32ct,Potter Brothers Chocolate Fish 35g - Peppermint x 32ct,,Potter Brothers,"Food, Beverages & Tobacco > Food Items > Candy & Chocolate","",Novelty,true,Pack Size,Outer,,,,,,,,2314_Outer,0.0,shopify,12,deny,manual,53.20,,true,true,,,,,,https://cdn.shopify.com/s/files/1/0668/0861/1129/files/file_096c7209-47b0-4481-8e27-bd202ade0eca.jpg?v=1754879383,1,2314,false,,,4748,,,,,,,,,,,,,,,,,kg,,,active
dragon-2kg-gummy-wine-gums-1,Dragon 2kg Gummy Wine Gums,,Dragon,"Food, Beverages & Tobacco > Food Items > Candy & Chocolate","","2kg, Dragon 2KG, Night n Day Misc",true,Pack Size,Bag,,,,,,,,DR-101_Bag,0.0,shopify,61,deny,manual,19.25,,true,true,,,,,,https://cdn.shopify.com/s/files/1/0668/0861/1129/files/file_bfa7c6e9-a34d-434f-a80b-7e0b699ff14c.jpg?v=1754879975,1,DR-101,false,,,4748,,,,,,,,,,,,,,,,,kg,,,active
dragon-2kg-gummy-wine-gums-1,,,,,,,,,Shipper (6 Bag),,,,,,,,DR-101_Shipper,0.0,shopify,10,deny,manual,115.50,,true,true,,,,,,,,,,,,,,,,,,,,,,,,,,,,,kg,,,
tncc-juicy-burst-strawberry-raspberry-150g-x-12ct,TNCC Juicy Burst Strawberry Raspberry 150g x 12ct,,TNCC,"Food, Beverages & Tobacco > Food Items > Candy & Chocolate","","Family Bags, Night n Day Misc, Pascall, TNCC",true,Pack Size,Bag,,,,,,,,4306163_Bag,0.0,shopify,228,deny,manual,3.95,,true,true,,,,,,https://cdn.shopify.com/s/files/1/0668/0861/1129/files/file_4e2ff8fc-60ba-4c00-8e9d-f8e26f0231f7.jpg?v=1754879512,1,4306163,false,,,4748,,,,,,,,,,,,,,,,,kg,,,active
tncc-juicy-burst-strawberry-raspberry-150g-x-12ct,,,,,,,,,Shipper (12 Bag),,,,,,,,4306163_Shipper,0.0,shopify,19,deny,manual,47.40,,true,true,,,,,,,,,,,,,,,,,,,,,,,,,,,,,kg,,,
dragon-2kg-gummy-coloured-sharks,Dragon 2kg Gummy Coloured Sharks,,Dragon,Uncategorized,"","2kg, Dragon 2KG, Night n Day Misc",true,Pack Size,Bag,,,,,,,,DR-33_Bag,0.0,shopify,91,deny,manual,19.25,,true,true,,,,,,https://cdn.shopify.com/s/files/1/0668/0861/1129/files/file_69757023-a013-4228-a2ef-f27ae541cc63.jpg?v=1754879997,1,DR-33,false,,,,,,,,,,,,,,,,,,,,kg,,,active
dragon-2kg-gummy-coloured-sharks,,,,,,,,,Shipper (6 Bag),,,,,,,,DR-33_Shipper,0.0,shopify,15,deny,manual,115.50,,true,true,,,,,,,,,,,,,,,,,,,,,,,,,,,,,kg,,,
dragon-spooky-sherbets-40g-x20ct,Dragon Spooky Sherbets 40g x20ct,,Dragon,,"","Dragon Novelty, Novelty",true,Pack Size,Outer,,,,,,,,DR300_Outer,0.0,shopify,64,deny,manual,20.95,,true,true,,,,,,https://cdn.shopify.com/s/files/1/0668/0861/1129/files/file_2ad57f08-4b54-4f51-b222-8434d3093e56.jpg?v=1754880033,1,DR300,false,,,,,,,,,,,,,,,,,,,,kg,,,active
dragon-spooky-sherbets-40g-x20ct,,,,,,,,,Shipper (12 Outer),,,,,,,,DR300_Shipper,0.0,shopify,5,deny,manual,251.40,,true,true,,,,,,,,,,,,,,,,,,,,,,,,,,,,,kg,,,
cadbury-twin-pack-58g-twirl-crispy-wafer-x-40ct,Cadbury Twin pack 58g Twirl Crispy Wafer x 40ct,,Cadbury,Uncategorized,"","Cadbury Share Bar Chocolates, Timezone",true,Pack Size,Outer,,,,,,,,4319152_Outer,0.0,shopify,8,deny,manual,97.60,,true,true,,,,,,https://cdn.shopify.com/s/files/1/0668/0861/1129/files/file_35c3da0e-e55b-4acb-855a-5bcfd2c467c4.jpg?v=1754879564,1,4319152,false,,,,,,,,,,,,,,,,,,,,kg,,,active
cadbury-twin-pack-58g-twirl-crispy-wafer-x-40ct,,,,,,,,,Shipper (4 Outer),,,,,,,,4319152_Shipper,0.0,shopify,2,deny,manual,390.40,,true,true,,,,,,,,,,,,,,,,,,,,,,,,,,,,,kg,,,
flair-dubai-chocolate-bar-55g-x-12ct,Flair Dubai Chocolate Cake Bar 55g x 12ct,,DutchRusk,,"",Novelty,true,Pack Size,Outer,,,,,,,,D0257_Outer,0.0,shopify,86,deny,manual,54.20,,true,true,,,,,,https://cdn.shopify.com/s/files/1/0668/0861/1129/files/file_6f6f3c3b-f9e6-464d-8ade-b196cd1f3feb.jpg?v=1754879926,1,D0257,false,,,,,,,,,,,,,,,,,,,,kg,,,active
dragon-2kg-sour-rings-assorted,Dragon 2kg Sour Rings - Assorted,,Dragon,,"","2kg, Dragon 2KG, Night n Day Misc",true,Pack Size,Bag,,,,,,,,DR-102_Bag,0.0,shopify,47,deny,manual,19.25,,true,true,,,,,,https://cdn.shopify.com/s/files/1/0668/0861/1129/files/file_699cb4f3-c11d-4ab8-a585-beff1cf9e5a4.jpg?v=1754879978,1,DR-102,false,,,,,,,,,,,,,,,,,,,,kg,,,active
dragon-2kg-sour-rings-assorted,,,,,,,,,Shipper (6 Bag),,,,,,,,DR-102_Shipper,0.0,shopify,7,deny,manual,115.50,,true,true,,,,,,,,,,,,,,,,,,,,,,,,,,,,,kg,,,
dragon-2kg-sour-pythons-x-40ct,Dragon 2kg Sour Pythons x 40ct,,Dragon,,"","2kg, Dragon 2KG, Night n Day Misc",true,Pack Size,Bag,,,,,,,,DR-104_Bag,0.0,shopify,1,deny,manual,19.25,,true,true,,,,,,https://cdn.shopify.com/s/files/1/0668/0861/1129/files/file_3c2c1040-ebec-44c4-8cbf-5149147913e0.jpg?v=1754879981,1,DR-104,false,,,,,,,,,,,,,,,,,,,,kg,,,active
dragon-2kg-sour-pythons-x-40ct,,,,,,,,,Shipper (6 Bag),,,,,,,,DR-104_Shipper,0.0,shopify,0,deny,manual,115.50,,true,true,,,,,,,,,,,,,,,,,,,,,,,,,,,,,kg,,,
musashi-protein-bar-peanut-butter-58g-x-12ct,Musashi Protein Bar Peanut Butter 58g x 12ct,,Musashi,Uncategorized,"",Musashi,true,Pack Size,Outer,,,,,,,,32886_Outer,0.0,shopify,4,deny,manual,41.30,,true,true,,,,,,https://cdn.shopify.com/s/files/1/0668/0861/1129/files/file_3153ed1a-cd51-4907-8d52-41b72a46a986.jpg?v=1754879427,1,32886,false,,,,,,,,,,,,,,,,,,,,kg,,,active
dragon-2kg-gummy-blue-sharks,Dragon 2kg Gummy Blue Sharks,,Dragon,,"","2kg, Dragon 2KG, Night n Day Misc",true,Pack Size,Bag,,,,,,,,DR-500_Bag,0.0,shopify,22,deny,manual,19.25,,true,true,,,,,,https://cdn.shopify.com/s/files/1/0668/0861/1129/files/file_a3c3c288-c4f6-4298-8c6a-f2b11eb9e948.jpg?v=1754880002,1,DR-500,false,,,,,,,,,,,,,,,,,,,,kg,,,active
dragon-2kg-gummy-blue-sharks,,,,,,,,,Shipper (6 Bag),,,,,,,,DR-500_Shipper,0.0,shopify,3,deny,manual,115.50,,true,true,,,,,,,,,,,,,,,,,,,,,,,,,,,,,kg,,,
dragon-2kg-gummy-burgers,Dragon 2kg Gummy Burgers,,Dragon,Uncategorized,"","2kg, Dragon 2KG, Night n Day Misc",true,Pack Size,Bag,,,,,,,,DR-105_Bag,0.0,shopify,82,deny,manual,19.25,,true,true,,,,,,https://cdn.shopify.com/s/files/1/0668/0861/1129/files/file_66647dfc-6077-4e64-ac61-3a0596bd0a2c.jpg?v=1754879984,1,DR-105,false,,,,,,,,,,,,,,,,,,,,kg,,,active
dragon-2kg-gummy-burgers,,,,,,,,,Shipper (6 Bag),,,,,,,,DR-105_Shipper,0.0,shopify,13,deny,manual,115.50,,true,true,,,,,,,,,,,,,,,,,,,,,,,,,,,,,kg,,,
potter-brothers-chocolate-fish-35g-raspberry-x-32ct,Potter Brothers Chocolate Fish 35g - Raspberry x 32ct,,Potter Brothers,Uncategorized,"",Novelty,true,Pack Size,Outer,,,,,,,,2312_Outer,0.0,shopify,7,deny,manual,53.20,,true,true,,,,,,https://cdn.shopify.com/s/files/1/0668/0861/1129/files/file_8e61cf6a-9427-4250-9c23-e0ac9ef90edc.jpg?v=1754879381,1,2312,false,,,,,,,,,,,,,,,,,,,,kg,,,active
potter-brothers-chocolate-fish-35g-espresso-x-32ct,Potter Brothers Chocolate Fish 35g - Espresso x 32ct,,Potter Brothers,Uncategorized,"",Novelty,true,Pack Size,Outer,,,,,,,,055_Outer,0.0,shopify,6,deny,manual,53.20,,true,true,,,,,,https://cdn.shopify.com/s/files/1/0668/0861/1129/files/file_d16a6606-0e9f-497a-8980-39bfc24abf17.jpg?v=1754876460,1,055,false,,,,,,,,,,,,,,,,,,,,kg,,,active
usb-dual-car-charger-2-4w-assorted-x-12ct,USB DUAL Car Charger 2.4w - Assorted x 12ct,"",DutchRusk,,"","Charging Cables, Miscellaneous",false,Pack Size,Outer,,,,,,,,650748_Outer,0.0,shopify,0,deny,manual,78.00,,true,true,,,,,,https://cdn.shopify.com/s/files/1/0668/0861/1129/files/file_92561a21-1629-491c-9820-db9b8d834639.jpg?v=1754879679,1,650748,false,,,,,,,,,,,,,,,,,,,,kg,,,draft
zingers-chocolate-360g-x-10ct,Zingers Chocolate 360g x 10ct,"",Zingers,,"","",true,Pack Size,Outer,,,,,,,,ZINGERS_Outer,0.0,shopify,8,deny,manual,15.15,,true,true,,,,,,https://cdn.shopify.com/s/files/1/0668/0861/1129/files/file_6a848e1f-3f0b-4995-92be-53e59d8c8fef.jpg?v=1754880383,1,ZINGERS,false,,,,,,,,,,,,,,,,,,,,kg,,,active
zingers-chocolate-360g-x-10ct,,,,,,,,,Shipper (6 Outer),,,,,,,,ZINGERS_Shipper,0.0,shopify,1,deny,manual,90.90,,true,true,,,,,,,,,,,,,,,,,,,,,,,,,,,,,kg,,,
lava-lush-washing-powder-lemon-900g,Lava Lush Washing Powder - Lemon 900g,"",DutchRusk,Home & Garden > Household Supplies > Laundry Supplies > Laundry Detergent,"",Laundry Detergent,true,Pack Size,Each,,,,,,,,WP900LEM_Each,0.0,shopify,253,deny,manual,2.78,,true,true,,,,,,https://cdn.shopify.com/s/files/1/0668/0861/1129/files/file_2a873d52-48eb-4bf7-9819-2b2c4a18ac85.jpg?v=1754880375,1,WP900LEM,false,,,2754,,,,,,,,,,,,,,,,,kg,,,active
lava-lush-washing-powder-lemon-900g,,,,,,,,,Outer (12 Each),,,,,,,,WP900LEM_Outer,0.0,shopify,10,deny,manual,30.00,,true,true,,,,,,,,,,,,,,,,,,,,,,,,,,,,,kg,,,
lava-lush-washing-powder-lemon-900g,,,,,,,,,Shipper (12 Each),,,,,,,,WP900LEM_Shipper,0.0,shopify,21,deny,manual,33.36,,true,true,,,,,,,,,,,,,,,,,,,,,,,,,,,,,kg,,,
lava-lush-washing-powder-floral-900g,Lava Lush Washing Powder - Floral 900g,"",DutchRusk,Home & Garden > Household Supplies > Laundry Supplies > Laundry Detergent,"",Laundry Detergent,true,Pack Size,Each,,,,,,,,WP900FLO_Each,0.0,shopify,179,deny,manual,2.78,,true,true,,,,,,https://cdn.shopify.com/s/files/1/0668/0861/1129/files/file_afbccdfa-f57f-48dd-bc49-8e66ab6ca671.jpg?v=1754880373,1,WP900FLO,false,,,2754,,,,,,,,,,,,,,,,,kg,,,active
lava-lush-washing-powder-floral-900g,,,,,,,,,Outer (12 Each),,,,,,,,WP900FLO_Outer,0.0,shopify,10,deny,manual,30.00,,true,true,,,,,,,,,,,,,,,,,,,,,,,,,,,,,kg,,,
lava-lush-washing-powder-floral-900g,,,,,,,,,Shipper (12 Each),,,,,,,,WP900FLO_Shipper,0.0,shopify,14,deny,manual,33.36,,true,true,,,,,,,,,,,,,,,,,,,,,,,,,,,,,kg,,,
whittakers-blocks-250g-banana-caramel-x-12ct,Whittakers Blocks 250g Banana Caramel x 12ct,"",Whittakers,,"","Chocolate Blocks, hide-block, hide-shipper",true,Pack Size,Block,,,,,,,,WHIT33_Block,0.0,shopify,535,deny,manual,7.77,,true,true,,,,,,https://cdn.shopify.com/s/files/1/0668/0861/1129/files/file_3389dd5d-3fb3-420a-b7b9-6c19a1fad42c.jpg?v=1754880370,1,WHIT33,false,,,,,,,,,,,,,,,,,,,,kg,,,active
whittakers-blocks-250g-banana-caramel-x-12ct,,,,,,,,,Outer (12 Block),,,,,,,,WHIT33_Outer,0.0,shopify,44,deny,manual,93.24,,true,true,,,,,,,,,,,,,,,,,,,,,,,,,,,,,kg,,,
whittakers-blocks-250g-peanut-caramel-brittle-x-12ct,Whittakers Blocks 250g Peanut Caramel Brittle x 12ct,"",Whittakers,Uncategorized,"","Chocolate Blocks, hide-block, hide-shipper, Night n Day Misc",true,Pack Size,Block,,,,,,,,WHIT32_Block,0.0,shopify,165,deny,manual,7.77,,true,true,,,,,,https://cdn.shopify.com/s/files/1/0668/0861/1129/files/file_dd86d0e0-af0d-446b-a546-5a31c0a49ebc.jpg?v=1754880367,1,WHIT32,false,,,,,,,,,,,,,,,,,,,,kg,,,active
whittakers-blocks-250g-peanut-caramel-brittle-x-12ct,,,,,,,,,Outer (12 Block),,,,,,,,WHIT32_Outer,0.0,shopify,13,deny,manual,93.24,,true,true,,,,,,,,,,,,,,,,,,,,,,,,,,,,,kg,,,
whittakers-blocks-250g-dark-almond,Whittakers Blocks 250g Dark Almond,"",Whittakers,,"","Chocolate Blocks, hide-block, hide-shipper, Night n Day Misc",true,Pack Size,Block,,,,,,,,WHIT066_Block,0.0,shopify,24,deny,manual,7.77,,true,true,,,,,,https://cdn.shopify.com/s/files/1/0668/0861/1129/files/file_b11f6cc9-33b9-4258-8aeb-5b087d2de9cb.jpg?v=1754880365,1,WHIT066,false,,,,,,,,,,,,,,,,,,,,kg,,,active
whittakers-blocks-250g-dark-almond,,,,,,,,,Outer (12 Block),,,,,,,,WHIT066_Outer,0.0,shopify,2,deny,manual,93.24,,true,true,,,,,,,,,,,,,,,,,,,,,,,,,,,,,kg,,,
warheads-super-sour-gumballs-56g-x-24ct,Warheads Super Sour Gumballs 56g x 24ct,"",Warheads,,"",Novelty,true,Pack Size,Outer,,,,,,,,WAR215_Outer,0.0,shopify,75,deny,manual,33.90,,true,true,,,,,,https://cdn.shopify.com/s/files/1/0668/0861/1129/files/file_835260c6-8abe-40aa-a407-ec59a08f7a82.jpg?v=1754880362,1,WAR215,false,,,,,,,,,,,,,,,,,,,,kg,,,active
warheads-super-sour-gumballs-56g-x-24ct,,,,,,,,,Shipper (12 Outer),,,,,,,,WAR215_Shipper,0.0,shopify,6,deny,manual,406.80,,true,true,,,,,,,,,,,,,,,,,,,,,,,,,,,,,kg,,,
warheads-sour-squeeze-candy-120ml-x-12ct,Warheads Sour Squeeze Candy 120ml x 12ct,"",Warheads,,"",Novelty,true,Pack Size,Outer,,,,,,,,WAR210_Outer,0.0,shopify,27,deny,manual,21.20,,true,true,,,,,,https://cdn.shopify.com/s/files/1/0668/0861/1129/files/file_3c45c0c1-7b40-4e20-9f2a-19633a55d65a.jpg?v=1754880359,1,WAR210,false,,,,,,,,,,,,,,,,,,,,kg,,,active
warheads-sour-squeeze-candy-120ml-x-12ct,,,,,,,,,Shipper (8 Outer),,,,,,,,WAR210_Shipper,0.0,shopify,3,deny,manual,169.60,,true,true,,,,,,,,,,,,,,,,,,,,,,,,,,,,,kg,,,
wafer-sticks-astor-double-chocolate-40g-x-36ct,Wafer Sticks - Astor Double Chocolate 40g x 36ct,"",DutchRusk,,"",Novelty,false,Pack Size,Shipper,,,,,,,,WAFDC_Shipper,0.0,shopify,0,deny,manual,26.89,,true,true,,,,,,https://cdn.shopify.com/s/files/1/0668/0861/1129/files/file_8b456f59-a054-4eed-b766-bf83e36fc0b2.jpg?v=1754880357,1,WAFDC,false,,,,,,,,,,,,,,,,,,,,kg,,,draft
usb-double-charger-plug,USB Double Charger Plug,"",DutchRusk,,"","Charging Cables, Miscellaneous",true,Pack Size,Each,,,,,,,,USB003_Each,0.0,shopify,79,deny,manual,4.50,,true,true,,,,,,https://cdn.shopify.com/s/files/1/0668/0861/1129/files/file_11a0c737-1802-427e-b82f-31e6a5ef7615.jpg?v=1754880348,1,USB003,false,,,,,,,,,,,,,,,,,,,,kg,,,active
spongebob-pop-pals-8g-x-12ct,Back Pack Deal - Spongebob Pop Pals 8g x 12ct,"",DutchRusk,Uncategorized,"",Novelty,true,Pack Size,Outer,,,,,,,,UNCLSBPP_Outer,0.0,shopify,38,deny,manual,33.85,,true,true,,,,,,https://cdn.shopify.com/s/files/1/0668/0861/1129/files/UNCLSBPPSpongeBobPopPalsDisplay_Front_HR.jpg?v=1756698019,1,"",false,,,,,,,,,,,,,,,,,,,,kg,,,active
spongebob-pop-pals-8g-x-12ct,,,,,,,,,Shipper (6 Outer),,,,,,,,UNCLSBPP_Shipper,0.0,shopify,6,deny,manual,203.10,,true,true,,,,,,,,,,,,,,,,,,,,,,,,,,,,,kg,,,
spongebob-mallow-pop-45g-x-12ct,Back Pack Deal - Spongebob Mallow Pop 45g x 12ct,"",DutchRusk,Uncategorized,"",Novelty,true,Pack Size,Outer,,,,,,,,UNCLSBMP_Outer,0.0,shopify,0,deny,manual,27.90,,true,true,,,,,,https://cdn.shopify.com/s/files/1/0668/0861/1129/files/UNCLSBMPSpongeBobMarshmallowPopsDisplay.jpg?v=1768873003,1,"",false,,,,,,,,,,,,,,,,,,,,kg,,,active
spongebob-mallow-pop-45g-x-12ct,,,,,,,,,Shipper (6 Outer),,,,,,,,UNCLSBMP_Shipper,0.0,shopify,0,deny,manual,167.40,,true,true,,,,,,,,,,,,,,,,,,,,,,,,,,,,,kg,,,
spongebob-candy-case-10g-x-12ct,Back Pack Deal - Spongebob Candy Case 10g x 12ct,"",DutchRusk,Uncategorized,"",Novelty,true,Pack Size,Outer,,,,,,,,UNCLSBCC_Outer,0.0,shopify,35,deny,manual,27.15,,true,true,,,,,,https://cdn.shopify.com/s/files/1/0668/0861/1129/files/UNCLSBCCSpongebobCandyCase_Display_0c69ca77-d642-4dd4-b363-4238676ec9ce.jpg?v=1768948546,1,"",false,,,,,,,,,,,,,,,,,,,,kg,,,active
spongebob-candy-case-10g-x-12ct,,,,,,,,,Shipper (8 Outer),,,,,,,,UNCLSBCC_Shipper,0.0,shopify,4,deny,manual,217.20,,true,true,,,,,,,,,,,,,,,,,,,,,,,,,,,,,kg,,,
paw-patrol-pop-pals-8g-x-12ct,Paw Patrol - Pop Pals 8g x 12ct,"",DutchRusk,Uncategorized,"",Novelty,true,Pack Size,Outer,,,,,,,,UNCL215_Outer,0.0,shopify,0,deny,manual,30.95,,true,true,,,,,,https://cdn.shopify.com/s/files/1/0668/0861/1129/files/UNCL215PawPatrolPopPalDisplayV2.jpg?v=1768872967,1,"",false,,,,,,,,,,,,,,,,,,,,kg,,,active
paw-patrol-pop-pals-8g-x-12ct,,,,,,,,,Shipper (6 Outer),,,,,,,,UNCL215_Shipper,0.0,shopify,0,deny,manual,185.70,,true,true,,,,,,,,,,,,,,,,,,,,,,,,,,,,,kg,,,
paw-patrol-projector-pop-14g-x-18ct,Back Pack Deal - Paw Patrol - Projector Pop 14g x 18ct,"",DutchRusk,Uncategorized,"",Novelty,true,Pack Size,Outer,,,,,,,,UNCL210_Outer,0.0,shopify,25,deny,manual,48.35,,true,true,,,,,,https://cdn.shopify.com/s/files/1/0668/0861/1129/files/UNCL210PawPatrolProjectorPop_Chase.jpg?v=1768873032,1,"",false,,,,,,,,,,,,,,,,,,,,kg,,,active
paw-patrol-projector-pop-14g-x-18ct,,,,,,,,,Shipper (4 Outer),,,,,,,,UNCL210_Shipper,0.0,shopify,6,deny,manual,193.40,,true,true,,,,,,,,,,,,,,,,,,,,,,,,,,,,,kg,,,
balloons-water-balloons-x-35ct,Balloons - Water Balloons x 35ct,"",DutchRusk,Arts & Entertainment > Party & Celebration > Party Supplies,"",Party,true,Pack Size,Packet,,,,,,,,TPB8945_Packet,0.0,shopify,25,deny,manual,1.30,,true,true,,,,,,https://cdn.shopify.com/s/files/1/0668/0861/1129/files/file_968e2eba-68fb-43c7-a081-29167d0d9add.jpg?v=1754880334,1,TPB8945,false,,,96,,,,,,,,,,,,,,,,,kg,,,active
toastie-bites-1-3kg,Toastie Bites 1.3kg,"",DutchRusk,,"","",false,Pack Size,Bag,,,,,,,,TOASTIEBITE_Bag,0.0,shopify,0,deny,manual,27.50,,true,true,,,,,,,,,false,,,,,,,,,,,,,,,,,,,,kg,,,draft
toastie-bites-1-3kg,,,,,,,,,Shipper (4 Bag),,,,,,,,TOASTIEBITE_Shipper,0.0,shopify,0,deny,manual,0.00,,true,true,,,,,,,,,,,,,,,,,,,,,,,,,,,,,kg,,,
vidal-melon-bites-250ct-1-6kg,Vidal Melon Bites 250ct 1.5kg,"",DutchRusk,,"",Licorice,true,Pack Size,Outer,,,,,,,,SMLB_Outer,0.0,shopify,3,deny,manual,24.90,,true,true,,,,,,https://cdn.shopify.com/s/files/1/0668/0861/1129/files/file_34f120f3-9b16-4a51-9598-c82cc60582cf.jpg?v=1754880314,1,SMLB,false,,,,,,,,,,,,,,,,,,,,kg,,,active
vidal-melon-bites-250ct-1-6kg,,,,,,,,,Shipper (6 Outer),,,,,,,,SMLB_Shipper,0.0,shopify,0,deny,manual,149.40,,true,true,,,,,,,,,,,,,,,,,,,,,,,,,,,,,kg,,,
speed-demon-500ml-x-24ct,Speed Demon 500ml x 24ct,"",Demon,,"","Drinks, Soda Drinks",true,Pack Size,Shipper,,,,,,,,SDEMON_Shipper,0.0,shopify,12,deny,manual,63.35,,true,true,,,,,,https://cdn.shopify.com/s/files/1/0668/0861/1129/files/file_dea29ba9-0e07-4970-9d73-af84f2b26831.jpg?v=1754880308,1,SDEMON,false,,,,,,,,,,,,,,,,,,,,kg,,,active
resealable-lolly-bags-200mm-x-255mm-x-100ct,Resealable Lolly Bags 200mm x 255mm x 100ct,"",DutchRusk,,"",Seal Bags,true,Pack Size,Packet,,,,,,,,S0098_Packet,0.0,shopify,97,deny,manual,7.00,,true,true,,,,,,https://cdn.shopify.com/s/files/1/0668/0861/1129/files/file_4bd1ecad-7342-457e-a75e-df418783c933.jpg?v=1754880288,1,S0098,false,,,,,,,,,,,,,,,,,,,,kg,,,active
resealable-lolly-bags-200mm-x-255mm-x-100ct,,,,,,,,,Shipper (5 Packet),,,,,,,,S0098_Shipper,0.0,shopify,19,deny,manual,35.00,,true,true,,,,,,,,,,,,,,,,,,,,,,,,,,,,,kg,,,
sweets-nz-choc-raspberry-coconut-bites-1kg,Sweets NZ - Choc Raspberry Coconut Bites 1kg,"",Sweets NZ,,"","1kg, Bulk Gummies and Lollies",true,Pack Size,Bag,,,,,,,,RASP001_Bag,0.0,shopify,0,deny,manual,14.50,,true,true,,,,,,https://cdn.shopify.com/s/files/1/0668/0861/1129/files/file_ac7116c2-266b-4521-833c-527480ae9a3f.jpg?v=1754880285,1,RASP001,false,,,,,,,,,,,,,,,,,,,,kg,,,active
reeses-big-cups-single-39g-x-16ct,Reeses BIG Cups - Single 39g x 16ct,"",Reeses,,"","hide-shipper, Novelty",true,Pack Size,Outer,,,,,,,,R0072_Outer,0.0,shopify,0,deny,manual,25.50,,true,true,,,,,,https://cdn.shopify.com/s/files/1/0668/0861/1129/files/file_7c97afc2-d395-4e6e-9165-424a8ff9c142.jpg?v=1754880279,1,R0072,false,,,,,,,,,,,,,,,,,,,,kg,,,active
reeses-big-cups-single-39g-x-16ct,,,,,,,,,Shipper (9 Outer),,,,,,,,R0072_Shipper,0.0,shopify,0,deny,manual,229.50,,true,true,,,,,,,,,,,,,,,,,,,,,,,,,,,,,kg,,,
pez-stitch-x-6ct,PEZ Stitch x 6ct,"",PEZ,,"",Novelty,true,Pack Size,Outer,,,,,,,,PEZSWT_Outer,0.0,shopify,14,deny,manual,21.85,,true,true,,,,,,https://cdn.shopify.com/s/files/1/0668/0861/1129/files/file_166f3c47-be24-4389-af93-caa9a38cff74.jpg?v=1754880271,1,PEZSWT,false,,,,,,,,,,,,,,,,,,,,kg,,,active
pez-stitch-x-6ct,,,,,,,,,Shipper (6 Outer),,,,,,,,PEZSWT_Shipper,0.0,shopify,2,deny,manual,131.10,,true,true,,,,,,,,,,,,,,,,,,,,,,,,,,,,,kg,,,
pez-mandalorian-x-6ct,PEZ Mandalorian x 6ct,"",PEZ,,"",Novelty,false,Pack Size,Outer,,,,,,,,PEZSWM_Outer,0.0,shopify,0,deny,manual,21.85,,true,true,,,,,,https://cdn.shopify.com/s/files/1/0668/0861/1129/files/file_b6347e73-3697-40b9-bb7f-fc1b24a8ed0f.jpg?v=1754880266,1,PEZSWM,false,,,,,,,,,,,,,,,,,,,,kg,,,draft
pez-mandalorian-x-6ct,,,,,,,,,Shipper (6 Outer),,,,,,,,PEZSWM_Shipper,0.0,shopify,0,deny,manual,131.10,,true,true,,,,,,,,,,,,,,,,,,,,,,,,,,,,,kg,,,
pez-spongebob-squarepants-x-6ct,PEZ Spongebob Squarepants x 6ct,"",PEZ,,"",Novelty,true,Pack Size,Outer,,,,,,,,PEZSPB_Outer,0.0,shopify,8,deny,manual,21.85,,true,true,,,,,,https://cdn.shopify.com/s/files/1/0668/0861/1129/files/file_7a4ea014-30de-4c81-b68c-ccc35011c3ca.jpg?v=1754880264,1,PEZSPB,false,,,,,,,,,,,,,,,,,,,,kg,,,active
pez-spongebob-squarepants-x-6ct,,,,,,,,,Shipper (6 Outer),,,,,,,,PEZSPB_Shipper,0.0,shopify,1,deny,manual,131.10,,true,true,,,,,,,,,,,,,,,,,,,,,,,,,,,,,kg,,,
pez-nintendo-super-mario-figures-x-6ct,PEZ Nintendo - Super Mario Figures x 6ct,"",PEZ,,"",Novelty,true,Pack Size,Outer,,,,,,,,PEZSMO_Outer,0.0,shopify,8,deny,manual,21.85,,true,true,,,,,,https://cdn.shopify.com/s/files/1/0668/0861/1129/files/file_f4c6dc94-f344-4131-9a8c-29ad615609fc.jpg?v=1754880261,1,PEZSMO,false,,,,,,,,,,,,,,,,,,,,kg,,,active
pez-nintendo-super-mario-figures-x-6ct,,,,,,,,,Shipper (6 Outer),,,,,,,,PEZSMO_Shipper,0.0,shopify,1,deny,manual,131.10,,true,true,,,,,,,,,,,,,,,,,,,,,,,,,,,,,kg,,,
pez-refills-grape-strawberry-8-in-a-pack-x-12ct,PEZ Refills Grape & Strawberry 8 in a pack x 12ct,"",PEZ,,"",Novelty,true,Pack Size,Outer,,,,,,,,PEZSGR_Outer,0.0,shopify,15,deny,manual,32.85,,true,true,,,,,,https://cdn.shopify.com/s/files/1/0668/0861/1129/files/file_801f7729-589c-47c5-b21b-e7d3e05e2d9e.jpg?v=1754880258,1,PEZSGR,false,,,,,,,,,,,,,,,,,,,,kg,,,active
pez-paw-patrol-figures-x-6ct,PEZ Paw Patrol Figures x 6ct,"",PEZ,,"",Novelty,true,Pack Size,Outer,,,,,,,,PEZPWP_Outer,0.0,shopify,11,deny,manual,21.85,,true,true,,,,,,https://cdn.shopify.com/s/files/1/0668/0861/1129/files/file_895dca2d-531a-4921-a9c9-76edeb6034d4.jpg?v=1754880255,1,PEZPWP,false,,,,,,,,,,,,,,,,,,,,kg,,,active
pez-paw-patrol-figures-x-6ct,,,,,,,,,Shipper (6 Outer),,,,,,,,PEZPWP_Shipper,0.0,shopify,1,deny,manual,131.10,,true,true,,,,,,,,,,,,,,,,,,,,,,,,,,,,,kg,,,
pez-peppa-pig-figures-x-6ct,PEZ Peppa Pig Figures x 6ct,"",PEZ,,"",Novelty,false,Pack Size,Outer,,,,,,,,PEZPAP_Outer,0.0,shopify,0,deny,manual,21.85,,true,true,,,,,,https://cdn.shopify.com/s/files/1/0668/0861/1129/files/file_e3741595-44ee-490d-a09c-5af6865340d2.jpg?v=1754880252,1,PEZPAP,false,,,,,,,,,,,,,,,,,,,,kg,,,draft
pez-peppa-pig-figures-x-6ct,,,,,,,,,Shipper (6 Outer),,,,,,,,PEZPAP_Shipper,0.0,shopify,0,deny,manual,131.10,,true,true,,,,,,,,,,,,,,,,,,,,,,,,,,,,,kg,,,
pez-minions-despicable-me-x-6ct,PEZ Minions Despicable Me x 6ct,"",PEZ,,"",Novelty,true,Pack Size,Outer,,,,,,,,PEZMON_Outer,0.0,shopify,11,deny,manual,21.85,,true,true,,,,,,https://cdn.shopify.com/s/files/1/0668/0861/1129/files/file_4ea15447-a599-4ec6-964e-30aee48dafab.jpg?v=1754880249,1,PEZMON,false,,,,,,,,,,,,,,,,,,,,kg,,,active
pez-minions-despicable-me-x-6ct,,,,,,,,,Shipper (6 Outer),,,,,,,,PEZMON_Shipper,0.0,shopify,1,deny,manual,131.10,,true,true,,,,,,,,,,,,,,,,,,,,,,,,,,,,,kg,,,
pez-emojis-figures-x-6ct,PEZ Emojis Figures x 6ct,"",PEZ,,"",Novelty,true,Pack Size,Outer,,,,,,,,PEZMOJ_Outer,0.0,shopify,4,deny,manual,21.85,,true,true,,,,,,https://cdn.shopify.com/s/files/1/0668/0861/1129/files/file_2ac29da6-9563-482b-af1a-b19fe52fc170.jpg?v=1754880247,1,PEZMOJ,false,,,,,,,,,,,,,,,,,,,,kg,,,active
pez-emojis-figures-x-6ct,,,,,,,,,Shipper (6 Outer),,,,,,,,PEZMOJ_Shipper,0.0,shopify,0,deny,manual,131.10,,true,true,,,,,,,,,,,,,,,,,,,,,,,,,,,,,kg,,,
pez-minecraft-x-6ct,PEZ Minecraft x 6ct,"",PEZ,,"",Novelty,true,Pack Size,Outer,,,,,,,,PEZMCF_Outer,0.0,shopify,4,deny,manual,21.85,,true,true,,,,,,https://cdn.shopify.com/s/files/1/0668/0861/1129/files/file_926e54fd-71a5-4450-bcd8-32f9e7aec5c9.jpg?v=1754880244,1,PEZMCF,false,,,,,,,,,,,,,,,,,,,,kg,,,active
pez-minecraft-x-6ct,,,,,,,,,Shipper (6 Outer),,,,,,,,PEZMCF_Shipper,0.0,shopify,0,deny,manual,131.10,,true,true,,,,,,,,,,,,,,,,,,,,,,,,,,,,,kg,,,
pez-mickey-mouse-figures-x-6ct,PEZ Mickey Mouse Figures x 6ct,"",PEZ,,"",Novelty,true,Pack Size,Outer,,,,,,,,PEZMAF_Outer,0.0,shopify,9,deny,manual,21.85,,true,true,,,,,,https://cdn.shopify.com/s/files/1/0668/0861/1129/files/file_86a75278-cff3-4db9-98cd-74533eb3c5ff.jpg?v=1754880241,1,PEZMAF,false,,,,,,,,,,,,,,,,,,,,kg,,,active
pez-mickey-mouse-figures-x-6ct,,,,,,,,,Shipper (6 Outer),,,,,,,,PEZMAF_Shipper,0.0,shopify,1,deny,manual,131.10,,true,true,,,,,,,,,,,,,,,,,,,,,,,,,,,,,kg,,,
pez-looney-tunes-x-6ct,PEZ Looney Tunes x 6ct,"",PEZ,,"",Novelty,false,Pack Size,Outer,,,,,,,,PEZLTU_Outer,0.0,shopify,0,deny,manual,21.85,,true,true,,,,,,https://cdn.shopify.com/s/files/1/0668/0861/1129/files/file_5ca361bd-09aa-4c53-b18f-55198a6b5a15.jpg?v=1754880238,1,PEZLTU,false,,,,,,,,,,,,,,,,,,,,kg,,,draft
pez-looney-tunes-x-6ct,,,,,,,,,Shipper (6 Outer),,,,,,,,PEZLTU_Shipper,0.0,shopify,0,deny,manual,131.10,,true,true,,,,,,,,,,,,,,,,,,,,,,,,,,,,,kg,,,
pez-lion-king-x-6ct,PEZ Lion King x 6ct,"",PEZ,,"",Novelty,true,Pack Size,Outer,,,,,,,,PEZLKG_Outer,0.0,shopify,8,deny,manual,21.85,,true,true,,,,,,https://cdn.shopify.com/s/files/1/0668/0861/1129/files/file_77aa1b20-24c5-4e79-8522-cceabc025c8f.jpg?v=1754880235,1,PEZLKG,false,,,,,,,,,,,,,,,,,,,,kg,,,active
pez-lion-king-x-6ct,,,,,,,,,Shipper (6 Outer),,,,,,,,PEZLKG_Shipper,0.0,shopify,1,deny,manual,131.10,,true,true,,,,,,,,,,,,,,,,,,,,,,,,,,,,,kg,,,
pez-hello-kitty-x-6ct,PEZ Hello Kitty  x 6ct,"",PEZ,,"",Novelty,true,Pack Size,Outer,,,,,,,,PEZHKA_Outer,0.0,shopify,8,deny,manual,21.85,,true,true,,,,,,https://cdn.shopify.com/s/files/1/0668/0861/1129/files/file_0f80b482-b4b6-4d07-9e58-05a049f4452c.jpg?v=1754880232,1,PEZHKA,false,,,,,,,,,,,,,,,,,,,,kg,,,active
pez-hello-kitty-x-6ct,,,,,,,,,Shipper (6 Outer),,,,,,,,PEZHKA_Shipper,0.0,shopify,1,deny,manual,131.10,,true,true,,,,,,,,,,,,,,,,,,,,,,,,,,,,,kg,,,
pez-frozen-figures-x-6ct,PEZ Frozen Figures x 6ct,"",PEZ,,"",Novelty,true,Pack Size,Outer,,,,,,,,PEZFZN_Outer,0.0,shopify,2,deny,manual,21.85,,true,true,,,,,,https://cdn.shopify.com/s/files/1/0668/0861/1129/files/file_de536d14-b6d6-4fc9-b0e5-c6a2744707d3.jpg?v=1754880230,1,PEZFZN,false,,,,,,,,,,,,,,,,,,,,kg,,,active
pez-frozen-figures-x-6ct,,,,,,,,,Shipper (6 Outer),,,,,,,,PEZFZN_Shipper,0.0,shopify,0,deny,manual,131.10,,true,true,,,,,,,,,,,,,,,,,,,,,,,,,,,,,kg,,,
pez-refills-fruit-8-in-a-pack-x-12ct,PEZ Refills FRUIT 8 in a pack x 12ct,"",PEZ,,"",Novelty,true,Pack Size,Outer,,,,,,,,PEZFRF_Outer,0.0,shopify,8,deny,manual,32.85,,true,true,,,,,,https://cdn.shopify.com/s/files/1/0668/0861/1129/files/file_6f5b780f-f25b-4513-ba03-a6571325e2a2.jpg?v=1754880227,1,PEZFRF,false,,,,,,,,,,,,,,,,,,,,kg,,,active
pez-disney-princess-figures-x-6ct,PEZ Disney Princess Figures x 6ct,"",PEZ,,"",Novelty,true,Pack Size,Outer,,,,,,,,PEZDPS_Outer,0.0,shopify,7,deny,manual,21.85,,true,true,,,,,,https://cdn.shopify.com/s/files/1/0668/0861/1129/files/file_4d798868-7ae0-4541-891b-26620361b112.jpg?v=1754880224,1,PEZDPS,false,,,,,,,,,,,,,,,,,,,,kg,,,active
pez-disney-princess-figures-x-6ct,,,,,,,,,Shipper (6 Outer),,,,,,,,PEZDPS_Shipper,0.0,shopify,1,deny,manual,131.10,,true,true,,,,,,,,,,,,,,,,,,,,,,,,,,,,,kg,,,
sweets-nz-peanut-clusters-1kg,Sweets NZ - Peanut Clusters 1kg,"",Sweets NZ,,"","1kg, Bulk Gummies and Lollies",true,Pack Size,Bag,,,,,,,,PEA001_Bag,0.0,shopify,5,deny,manual,14.50,,true,true,,,,,,https://cdn.shopify.com/s/files/1/0668/0861/1129/files/file_64a1a1aa-1cd9-48cf-90f9-d896e154abd8.jpg?v=1754880221,1,PEA001,false,,,,,,,,,,,,,,,,,,,,kg,,,active
fruit-pastilles-1kg,Fruit Pastilles 1kg,"",DutchRusk,,"","1kg, Bulk Gummies and Lollies",false,Pack Size,Bag,,,,,,,,PASTILLES_Bag,0.0,shopify,0,deny,manual,15.50,,true,true,,,,,,https://cdn.shopify.com/s/files/1/0668/0861/1129/files/file_f5f3314f-44c0-49b6-9483-19dd3f35c058.jpg?v=1754880218,1,PASTILLES,false,,,,,,,,,,,,,,,,,,,,kg,,,draft
batteries-panasonic-aaa-2-pack,Batteries - Panasonic AAA 2 pack,"",Panasonic,Electronics > Electronics Accessories > Power > Batteries > General Purpose Batteries,"",Batteries,true,Pack Size,Packet,,,,,,,,PANA-AAA2_Packet,0.0,shopify,107,deny,manual,3.85,,true,true,,,,,,https://cdn.shopify.com/s/files/1/0668/0861/1129/files/file_a6bddff9-a2f1-492a-9787-449205d405a4.jpg?v=1754880215,1,PANA-AAA2,false,,,4928,,,,,,,,,,,,,,,,,kg,,,active
batteries-panasonic-aa-2-pack,Batteries - Panasonic AA 2 pack,"",Panasonic,Electronics > Electronics Accessories > Power > Batteries > General Purpose Batteries,"",Batteries,true,Pack Size,Packet,,,,,,,,PANA-AA2_Packet,0.0,shopify,94,deny,manual,3.85,,true,true,,,,,,https://cdn.shopify.com/s/files/1/0668/0861/1129/files/file_c4bce2f6-462f-4d83-a191-7e1d1c4a0646.jpg?v=1754880212,1,PANA-AA2,false,,,4928,,,,,,,,,,,,,,,,,kg,,,active
ring-pop-14g-x-24ct,Ring Pop 14g x 24ct,"",DutchRusk,Uncategorized,"","Lollipops, Novelty",true,Pack Size,Outer,,,,,,,,MYR100_Outer,0.0,shopify,208,deny,manual,27.05,,true,true,,,,,,https://cdn.shopify.com/s/files/1/0668/0861/1129/files/file_884795d9-66f0-40ba-9a39-f45845d3e765.jpg?v=1754880208,1,MYR100,false,,,,,,,,,,,,,,,,,,,,kg,,,active
ring-pop-14g-x-24ct,,,,,,,,,Shipper (16 Outer),,,,,,,,MYR100_Shipper,0.0,shopify,13,deny,manual,432.80,,true,true,,,,,,,,,,,,,,,,,,,,,,,,,,,,,kg,,,
m-m-yellow-dump-bin,M&M Yellow Dump Bin,"",Mars,,"","",false,Pack Size,Each,,,,,,,,MM366_Each,0.0,shopify,1,deny,manual,0.00,,true,true,,,,,,https://cdn.shopify.com/s/files/1/0668/0861/1129/files/file_810f603b-4f05-4180-9811-5bc6c27535ac.jpg?v=1754880202,1,MM366,false,,,,,,,,,,,,,,,,,,,,kg,,,draft
sweets-nz-mint-caramels-1kg,Sweets NZ - Mint Caramels 1kg,"",Sweets NZ,,"","1kg, Bulk Gummies and Lollies",true,Pack Size,Bag,,,,,,,,MINT001_Bag,0.0,shopify,0,deny,manual,14.50,,true,true,,,,,,https://cdn.shopify.com/s/files/1/0668/0861/1129/files/file_e075f2bc-6451-4803-a2c3-db9e7c15a4e9.jpg?v=1754880196,1,MINT001,false,,,,,,,,,,,,,,,,,,,,kg,,,active
pods-mars-160g-x-15ct,Pods Mars 160g x 15ct,"",Mars,,"","",false,Pack Size,Shipper,,,,,,,,M0057_Shipper,0.0,shopify,0,deny,manual,98.20,,true,true,,,,,,https://cdn.shopify.com/s/files/1/0668/0861/1129/files/file_4ea10f13-44ab-4468-84f9-2837f6342e53.jpg?v=1754880174,1,M0057,false,,,,,,,,,,,,,,,,,,,,kg,,,draft
pods-twix-160g-x-15ct,Pods Twix 160g x 15ct,"",Mars,,"","",false,Pack Size,Shipper,,,,,,,,M0056_Shipper,0.0,shopify,0,deny,manual,98.20,,true,true,,,,,,https://cdn.shopify.com/s/files/1/0668/0861/1129/files/file_ee817ffd-2cf2-4803-b179-1923d1fe9599.jpg?v=1754880171,1,M0056,false,,,,,,,,,,,,,,,,,,,,kg,,,draft
vidal-filled-brains-1kg,Vidal Filled Brains 1kg,"",Vidal,,"","1kg, Bulk Gummies and Lollies",true,Pack Size,Bag,,,,,,,,IVFB_Bag,0.0,shopify,0,deny,manual,14.50,,true,true,,,,,,https://cdn.shopify.com/s/files/1/0668/0861/1129/files/file_32b7cf9f-32e8-4439-b04b-6b6dab3cecac.jpg?v=1754880151,1,IVFB,false,,,,,,,,,,,,,,,,,,,,kg,,,active
vidal-filled-brains-1kg,,,,,,,,,Shipper (12 Bag),,,,,,,,IVFB_Shipper,0.0,shopify,0,deny,manual,174.00,,true,true,,,,,,,,,,,,,,,,,,,,,,,,,,,,,kg,,,
hersheys-miniatures-136g,Hersheys Miniatures 136g,"",Hersheys,"Food, Beverages & Tobacco > Food Items > Candy & Chocolate > Chocolate","","hide-shipper, Novelty",true,Pack Size,Bag,,,,,,,,IUSHER8_Bag,0.0,shopify,12,deny,manual,6.90,,true,true,,,,,,https://cdn.shopify.com/s/files/1/0668/0861/1129/files/file_ce0daf5d-e4a8-4a08-b821-808c51f07253.jpg?v=1754880146,1,IUSHER8,false,,,4748,,,,,,,,,,,,,,,,,kg,,,active
hersheys-miniatures-136g,,,,,,,,,Shipper (12 Bag),,,,,,,,IUSHER8_Shipper,0.0,shopify,1,deny,manual,82.80,,true,true,,,,,,,,,,,,,,,,,,,,,,,,,,,,,kg,,,
hersheys-xl-cookies-and-cream-113g-x-12ct,Hersheys XL Cookies and Cream 113g x 12ct,"",Hersheys,,"","Chocolate Blocks, hide-shipper, Novelty",false,Pack Size,Outer,,,,,,,,IUSAHCCXLB_Outer,0.0,shopify,0,deny,manual,55.15,,true,true,,,,,,https://cdn.shopify.com/s/files/1/0668/0861/1129/files/file_e2233943-fd68-40ad-8850-195d10375084.jpg?v=1754880140,1,IUSAHCCXLB,false,,,,,,,,,,,,,,,,,,,,kg,,,draft
hersheys-xl-cookies-and-cream-113g-x-12ct,,,,,,,,,Shipper (18 Outer),,,,,,,,IUSAHCCXLB_Shipper,0.0,shopify,0,deny,manual,992.70,,true,true,,,,,,,,,,,,,,,,,,,,,,,,,,,,,kg,,,
ravazzi-sugared-peach-hearts1kg,Ravazzi  Sugared Peach Hearts1kg,"",Ravazzi,,"","Bulk Gummies and Lollies, hide-shipper",true,Pack Size,Bag,,,,,,,,IRVSSFH_Bag,0.0,shopify,0,deny,manual,14.50,,true,true,,,,,,https://cdn.shopify.com/s/files/1/0668/0861/1129/files/file_1fc111a0-a026-4527-843c-722e46827d3b.jpg?v=1754880127,1,IRVSSFH,false,,,,,,,,,,,,,,,,,,,,kg,,,active
ravazzi-sugared-peach-hearts1kg,,,,,,,,,Shipper (12 Bag),,,,,,,,IRVSSFH_Shipper,0.0,shopify,0,deny,manual,174.00,,true,true,,,,,,,,,,,,,,,,,,,,,,,,,,,,,kg,,,
ravazzi-sugared-crossiants-1kg,Ravazzi  Sugared Croissants 1kg,"",Ravazzi,,"","1kg, Bulk Gummies and Lollies, hide-shipper",true,Pack Size,Bag,,,,,,,,IRVSCR_Bag,0.0,shopify,0,deny,manual,14.50,,true,true,,,,,,https://cdn.shopify.com/s/files/1/0668/0861/1129/files/file_207fab0b-21e1-45ca-a393-0a4b3f7d4ae8.jpg?v=1754880124,1,IRVSCR,false,,,,,,,,,,,,,,,,,,,,kg,,,active
ravazzi-sugared-crossiants-1kg,,,,,,,,,Shipper (12 Bag),,,,,,,,IRVSCR_Shipper,0.0,shopify,0,deny,manual,174.00,,true,true,,,,,,,,,,,,,,,,,,,,,,,,,,,,,kg,,,
ravazzi-gummy-strawberry-hearts-1kg,Ravazzi Gummy Strawberry Hearts 1kg,"",Ravazzi,,"","1kg, Bulk Gummies and Lollies, hide-shipper",true,Pack Size,Bag,,,,,,,,IRVFS_Bag,0.0,shopify,61,deny,manual,14.50,,true,true,,,,,,https://cdn.shopify.com/s/files/1/0668/0861/1129/files/file_aeafd808-0dad-41a9-9110-a06bfe906d5d.jpg?v=1754880121,1,IRVFS,false,,,,,,,,,,,,,,,,,,,,kg,,,active
ravazzi-gummy-strawberry-hearts-1kg,,,,,,,,,Shipper (12 Bag),,,,,,,,IRVFS_Shipper,0.0,shopify,5,deny,manual,174.00,,true,true,,,,,,,,,,,,,,,,,,,,,,,,,,,,,kg,,,
ravazzi-fuit-of-the-sea-2kg,Ravazzi Fruit Of The Sea 2kg,"",Ravazzi,,"","2kg, Bulk Gummies and Lollies, hide-shipper",true,Pack Size,Bag,,,,,,,,IRVFRS_Bag,0.0,shopify,0,deny,manual,29.00,,true,true,,,,,,https://cdn.shopify.com/s/files/1/0668/0861/1129/files/file_d079badb-da04-45c4-b9d6-be4382c136d3.jpg?v=1754880118,1,IRVFRS,false,,,,,,,,,,,,,,,,,,,,kg,,,active
ravazzi-fuit-of-the-sea-2kg,,,,,,,,,Shipper (4 Bag),,,,,,,,IRVFRS_Shipper,0.0,shopify,0,deny,manual,116.00,,true,true,,,,,,,,,,,,,,,,,,,,,,,,,,,,,kg,,,
ravazzi-gummy-croissants-1kg,Ravazzi Gummy Croissants 1kg,"",Ravazzi,Uncategorized,"","1kg, Bulk Gummies and Lollies, hide-shipper",true,Pack Size,Bag,,,,,,,,IRVCR_Bag,0.0,shopify,72,deny,manual,14.50,,true,true,,,,,,https://cdn.shopify.com/s/files/1/0668/0861/1129/files/IRVCRGummyCrossiant.jpg?v=1765414282,1,"",false,,,,,,,,,,,,,,,,,,,,kg,,,active
ravazzi-gummy-croissants-1kg,,,,,,,,,Shipper (12 Bag),,,,,,,,IRVCR_Shipper,0.0,shopify,6,deny,manual,174.00,,true,true,,,,,,,,,,,,,,,,,,,,,,,,,,,,,kg,,,
candy-floss-mils-sour-green-100g-x-18ct,Candy Floss - MILS - GREEN 100g x 18ct,"",Mils,Uncategorized,"","Candy Floss, Night n Day Misc, Novelty",true,Pack Size,Shipper,,,,,,,,GREEN18_Shipper,0.0,shopify,41,deny,manual,49.30,,true,true,,,,,,https://cdn.shopify.com/s/files/1/0668/0861/1129/files/GREEN18Mil_sGreenCandyfloss.jpg?v=1754947176,1,"",false,,,,,,,,,,,,,,,,,,,,kg,,,active
dr-bugs-popcorn-70g-lemon-meringue-pie-x-10ct,Dr Bugs Popcorn - 70g Lemon Meringue Pie x 10ct,"",Dr Bugs,,"","Popcorn, Snacks",false,Pack Size,Bag,,,,,,,,GLM70-1_Bag,0.0,shopify,0,deny,manual,2.99,,true,true,,,,,,https://cdn.shopify.com/s/files/1/0668/0861/1129/files/file_7b90636d-846c-41b4-907f-1e2bd595e166.jpg?v=1754880105,1,GLM70-1,false,,,,,,,,,,,,,,,,,,,,kg,,,draft
dr-bugs-popcorn-70g-lemon-meringue-pie-x-10ct,,,,,,,,,Outer (10 Bag),,,,,,,,GLM70-1_Outer,0.0,shopify,0,deny,manual,29.90,,true,true,,,,,,,,,,,,,,,,,,,,,,,,,,,,,kg,,,
dr-bugs-popcorn-70g-lemon-meringue-pie-x-10ct,,,,,,,,,Shipper (40 Bag),,,,,,,,GLM70-1_Shipper,0.0,shopify,0,deny,manual,119.60,,true,true,,,,,,,,,,,,,,,,,,,,,,,,,,,,,kg,,,
ghost-energy-warheads-sour-apple-500ml-x-12ct,Ghost Energy - Warheads Sour Apple 500ml x 12ct,"",Ghost,Uncategorized,"","Drinks, Energy Drinks",false,Pack Size,Tray,,,,,,,,GH-ERTD5WSGA_Tray,0.0,shopify,0,deny,manual,63.10,,true,true,,,,,,https://cdn.shopify.com/s/files/1/0668/0861/1129/files/GH-ERTD5WSGAGhostgreenapple.jpg?v=1765850821,1,"",false,,,,,,,,,,,,,,,,,,,,kg,,,draft
zazzy-40g-x24ct,Zazzy 40g x24ct,"",DutchRusk,,"","",true,Pack Size,Outer,,,,,,,,GCZAZ_Outer,0.0,shopify,26,deny,manual,18.20,,true,true,,,,,,https://cdn.shopify.com/s/files/1/0668/0861/1129/files/file_f7e6b90b-0d16-4eae-a6a2-828ceb6783fb.jpg?v=1754880094,1,GCZAZ,false,,,,,,,,,,,,,,,,,,,,kg,,,active
zazzy-40g-x24ct,,,,,,,,,Shipper (8 Outer),,,,,,,,GCZAZ_Shipper,0.0,shopify,3,deny,manual,145.60,,true,true,,,,,,,,,,,,,,,,,,,,,,,,,,,,,kg,,,
frooze-balls-caramel-choc-peanut-butter-70g-x-20ct-1,Frooze Balls Caramel Choc Peanut Butter 70g x 20ct,"",Frooze Balls,Uncategorized,"","",true,Pack Size,Bag,,,,,,,,F5930_Bag,0.0,shopify,5,deny,manual,2.25,,true,true,,,,,,https://cdn.shopify.com/s/files/1/0668/0861/1129/files/F5930FroozeCaramelChocPeanutButter70g.jpg?v=1756696220,1,"",false,,,,,,,,,,,,,,,,,,,,kg,,,active
frooze-balls-caramel-choc-peanut-butter-70g-x-20ct-1,,,,,,,,,Shipper (20 Bag),,,,,,,,F5930_Shipper,0.0,shopify,0,deny,manual,45.00,,true,true,,,,,,,,,,,,,,,,,,,,,,,,,,,,,kg,,,
heartland-extreme-crunch-apple-cider-vinegar-35g-x-24ct,Heartland Extreme Crunch Apple Cider Vinegar 35g x 24ct,"",Heartland,,"",Snacks,false,Pack Size,Shipper,,,,,,,,ECAV35_Shipper,0.0,shopify,0,deny,manual,34.00,,true,true,,,,,,,,,false,,,,,,,,,,,,,,,,,,,,kg,,,draft
dragon-zombie-eyeball-slime-with-spoon-100g-x-12ct,Dragon Zombie Eyeball Slime with Spoon 100g x 12ct,"",Dragon,Uncategorized,"","Dragon Novelty, Night n Day Misc, Novelty",true,Pack Size,Outer,,,,,,,,DR3901_Outer,0.0,shopify,23,deny,manual,16.00,,true,true,,,,,,https://cdn.shopify.com/s/files/1/0668/0861/1129/files/file_df2e6912-8e7e-4eeb-a5af-1b5e1abcd110.jpg?v=1754880044,1,DR3901,false,,,,,,,,,,,,,,,,,,,,kg,,,active
dragon-zombie-eyeball-slime-with-spoon-100g-x-12ct,,,,,,,,,Shipper (8 Outer),,,,,,,,DR3901_Shipper,0.0,shopify,2,deny,manual,128.00,,true,true,,,,,,,,,,,,,,,,,,,,,,,,,,,,,kg,,,
350g-sour-party-mix-x-20ct-1,350g Sour Party Mix x 20ct,"",Dragon,,"",Family Bags,true,Pack Size,Bag,,,,,,,,DR376-1_Bag,0.0,shopify,2360,deny,manual,3.60,,true,true,,,,,,https://cdn.shopify.com/s/files/1/0668/0861/1129/files/file_7b30982e-3c33-4a58-8712-9450eba67d3d.jpg?v=1754880041,1,DR376-1,false,,,,,,,,,,,,,,,,,,,,kg,,,active
350g-sour-party-mix-x-20ct-1,,,,,,,,,Shipper (20 Bag),,,,,,,,DR376-1_Shipper,0.0,shopify,118,deny,manual,72.00,,true,true,,,,,,,,,,,,,,,,,,,,,,,,,,,,,kg,,,
350g-gummy-party-mix-x-20ct,350g Gummy Party Mix x 20ct,"",Dragon,,"",Family Bags,true,Pack Size,Bag,,,,,,,,DR308-1_Bag,0.0,shopify,2880,deny,manual,3.60,,true,true,,,,,,https://cdn.shopify.com/s/files/1/0668/0861/1129/files/file_60bd4876-473a-473f-a3c2-32a49500cb9f.jpg?v=1754880035,1,DR308-1,false,,,,,,,,,,,,,,,,,,,,kg,,,active
350g-gummy-party-mix-x-20ct,,,,,,,,,Shipper (20 Bag),,,,,,,,DR308-1_Shipper,0.0,shopify,144,deny,manual,72.00,,true,true,,,,,,,,,,,,,,,,,,,,,,,,,,,,,kg,,,
dragon-2kg-gummy-sweet-chilly-peppers,Dragon 2kg Gummy Sweet Chilly Peppers,"",Dragon,,"","2kg, Bulk Gummies and Lollies, Dragon 2KG, Night n Day Misc",true,Pack Size,Bag,,,,,,,,DR-499_Bag,0.0,shopify,44,deny,manual,19.25,,true,true,,,,,,https://cdn.shopify.com/s/files/1/0668/0861/1129/files/file_118b8086-6a73-472c-b008-bb8327de822a.jpg?v=1754879999,1,DR-499,false,,,,,,,,,,,,,,,,,,,,kg,,,active
dragon-2kg-gummy-sweet-chilly-peppers,,,,,,,,,Shipper (6 Bag),,,,,,,,DR-499_Shipper,0.0,shopify,7,deny,manual,115.50,,true,true,,,,,,,,,,,,,,,,,,,,,,,,,,,,,kg,,,
dragon-2kg-gummy-eye-balls,Dragon 2kg Gummy Eye Balls,"",Dragon,,"","2kg, Bulk Gummies and Lollies, Dragon 2KG",true,Pack Size,Bag,,,,,,,,DR-302_Bag,0.0,shopify,33,deny,manual,19.25,,true,true,,,,,,https://cdn.shopify.com/s/files/1/0668/0861/1129/files/file_bfb4337d-a737-4cde-bbde-c09fa623c66c.jpg?v=1754879992,1,DR-302,false,,,,,,,,,,,,,,,,,,,,kg,,,active
dragon-2kg-gummy-eye-balls,,,,,,,,,Shipper (6 Bag),,,,,,,,DR-302_Shipper,0.0,shopify,5,deny,manual,115.50,,true,true,,,,,,,,,,,,,,,,,,,,,,,,,,,,,kg,,,
acecook-noodles-blacktonkotsu-with-garlic-73g-x-12,Acecook Noodles - BlackTonkotsu With Garlic 73g x 12,"",DutchRusk,,"","",true,Pack Size,Shipper,,,,,,,,DQ60177_Shipper,0.0,shopify,3,deny,manual,22.68,,true,true,,,,,,https://cdn.shopify.com/s/files/1/0668/0861/1129/files/file_015b9921-1e1f-4221-9768-2709e8755f16.jpg?v=1754879968,1,DQ60177,false,,,,,,,,,,,,,,,,,,,,kg,,,active
acecook-noodles-red-spicy-tonkotsu-73g-x-12,Acecook Noodles - Red Spicy Tonkotsu 73g x 12,"",DutchRusk,,"","",true,Pack Size,Shipper,,,,,,,,DQ60176_Shipper,0.0,shopify,0,deny,manual,22.68,,true,true,,,,,,https://cdn.shopify.com/s/files/1/0668/0861/1129/files/file_7df0a9a5-94aa-4145-9080-c6c3cc6e4359.jpg?v=1754879965,1,DQ60176,false,,,,,,,,,,,,,,,,,,,,kg,,,active
acecook-noodles-hakata-tonkotsu-73g-x-12,Acecook Noodles - Hakata Tonkotsu 73g x 12,"",DutchRusk,,"","",true,Pack Size,Shipper,,,,,,,,DQ60175_Shipper,0.0,shopify,0,deny,manual,22.68,,true,true,,,,,,https://cdn.shopify.com/s/files/1/0668/0861/1129/files/file_f90f437b-7f40-4c84-a0c9-8534cc2466f5.jpg?v=1754879961,1,DQ60175,false,,,,,,,,,,,,,,,,,,,,kg,,,active
acecook-noodles-sapporo-miso-73g-x-12,Acecook Noodles - Sapporo Miso  73g x 12,"",DutchRusk,,"","",true,Pack Size,Shipper,,,,,,,,DQ50173_Shipper,0.0,shopify,2,deny,manual,22.68,,true,true,,,,,,https://cdn.shopify.com/s/files/1/0668/0861/1129/files/file_9a751934-b49f-4bf0-8e61-0c4db5fc12f4.jpg?v=1754879959,1,DQ50173,false,,,,,,,,,,,,,,,,,,,,kg,,,active
acecook-noodles-creamy-chicken-paitan-73g-x-12,Acecook Noodles - Creamy Chicken Paitan 73g x 12,"",DutchRusk,,"","",true,Pack Size,Shipper,,,,,,,,DQ00496_Shipper,0.0,shopify,2,deny,manual,22.68,,true,true,,,,,,https://cdn.shopify.com/s/files/1/0668/0861/1129/files/file_56b82dfd-9951-4890-ab91-19b988cf6901.jpg?v=1754879956,1,DQ00496,false,,,,,,,,,,,,,,,,,,,,kg,,,active
lotte-sticks-vanilla-strawberry-40g,Lotte Sticks Vanilla Strawberry 40g,"",Lotte,,"",Novelty,true,Pack Size,Each,,,,,,,,DN51231_Each,0.0,shopify,9,deny,manual,1.60,,true,true,,,,,,https://cdn.shopify.com/s/files/1/0668/0861/1129/files/file_b8fa1467-4f80-47c0-bdfe-f1a51c2e17d7.jpg?v=1754879954,1,DN51231,false,,,,,,,,,,,,,,,,,,,,kg,,,active
lotte-sticks-vanilla-strawberry-40g,,,,,,,,,Outer (10 Each),,,,,,,,DN51231_Outer,0.0,shopify,0,deny,manual,16.00,,true,true,,,,,,,,,,,,,,,,,,,,,,,,,,,,,kg,,,
lotte-sticks-vanilla-strawberry-40g,,,,,,,,,Shipper (60 Each),,,,,,,,DN51231_Shipper,0.0,shopify,0,deny,manual,96.00,,true,true,,,,,,,,,,,,,,,,,,,,,,,,,,,,,kg,,,
lotte-koala-vanilla-37g,Lotte Koala - Vanilla 37g,"",Lotte,,"",Novelty,true,Pack Size,Each,,,,,,,,DN51229_Each,0.0,shopify,2,deny,manual,1.45,,true,true,,,,,,https://cdn.shopify.com/s/files/1/0668/0861/1129/files/file_1eff4c15-53fc-4f8b-b847-00b78de789bd.jpg?v=1754879951,1,DN51229,false,,,,,,,,,,,,,,,,,,,,kg,,,active
lotte-koala-vanilla-37g,,,,,,,,,Outer (6 Each),,,,,,,,DN51229_Outer,0.0,shopify,0,deny,manual,8.70,,true,true,,,,,,,,,,,,,,,,,,,,,,,,,,,,,kg,,,
lotte-koala-vanilla-37g,,,,,,,,,Shipper (48 Each),,,,,,,,DN51229_Shipper,0.0,shopify,0,deny,manual,69.60,,true,true,,,,,,,,,,,,,,,,,,,,,,,,,,,,,kg,,,
lotte-sticks-cocoa-chocolate-40g,Lotte Sticks Cocoa Chocolate 40g,"",Lotte,,"",Novelty,true,Pack Size,Each,,,,,,,,DN50999_Each,0.0,shopify,136,deny,manual,1.60,,true,true,,,,,,https://cdn.shopify.com/s/files/1/0668/0861/1129/files/file_d0cd4f5e-5036-4a34-a8a4-19e344f9fb91.jpg?v=1754879948,1,DN50999,false,,,,,,,,,,,,,,,,,,,,kg,,,active
lotte-sticks-cocoa-chocolate-40g,,,,,,,,,Outer (10 Each),,,,,,,,DN50999_Outer,0.0,shopify,13,deny,manual,16.00,,true,true,,,,,,,,,,,,,,,,,,,,,,,,,,,,,kg,,,
lotte-sticks-cocoa-chocolate-40g,,,,,,,,,Shipper (60 Each),,,,,,,,DN50999_Shipper,0.0,shopify,2,deny,manual,96.00,,true,true,,,,,,,,,,,,,,,,,,,,,,,,,,,,,kg,,,
lotte-sticks-vanilla-choc-40g,Lotte Sticks Vanilla Choc 40g,"",Lotte,,"",Novelty,true,Pack Size,Each,,,,,,,,DN50856_Each,0.0,shopify,274,deny,manual,1.60,,true,true,,,,,,https://cdn.shopify.com/s/files/1/0668/0861/1129/files/file_103f486a-9c52-42b2-90e8-463843bb3dd5.jpg?v=1754879945,1,DN50856,false,,,,,,,,,,,,,,,,,,,,kg,,,active
lotte-sticks-vanilla-choc-40g,,,,,,,,,Outer (10 Each),,,,,,,,DN50856_Outer,0.0,shopify,27,deny,manual,16.00,,true,true,,,,,,,,,,,,,,,,,,,,,,,,,,,,,kg,,,
lotte-sticks-vanilla-choc-40g,,,,,,,,,Shipper (60 Each),,,,,,,,DN50856_Shipper,0.0,shopify,4,deny,manual,96.00,,true,true,,,,,,,,,,,,,,,,,,,,,,,,,,,,,kg,,,
lotte-koala-strawberry-37g,Lotte Koala - Strawberry 37g,"",Lotte,,"",Novelty,true,Pack Size,Each,,,,,,,,DN50849_Each,0.0,shopify,1,deny,manual,1.45,,true,true,,,,,,https://cdn.shopify.com/s/files/1/0668/0861/1129/files/file_496f9061-50af-45cc-8a0c-214afb8f4a57.jpg?v=1754879942,1,DN50849,false,,,,,,,,,,,,,,,,,,,,kg,,,active
lotte-koala-strawberry-37g,,,,,,,,,Outer (6 Each),,,,,,,,DN50849_Outer,0.0,shopify,0,deny,manual,8.70,,true,true,,,,,,,,,,,,,,,,,,,,,,,,,,,,,kg,,,
lotte-koala-strawberry-37g,,,,,,,,,Shipper (48 Each),,,,,,,,DN50849_Shipper,0.0,shopify,0,deny,manual,69.60,,true,true,,,,,,,,,,,,,,,,,,,,,,,,,,,,,kg,,,
lotte-koala-chocolate-37g,Lotte Koala - Chocolate 37g,"",Lotte,,"",Novelty,true,Pack Size,Each,,,,,,,,DN50848_Each,0.0,shopify,181,deny,manual,1.45,,true,true,,,,,,https://cdn.shopify.com/s/files/1/0668/0861/1129/files/file_09429367-919e-4002-860a-bc9fd3b6e19c.jpg?v=1754879939,1,DN50848,false,,,,,,,,,,,,,,,,,,,,kg,,,active
lotte-koala-chocolate-37g,,,,,,,,,Outer (6 Each),,,,,,,,DN50848_Outer,0.0,shopify,30,deny,manual,8.70,,true,true,,,,,,,,,,,,,,,,,,,,,,,,,,,,,kg,,,
lotte-koala-chocolate-37g,,,,,,,,,Shipper (48 Each),,,,,,,,DN50848_Shipper,0.0,shopify,3,deny,manual,69.60,,true,true,,,,,,,,,,,,,,,,,,,,,,,,,,,,,kg,,,
hi-chew-bag-fruit-combo-85g-x-18ct,Hi-Chew Bag Fruit Combo 85g x 18ct,"",Hi-Chew,"Food, Beverages & Tobacco > Food Items > Candy & Chocolate > Candy","","Family Bags, Hi-Chew Bags, hide-bag, Night n Day Misc",true,Pack Size,Bag,,,,,,,,DN11218_Bag,0.0,shopify,0,deny,manual,2.57,,true,true,,,,,,https://cdn.shopify.com/s/files/1/0668/0861/1129/files/file_8f77d470-2b35-4999-8351-fba2f3cf4169.jpg?v=1754879936,1,DN11218,false,,,4748,,,,,,,,,,,,,,,,,kg,,,active
hi-chew-bag-fruit-combo-85g-x-18ct,,,,,,,,,Shipper (18 Bag),,,,,,,,DN11218_Shipper,0.0,shopify,0,deny,manual,46.26,,true,true,,,,,,,,,,,,,,,,,,,,,,,,,,,,,kg,,,
delmaine-chocolate-syrup-1-2kg-x-4ct,Delmaine Chocolate Syrup 1.2kg x 4ct,"",Delmaine,,"",2kg,false,Pack Size,Shipper,,,,,,,,DEL001_Shipper,0.0,shopify,0,deny,manual,41.95,,true,true,,,,,,,,,false,,,,,,,,,,,,,,,,,,,,kg,,,draft
dr-pepper-strawberry-and-cream-355ml-x-12ct,Dr Pepper Strawberry And Cream 355ml x 12ct,"",Dr Pepper,,"","Drinks, Soda Drinks",true,Pack Size,Tray,,,,,,,,D0245_Tray,0.0,shopify,11,deny,manual,24.95,,true,true,,,,,,https://cdn.shopify.com/s/files/1/0668/0861/1129/files/file_1bd37b19-3d4e-4241-ad5a-ef867d6f0c82.jpg?v=1754879924,1,D0245,false,,,,,,,,,,,,,,,,,,,,kg,,,active
sweets-nz-coconut-rough-1kg,Sweets NZ - Coconut Rough 1kg,"",Sweets NZ,,"","1kg, Bulk Gummies and Lollies",true,Pack Size,Bag,,,,,,,,COCO001_Bag,0.0,shopify,0,deny,manual,14.50,,true,true,,,,,,https://cdn.shopify.com/s/files/1/0668/0861/1129/files/file_26497147-03db-467f-a5ca-5a422fc6622b.jpg?v=1754879912,1,COCO001,false,,,,,,,,,,,,,,,,,,,,kg,,,active
c-h-strawberry-filled-drops-tin-200g-x-9ct,C&H Strawberry Filled Drops Tin 175g x 9ct,"",Cavendish & Harvey,,"",Novelty,true,Pack Size,Outer,,,,,,,,CHSFD_Outer,0.0,shopify,1,deny,manual,42.70,,true,true,,,,,,https://cdn.shopify.com/s/files/1/0668/0861/1129/files/file_aee13a64-385f-47a9-9b97-bc96c6eeaa6c.jpg?v=1754879900,1,CHSFD,false,,,,,,,,,,,,,,,,,,,,kg,,,active
c-h-raspberry-and-peach-drops-tin-200g-x-9ct,C&H Raspberry and Peach Drops Tin 175g x 9ct,"",Cavendish & Harvey,,"",Novelty,false,Pack Size,Outer,,,,,,,,CHRPD_Outer,0.0,shopify,0,deny,manual,42.70,,true,true,,,,,,https://cdn.shopify.com/s/files/1/0668/0861/1129/files/file_5da52f0f-7ebb-4351-a2b2-ff670d978a58.jpg?v=1754879897,1,CHRPD,false,,,,,,,,,,,,,,,,,,,,kg,,,draft
choc-coated-pineapple-lic-log-wrapped-63g-x-54ct,Choc Coated Pineapple Lic Log Wrapped 63g x 54ct,"",DutchRusk,,"",Licorice,true,Pack Size,Shipper,,,,,,,,CHOCPINE_Shipper,0.0,shopify,18,deny,manual,105.00,,true,true,,,,,,https://cdn.shopify.com/s/files/1/0668/0861/1129/files/file_360ae354-2bef-4eb9-995d-498a74c5bbdb.jpg?v=1754879894,1,CHOCPINE,false,,,,,,,,,,,,,,,,,,,,kg,,,active
feastables-mr-beast-peanut-butter-bar-35g-x-24ct,Feastables - Mr Beast Peanut Butter Bar 35g x 24ct,"",Mr Beast,Uncategorized,"",Novelty,true,Pack Size,Outer,,,,,,,,CHOC2007N_Outer,0.0,shopify,1,deny,manual,42.50,,true,true,,,,,,https://cdn.shopify.com/s/files/1/0668/0861/1129/files/CHOC2007NMrBeastFeastablesPeanutButter35g_1.jpg?v=1754955859,1,"",false,,,,,,,,,,,,,,,,,,,,kg,,,active
feastables-mr-beast-milk-chocolate-crunch-bar-35g-x-24ct,Feastables - Mr Beast Milk Chocolate Crunch Bar 35g x 24ct,"",Mr Beast,Uncategorized,"",Novelty,true,Pack Size,Outer,,,,,,,,CHOC2006_Outer,0.0,shopify,0,deny,manual,42.50,,true,true,,,,,,https://cdn.shopify.com/s/files/1/0668/0861/1129/files/CHOC2006MrBeastFeastablesMilkChocCrunch35g_1.jpg?v=1754955820,1,"",false,,,,,,,,,,,,,,,,,,,,kg,,,active
feastables-mr-beast-milk-chocolate-bar-35g-x-24ct,Feastables - Mr Beast Milk Chocolate Bar 35g x 24ct,"",Mr Beast,Uncategorized,"",Novelty,true,Pack Size,Outer,,,,,,,,CHOC2000_Outer,0.0,shopify,0,deny,manual,49.20,,true,true,,,,,,https://cdn.shopify.com/s/files/1/0668/0861/1129/files/CHOC2000MrBeastFeastablesMilkChoc35g_1.jpg?v=1754955776,1,"",false,,,,,,,,,,,,,,,,,,,,kg,,,active
c-h-barley-sugar-drops-tin-200g-x-9ct,C&H Barley Sugar Drops Tin 200g x 9ct,"",Cavendish & Harvey,,"","",true,Pack Size,Outer,,,,,,,,CHBLD_Outer,0.0,shopify,14,deny,manual,42.70,,true,true,,,,,,https://cdn.shopify.com/s/files/1/0668/0861/1129/files/file_fa93b418-2080-45c1-923e-ddcdb4b49c83.jpg?v=1754879879,1,CHBLD,false,,,,,,,,,,,,,,,,,,,,kg,,,active
sweets-nz-choc-caramels-1kg,Sweets NZ - Milk Choc Caramels 1kg,"",Sweets NZ,,"","1kg, Bulk Gummies and Lollies",true,Pack Size,Bag,,,,,,,,CARA001_Bag,0.0,shopify,30,deny,manual,14.50,,true,true,,,,,,https://cdn.shopify.com/s/files/1/0668/0861/1129/files/file_24174f3b-692a-4fcd-b546-7989570c88fd.jpg?v=1754879872,1,CARA001,false,,,,,,,,,,,,,,,,,,,,kg,,,active
rain-poncho-black-nz-silver-fern,Rain Poncho  - Black NZ Silver Fern,"",DutchRusk,,"","",true,Pack Size,Each,,,,,,,,CAP0783_Each,0.0,shopify,158,deny,manual,1.95,,true,true,,,,,,https://cdn.shopify.com/s/files/1/0668/0861/1129/files/file_db1b53d3-bdf0-4bd3-a665-b0b8fb3454a3.jpg?v=1754879870,1,CAP0783,false,,,,,,,,,,,,,,,,,,,,kg,,,active
rain-poncho-black-nz-silver-fern,,,,,,,,,Shipper (250 Each),,,,,,,,CAP0783_Shipper,0.0,shopify,0,deny,manual,487.50,,true,true,,,,,,,,,,,,,,,,,,,,,,,,,,,,,kg,,,
rain-poncho-clear,Rain Poncho - Clear,"",DutchRusk,,"","",true,Pack Size,Each,,,,,,,,CAP0781_Each,0.0,shopify,289,deny,manual,1.95,,true,true,,,,,,https://cdn.shopify.com/s/files/1/0668/0861/1129/files/file_bc6de4e3-2b1f-414d-896b-91ae7eb949ca.jpg?v=1754879867,1,CAP0781,false,,,,,,,,,,,,,,,,,,,,kg,,,active
rain-poncho-clear,,,,,,,,,Shipper (250 Each),,,,,,,,CAP0781_Shipper,0.0,shopify,1,deny,manual,487.50,,true,true,,,,,,,,,,,,,,,,,,,,,,,,,,,,,kg,,,
c-h-wildberry-drops-tin-175g-x10ct,C&H Wildberry Drops Tin 175g x10ct,"",Cavendish & Harvey,,"",Novelty,true,Pack Size,Outer,,,,,,,,CAHWBD_Outer,0.0,shopify,11,deny,manual,45.00,,true,true,,,,,,https://cdn.shopify.com/s/files/1/0668/0861/1129/files/file_a8276025-ab28-4f6e-87d5-09de074c26ac.jpg?v=1754879865,1,CAHWBD,false,,,,,,,,,,,,,,,,,,,,kg,,,active
c-h-mixed-tropical-drops-tin-200g-x-10ct,C&H Mixed Tropical Drops Tin 200g x 10ct,"",Cavendish & Harvey,,"",Novelty,true,Pack Size,Outer,,,,,,,,CAHTLD_Outer,0.0,shopify,10,deny,manual,45.00,,true,true,,,,,,https://cdn.shopify.com/s/files/1/0668/0861/1129/files/file_71d4a94c-dc1c-4202-9471-a136702dc9d2.jpg?v=1754879862,1,CAHTLD,false,,,,,,,,,,,,,,,,,,,,kg,,,active
c-h-sour-lemon-drops-tin-200g-x10ct,C&H Sour Lemon Drops Tin 200g x10ct,"",Cavendish & Harvey,,"",Novelty,true,Pack Size,Outer,,,,,,,,CAHSLD_Outer,0.0,shopify,5,deny,manual,45.00,,true,true,,,,,,https://cdn.shopify.com/s/files/1/0668/0861/1129/files/file_341790ce-de8e-4f2c-8793-e9a0919bf739.jpg?v=1754879859,1,CAHSLD,false,,,,,,,,,,,,,,,,,,,,kg,,,active
c-h-mixed-fruit-sugar-free-tin-175g-x10ct,C&H Mixed Fruit Sugar Free Tin 175g x10ct,"",Cavendish & Harvey,,"",Novelty,true,Pack Size,Outer,,,,,,,,CAHMSF_Outer,0.0,shopify,0,deny,manual,54.65,,true,true,,,,,,https://cdn.shopify.com/s/files/1/0668/0861/1129/files/file_132f11a4-452e-4b23-9616-e3c7a8ce37ec.jpg?v=1754879857,1,CAHMSF,false,,,,,,,,,,,,,,,,,,,,kg,,,active
c-h-mixed-fruit-drops-tin-200g-x10ct,C&H Mixed Fruit Drops Tin 200g x10ct,"",Cavendish & Harvey,,"",Novelty,true,Pack Size,Outer,,,,,,,,CAHMFD_Outer,0.0,shopify,14,deny,manual,45.00,,true,true,,,,,,https://cdn.shopify.com/s/files/1/0668/0861/1129/files/file_5753bcda-bdd5-49df-824c-762704235e1b.jpg?v=1754879854,1,CAHMFD,false,,,,,,,,,,,,,,,,,,,,kg,,,active
c-h-wildberry-drops-sugar-free-tin-175g-x10ct,C&H Wildberry Drops Sugar Free Tin 175g x10ct,"",Cavendish & Harvey,,"",Novelty,true,Pack Size,Outer,,,,,,,,CAHBSF_Outer,0.0,shopify,10,deny,manual,54.65,,true,true,,,,,,https://cdn.shopify.com/s/files/1/0668/0861/1129/files/file_c17380b2-0ab6-41a2-8f35-553f4a4870e6.jpg?v=1754879851,1,CAHBSF,false,,,,,,,,,,,,,,,,,,,,kg,,,active
c-h-butterscotch-drops-tin-175g-x-10ct,C&H Butterscotch Drops Tin 175g x 10ct,"",Cavendish & Harvey,,"",Novelty,true,Pack Size,Outer,,,,,,,,CAHBSD_Outer,0.0,shopify,7,deny,manual,45.00,,true,true,,,,,,https://cdn.shopify.com/s/files/1/0668/0861/1129/files/file_28149f77-623f-4955-844f-0c4d3e20c77c.jpg?v=1754879848,1,CAHBSD,false,,,,,,,,,,,,,,,,,,,,kg,,,active
cad-hexa-dump-bin,Cad Hexa Dump Bin,"",Cadbury,,"","",false,Pack Size,Each,,,,,,,,CAD001_Each,0.0,shopify,0,deny,manual,0.00,,true,true,,,,,,https://cdn.shopify.com/s/files/1/0668/0861/1129/files/file_cddd202a-d033-49ba-8d7c-46026076b418.jpg?v=1754879845,1,CAD001,false,,,,,,,,,,,,,,,,,,,,kg,,,draft
h2-juice-sparkling-watermelon-500ml-x-12ct,H2 Juice - Sparkling Watermelon 500ml x 12ct,"",H2 Coco,"Food, Beverages & Tobacco > Beverages","","",true,Pack Size,Tray,,,,,,,,C116_Tray,0.0,shopify,29,deny,manual,33.40,,true,true,,,,,,https://cdn.shopify.com/s/files/1/0668/0861/1129/files/file_b27c4ac7-9636-4d69-bb89-b27e7f4af58a.jpg?v=1754879842,1,C116,false,,,413,,,,,,,,,,,,,,,,,kg,,,active
toy-with-candy-santa-drummer-lollipop-x-9ct,Toy with Candy - Santa Drummer Lollipop x 9ct,"",DutchRusk,,"","Lollipops, Novelty, Toys",false,Pack Size,Outer,,,,,,,,C0506_Outer,0.0,shopify,0,deny,manual,12.30,,true,true,,,,,,https://cdn.shopify.com/s/files/1/0668/0861/1129/files/file_edc83e62-52bd-4286-bbeb-5a01b594a5be.jpg?v=1754879835,1,C0506,false,,,,,,,,,,,,,,,,,,,,kg,,,draft
toy-with-candy-santa-lollipop-x-16ct,Toy with Candy - Santa Lollipop x 16ct,"",DutchRusk,,"","Lollipops, Novelty, Toys",true,Pack Size,Outer,,,,,,,,C0505_Outer,0.0,shopify,28,deny,manual,18.00,,true,true,,,,,,https://cdn.shopify.com/s/files/1/0668/0861/1129/files/file_06748c63-d185-447e-aa71-2baa05c99519.jpg?v=1754879832,1,C0505,false,,,,,,,,,,,,,,,,,,,,kg,,,active
toy-with-candy-fast-food-x-24ct,Toy with Candy - Fast Food x 24ct,"",DutchRusk,,"","Novelty, Toys",true,Pack Size,Outer,,,,,,,,C0504_Outer,0.0,shopify,42,deny,manual,17.20,,true,true,,,,,,https://cdn.shopify.com/s/files/1/0668/0861/1129/files/file_3bd30255-4ab5-43b8-b531-88efd9f07124.jpg?v=1754879829,1,C0504,false,,,,,,,,,,,,,,,,,,,,kg,,,active
toy-with-candy-fast-food-x-24ct,,,,,,,,,Shipper (12 Outer),,,,,,,,C0504_Shipper,0.0,shopify,3,deny,manual,206.40,,true,true,,,,,,,,,,,,,,,,,,,,,,,,,,,,,kg,,,
toy-with-candy-magic-stick-x-12ct,Toy - Magic Stick x 12ct,"",DutchRusk,,"","Novelty, Toys",true,Pack Size,Outer,,,,,,,,C0503_Outer,0.0,shopify,38,deny,manual,15.00,,true,true,,,,,,https://cdn.shopify.com/s/files/1/0668/0861/1129/files/file_5b18f0fd-9c1f-4c9e-9950-1a005b6fd553.jpg?v=1754879826,1,C0503,false,,,,,,,,,,,,,,,,,,,,kg,,,active
toy-with-candy-magic-stick-x-12ct,,,,,,,,,Shipper (12 Outer),,,,,,,,C0503_Shipper,0.0,shopify,3,deny,manual,180.00,,true,true,,,,,,,,,,,,,,,,,,,,,,,,,,,,,kg,,,
toy-with-candy-water-game-x-24ct,Toy with Candy - Water Game x 24ct,"",DutchRusk,,"","Novelty, Toys",true,Pack Size,Outer,,,,,,,,C0502_Outer,0.0,shopify,53,deny,manual,16.00,,true,true,,,,,,https://cdn.shopify.com/s/files/1/0668/0861/1129/files/file_041ca617-130b-4757-9de5-b6f8a4994176.jpg?v=1754879823,1,C0502,false,,,,,,,,,,,,,,,,,,,,kg,,,active
toy-with-candy-dino-car-x-12ct,Toy With Candy - Dino Car x 12ct,"",DutchRusk,,"","Novelty, Toys",true,Pack Size,Outer,,,,,,,,C0501_Outer,0.0,shopify,76,deny,manual,9.20,,true,true,,,,,,https://cdn.shopify.com/s/files/1/0668/0861/1129/files/file_571e2af6-2f87-4040-9509-f14ea9af039f.jpg?v=1754879820,1,C0501,false,,,,,,,,,,,,,,,,,,,,kg,,,active
drink-fruity-burst-apple-frozen-250ml-x-24ct,Drink - Fruity Burst Apple Blackcurrent - Frozen 250ml x 24ct,"",Fruity Burst,"Food, Beverages & Tobacco > Beverages > Fruit Flavored Drinks","","Drinks, Fruit Flavored Drinks",true,Pack Size,Shipper,,,,,,,,C0392_Shipper,0.0,shopify,16,deny,manual,36.50,,true,true,,,,,,https://cdn.shopify.com/s/files/1/0668/0861/1129/files/file_cdbed0ae-bfcc-49c5-8bff-ae85aca12aba.jpg?v=1754879815,1,C0392,false,,,8036,,,,,,,,,,,,,,,,,kg,,,active
h2-coconut-water-1litre-x-6ct,H2 Coconut Water 1litre x 6ct,"",H2 Coco,"Food, Beverages & Tobacco > Beverages","","",true,Pack Size,Shipper,,,,,,,,C03883_Shipper,0.0,shopify,46,deny,manual,26.64,,true,true,,,,,,https://cdn.shopify.com/s/files/1/0668/0861/1129/files/file_50752396-6dff-40cf-94b7-7ca6167c492a.jpg?v=1754879809,1,C03883,false,,,413,,,,,,,,,,,,,,,,,kg,,,active
reeses-pieces-pb-43g-x-18ct,Reeses Pieces PB 43g x 18ct,"",Reeses,,"",Novelty,false,Pack Size,Outer,,,,,,,,C0037_Outer,0.0,shopify,0,deny,manual,25.95,,true,true,,,,,,https://cdn.shopify.com/s/files/1/0668/0861/1129/files/file_9cb31f47-2d13-44d3-a98e-b670b17818c3.jpg?v=1754879785,1,C0037,false,,,,,,,,,,,,,,,,,,,,kg,,,draft
reeses-pieces-pb-43g-x-18ct,,,,,,,,,Shipper (18 Outer),,,,,,,,C0037_Shipper,0.0,shopify,0,deny,manual,467.10,,true,true,,,,,,,,,,,,,,,,,,,,,,,,,,,,,kg,,,
big-cock-blue-energy-drink-500ml-x-24ct,Big Cock BLUE Energy Drink 500ml x 24ct,"",Big Cock,Uncategorized,"","Drinks, Energy Drinks",true,Pack Size,Shipper,,,,,,,,BLUEBIGC_Shipper,0.0,shopify,10,deny,manual,62.00,,true,true,,,,,,https://cdn.shopify.com/s/files/1/0668/0861/1129/files/BLUEBIGCBIGCOCKBLUE.jpg?v=1765414218,1,"",false,,,,,,,,,,,,,,,,,,,,kg,,,active
dragon-2kg-sour-grape-cola-bottles,Dragon 2kg Sour Grape Cola Bottles,"",Dragon,Uncategorized,"","2kg, Bulk Gummies and Lollies, Dragon 2KG, Night n Day Misc",true,Pack Size,Bag,,,,,,,,A1213_Bag,0.0,shopify,65,deny,manual,19.25,,true,true,,,,,,https://cdn.shopify.com/s/files/1/0668/0861/1129/files/file_538976f7-e1f3-4040-9736-ccad6c4ec347.jpg?v=1754879769,1,A1213,false,,,,,,,,,,,,,,,,,,,,kg,,,active
dragon-2kg-sour-grape-cola-bottles,,,,,,,,,Shipper (6 Bag),,,,,,,,A1213_Shipper,0.0,shopify,10,deny,manual,115.50,,true,true,,,,,,,,,,,,,,,,,,,,,,,,,,,,,kg,,,
dragon-2kg-sour-bubblegum-flavoured-bottles,Dragon 2kg Sour Bubblegum Flavoured Bottles,"",Dragon,Uncategorized,"","2kg, Bulk Gummies and Lollies, Dragon 2KG, Night n Day Misc",true,Pack Size,Bag,,,,,,,,A1212_Bag,0.0,shopify,83,deny,manual,19.25,,true,true,,,,,,https://cdn.shopify.com/s/files/1/0668/0861/1129/files/file_64d17b53-96aa-44f1-b15e-da4693b10894.jpg?v=1754879766,1,A1212,false,,,,,,,,,,,,,,,,,,,,kg,,,active
dragon-2kg-sour-bubblegum-flavoured-bottles,,,,,,,,,Shipper (6 Bag),,,,,,,,A1212_Shipper,0.0,shopify,13,deny,manual,115.50,,true,true,,,,,,,,,,,,,,,,,,,,,,,,,,,,,kg,,,
dragon-2kg-gummy-assorted-fruit-creams,Dragon 2kg Gummy Assorted Fruit Creams,"",Dragon,Uncategorized,"","2kg, Bulk Gummies and Lollies, Dragon 2KG, Night n Day Misc",true,Pack Size,Bag,,,,,,,,A1200_Bag,0.0,shopify,73,deny,manual,19.25,,true,true,,,,,,https://cdn.shopify.com/s/files/1/0668/0861/1129/files/file_19e19c0d-74ed-4102-8917-d42c34be2095.jpg?v=1754879763,1,A1200,false,,,,,,,,,,,,,,,,,,,,kg,,,active
dragon-2kg-gummy-assorted-fruit-creams,,,,,,,,,Shipper (6 Bag),,,,,,,,A1200_Shipper,0.0,shopify,12,deny,manual,115.50,,true,true,,,,,,,,,,,,,,,,,,,,,,,,,,,,,kg,,,
toy-super-police-blocks-x-12ct,Toy - Super Police Blocks x 12ct,"",DutchRusk,,"","Novelty, Toys",true,Pack Size,Outer,,,,,,,,99933_Outer,0.0,shopify,1,deny,manual,21.10,,true,true,,,,,,https://cdn.shopify.com/s/files/1/0668/0861/1129/files/file_9500ee40-da2a-4a17-8aec-cccec3ff12ef.jpg?v=1754879757,1,99933,false,,,,,,,,,,,,,,,,,,,,kg,,,active
balloons-pastel-x-15ct,Balloons - Pastel x 15ct,"",DutchRusk,Arts & Entertainment > Party & Celebration > Party Supplies,"",Party,true,Pack Size,Packet,,,,,,,,97402_Packet,0.0,shopify,0,deny,manual,1.65,,true,true,,,,,,https://cdn.shopify.com/s/files/1/0668/0861/1129/files/file_5811d46a-0e04-480d-81ee-5f5866f661f0.jpg?v=1754879749,1,97402,false,,,2587,,,,,,,,,,,,,,,,,kg,,,active
toxic-waste-nuclear-fusion-drum-42g-x-12ct,Toxic Waste Nuclear Fusion Drum 42g x 12ct,"",DutchRusk,,"","",true,Pack Size,Outer,,,,,,,,89414_Outer,0.0,shopify,0,deny,manual,49.60,,true,true,,,,,,https://cdn.shopify.com/s/files/1/0668/0861/1129/files/file_555b4084-c1ba-4da0-808a-a622fc98fd6a.jpg?v=1754879741,1,89414,false,,,,,,,,,,,,,,,,,,,,kg,,,active
pringles-118g-japanese-teriyaki-x-12,Pringles 118g Japanese Teriyaki x 12,"",Pringles,,"","Chips, Snacks",false,Pack Size,Shipper,,,,,,,,8646712787_Shipper,0.0,shopify,0,deny,manual,44.45,,true,true,,,,,,https://cdn.shopify.com/s/files/1/0668/0861/1129/files/file_548d4e6c-ca69-47a8-93db-bf72180f3284.jpg?v=1754879732,1,8646712787,false,,,,,,,,,,,,,,,,,,,,kg,,,draft
pringles-118g-caribbean-spiced-chicken-x-12,Pringles 118g Caribbean Spiced Chicken x 12,"",Pringles,,"","Chips, Snacks",true,Pack Size,Shipper,,,,,,,,8646712786_Shipper,0.0,shopify,0,deny,manual,44.45,,true,true,,,,,,https://cdn.shopify.com/s/files/1/0668/0861/1129/files/file_c332bc92-05a5-4949-802a-98233328a1d2.jpg?v=1754879730,1,8646712786,false,,,,,,,,,,,,,,,,,,,,kg,,,active
pringles-118g-zesty-chilli-limex12ct,Pringles 118g Zesty Chilli & Limex12ct,"",Pringles,,"","Chips, Snacks",true,Pack Size,Shipper,,,,,,,,8646712743_Shipper,0.0,shopify,0,deny,manual,44.45,,true,true,,,,,,https://cdn.shopify.com/s/files/1/0668/0861/1129/files/file_148f938d-76ca-45d5-94c1-8b56b8867434.jpg?v=1754879726,1,8646712743,false,,,,,,,,,,,,,,,,,,,,kg,,,active
swizzles-lovehearts-127g-x-12ct,Swizzles Lovehearts 127g x 12ct,"",DutchRusk,"Food, Beverages & Tobacco > Food Items > Candy & Chocolate > Candy","","Archie Brothers, hide-bag, Novelty",true,Pack Size,Bag,,,,,,,,83239_Bag,0.0,shopify,486,deny,manual,2.80,,true,true,,,,,,https://cdn.shopify.com/s/files/1/0668/0861/1129/files/file_ed282271-5f59-4360-b5f4-4c0486eb6dd1.jpg?v=1754879724,1,83239,false,,,4748,,,,,,,,,,,,,,,,,kg,,,active
swizzles-lovehearts-127g-x-12ct,,,,,,,,,Shipper (12 Bag),,,,,,,,83239_Shipper,0.0,shopify,40,deny,manual,33.60,,true,true,,,,,,,,,,,,,,,,,,,,,,,,,,,,,kg,,,
monin-peach-tea-syrup-700ml-x-6ct,Monin Peach Tea Syrup 700ml x 6ct,"",Monin,Uncategorized,"","",true,Pack Size,Shipper,,,,,,,,75141_Shipper,0.0,shopify,0,deny,manual,108.77,,true,true,,,,,,https://cdn.shopify.com/s/files/1/0668/0861/1129/files/75141MoninPeachTea700ml.jpg?v=1755124269,1,"",false,,,,,,,,,,,,,,,,,,,,kg,,,active
monin-lychee-syrup-700ml-x-6ct,Monin Lychee Syrup 700ml x 6ct,"",Monin,Uncategorized,"","",true,Pack Size,Shipper,,,,,,,,75073_Shipper,0.0,shopify,0,deny,manual,108.77,,true,true,,,,,,https://cdn.shopify.com/s/files/1/0668/0861/1129/files/75073MoninLycheeSyrup.jpg?v=1755217951,1,"",false,,,,,,,,,,,,,,,,,,,,kg,,,active
monin-blackcurrant-syrup-700ml-x-6ct,Monin Blackcurrant Syrup 700ml x 6ct,"",Monin,,"","",true,Pack Size,Shipper,,,,,,,,75056_Shipper,0.0,shopify,0,deny,manual,108.77,,true,true,,,,,,https://cdn.shopify.com/s/files/1/0668/0861/1129/files/file_befe9890-9ad8-4553-9335-8cdf71126e8e.jpg?v=1754879721,1,75056,false,,,,,,,,,,,,,,,,,,,,kg,,,active
toxic-waste-slime-licker-v2-0-60ml-x-12ct,Toxic Waste Slime Licker V2.0 60ml x 12ct,"",DutchRusk,,"","",true,Pack Size,Outer,,,,,,,,75002_Outer,0.0,shopify,0,deny,manual,43.35,,true,true,,,,,,https://cdn.shopify.com/s/files/1/0668/0861/1129/files/file_3bf7c539-872b-423f-a08e-9c8d5cf9ef8e.jpg?v=1754879719,1,75002,false,,,,,,,,,,,,,,,,,,,,kg,,,active
reeses-peanut-butter-cups-42g-x-24ct,Reeses Peanut Butter Cups 42g x 24ct,"",Reeses,Uncategorized,"","Night n Day Misc, Novelty",true,Pack Size,Outer,,,,,,,,6828_Outer,0.0,shopify,0,deny,manual,37.50,,true,true,,,,,,https://cdn.shopify.com/s/files/1/0668/0861/1129/files/file_405a4a50-5ac2-4be6-a3a7-5208e91a35eb.jpg?v=1754879716,1,6828,false,,,,,,,,,,,,,,,,,,,,kg,,,active
reeses-wafer-sticks-42g-x-20ct,Reeses Wafer Sticks 42g x 20ct,"",Reeses,,"","Night n Day Misc, Novelty",true,Pack Size,Outer,,,,,,,,6819_Outer,0.0,shopify,8,deny,manual,30.60,,true,true,,,,,,https://cdn.shopify.com/s/files/1/0668/0861/1129/files/file_766e9c6c-8255-4d04-99aa-9ce5e4a28696.jpg?v=1754879713,1,6819,false,,,,,,,,,,,,,,,,,,,,kg,,,active
reeses-wafer-sticks-42g-x-20ct,,,,,,,,,Shipper (12 Outer),,,,,,,,6819_Shipper,0.0,shopify,0,deny,manual,367.20,,true,true,,,,,,,,,,,,,,,,,,,,,,,,,,,,,kg,,,
reeses-fast-break-51g-x-18ct,Reeses Fast Break 51g x 18ct,"",Reeses,,"",Novelty,true,Pack Size,Outer,,,,,,,,6721_Outer,0.0,shopify,0,deny,manual,57.15,,true,true,,,,,,https://cdn.shopify.com/s/files/1/0668/0861/1129/files/file_1632d40a-282f-48d8-a32f-801320af3430.jpg?v=1754879711,1,6721,false,,,,,,,,,,,,,,,,,,,,kg,,,active
reeses-fast-break-51g-x-18ct,,,,,,,,,Shipper (12 Outer),,,,,,,,6721_Shipper,0.0,shopify,0,deny,manual,685.80,,true,true,,,,,,,,,,,,,,,,,,,,,,,,,,,,,kg,,,
kiwiana-keychain-various-x-10ct,Kiwiana Keychain Various x 10ct,"",DutchRusk,,"","",true,Pack Size,Bag,,,,,,,,652393_Bag,0.0,shopify,113,deny,manual,10.00,,true,true,,,,,,https://cdn.shopify.com/s/files/1/0668/0861/1129/files/file_314a6c3d-d02e-4e11-b119-671e6063bcff.jpg?v=1754879708,1,652393,false,,,,,,,,,,,,,,,,,,,,kg,,,active
lighter-case-with-bottle-opener-black-x-12ct,Lighter Case With Bottle Opener- Black  x 12ct,"",DutchRusk,,"","",true,Pack Size,Outer,,,,,,,,652200_Outer,0.0,shopify,69,deny,manual,47.88,,true,true,,,,,,https://cdn.shopify.com/s/files/1/0668/0861/1129/files/file_83b802a5-a40c-4d79-8eec-b430d4a21eed.jpg?v=1754879706,1,652200,false,,,,,,,,,,,,,,,,,,,,kg,,,active
lighter-case-with-bottle-opener-black-x-12ct,,,,,,,,,Shipper (12 Outer),,,,,,,,652200_Shipper,0.0,shopify,5,deny,manual,574.56,,true,true,,,,,,,,,,,,,,,,,,,,,,,,,,,,,kg,,,
reading-glasses-assorted-x-24ct,Reading Glasses Assorted x 24ct,"",DutchRusk,Health & Beauty > Personal Care > Vision Care > Eyeglasses,"",Health,true,Pack Size,Outer,,,,,,,,652093_Outer,0.0,shopify,19,deny,manual,48.00,,true,true,,,,,,https://cdn.shopify.com/s/files/1/0668/0861/1129/files/file_20f42cec-2ba1-4916-9c85-2a6864144eaa.jpg?v=1754879699,1,652093,false,,,524,,,,,,,,,,,,,,,,,kg,,,active
toy-squishy-centipede-x-24ct,Toy - Squishy Centipede x 24ct,"",DutchRusk,,"","Novelty, Toys",true,Pack Size,Outer,,,,,,,,651963_Outer,0.0,shopify,0,deny,manual,26.00,,true,true,,,,,,https://cdn.shopify.com/s/files/1/0668/0861/1129/files/file_ba3113c8-0a68-4f52-908f-b82141212cef.jpg?v=1754879696,1,651963,false,,,,,,,,,,,,,,,,,,,,kg,,,active
toy-unicorn-pen-x-40ct,Toy - Unicorn Pen x 40ct,"",DutchRusk,,"","Novelty, Toys",false,Pack Size,Outer,,,,,,,,651591_Outer,0.0,shopify,0,deny,manual,43.50,,true,true,,,,,,https://cdn.shopify.com/s/files/1/0668/0861/1129/files/file_81cb9bde-41d0-45f7-ab42-3926313f08f8.jpg?v=1754879693,1,651591,false,,,,,,,,,,,,,,,,,,,,kg,,,draft
usb-universal-charging-cable-with-3-different-connections,USB Universal charging cable with 3 different connections,"",DutchRusk,,"",Charging Cables,false,Pack Size,Unit,,,,,,,,651233_Unit,0.0,shopify,0,deny,manual,5.00,,true,true,,,,,,https://cdn.shopify.com/s/files/1/0668/0861/1129/files/file_f5ffbcf6-32b9-4b51-a3d2-0c2ec46d3b73.jpg?v=1754879687,1,651233,false,,,,,,,,,,,,,,,,,,,,kg,,,draft
toy-collectable-tins-motorbikes-x-32ct,Toy - Collectable Tins - Motorbikes  x 32ct,"",DutchRusk,,"","Novelty, Toys",true,Pack Size,Outer,,,,,,,,650786_Outer,0.0,shopify,3,deny,manual,53.50,,true,true,,,,,,https://cdn.shopify.com/s/files/1/0668/0861/1129/files/file_98426065-6b4a-4d3b-8afe-96111e43b848.jpg?v=1754879685,1,650786,false,,,,,,,,,,,,,,,,,,,,kg,,,active
usb-dual-car-charger-2-4w,USB Dual Mini Car Charger 2.4w,"",DutchRusk,,"","Charging Cables, Miscellaneous",true,Pack Size,Each,,,,,,,,650748-1_Each,0.0,shopify,2,deny,manual,3.85,,true,true,,,,,,https://cdn.shopify.com/s/files/1/0668/0861/1129/files/file_0e96a153-d29a-4a6d-b3eb-b948ddb31c7f.jpg?v=1754879682,1,650748-1,false,,,,,,,,,,,,,,,,,,,,kg,,,active
icee-sour-jelly-beans-113g-x-12ct,Icee Sour Jelly Beans 113g x 12ct,"",DutchRusk,,"","",true,Pack Size,Outer,,,,,,,,62776_Outer,0.0,shopify,0,deny,manual,36.55,,true,true,,,,,,https://cdn.shopify.com/s/files/1/0668/0861/1129/files/file_e02761d5-c3e3-4f4f-aca4-c46bfc80e80f.jpg?v=1754879677,1,62776,false,,,,,,,,,,,,,,,,,,,,kg,,,active
dippin-dots-with-candy-beans-38g-x-12ct,Dippin Dots with Candy Beans 38g x 12ct,"",DutchRusk,,"","",true,Pack Size,Outer,,,,,,,,62724_Outer,0.0,shopify,0,deny,manual,36.55,,true,true,,,,,,https://cdn.shopify.com/s/files/1/0668/0861/1129/files/file_5c3b7050-6029-4fc2-a12a-349b1afb7e03.jpg?v=1754879674,1,62724,false,,,,,,,,,,,,,,,,,,,,kg,,,active
icee-lollipop-with-candy-powder-47g-x-12ct,Icee Lollipop with Candy Powder 47g x 12ct,"",DutchRusk,,"",Lollipops,true,Pack Size,Outer,,,,,,,,62511_Outer,0.0,shopify,0,deny,manual,36.55,,true,true,,,,,,https://cdn.shopify.com/s/files/1/0668/0861/1129/files/file_4ba6a31c-ab56-40f4-91a1-43f4a6e08e9b.jpg?v=1754879671,1,62511,false,,,,,,,,,,,,,,,,,,,,kg,,,active
bic-lighters-printed-jungle-x-50ct,Bic Lighters Printed  - Jungle x 50ct,"",Bic,,"",Lighters,false,Pack Size,Outer,,,,,,,,521405_Outer,0.0,shopify,0,deny,manual,80.00,,true,true,,,,,,https://cdn.shopify.com/s/files/1/0668/0861/1129/files/file_6a357f32-025d-4610-bb46-3ebadfa3262c.jpg?v=1754879662,1,521405,false,,,,,,,,,,,,,,,,,,,,kg,,,draft
bic-lighters-printed-outdoor-x-50ct,Bic Lighters Printed  - Outdoor x 50ct,"",Bic,,"",Lighters,true,Pack Size,Outer,,,,,,,,521403_Outer,0.0,shopify,23,deny,manual,80.00,,true,true,,,,,,https://cdn.shopify.com/s/files/1/0668/0861/1129/files/file_7e97271f-d9f0-4e5c-9123-d3adb60923df.jpg?v=1754879660,1,521403,false,,,,,,,,,,,,,,,,,,,,kg,,,active
bic-lighters-printed-neon-x-50ct,Bic Lighters Printed  - Neon x 50ct,"",Bic,,"",Lighters,true,Pack Size,Outer,,,,,,,,521402_Outer,0.0,shopify,26,deny,manual,80.00,,true,true,,,,,,https://cdn.shopify.com/s/files/1/0668/0861/1129/files/file_7431bb22-3964-48e3-b35f-7de7df1e02c9.jpg?v=1754879657,1,521402,false,,,,,,,,,,,,,,,,,,,,kg,,,active
bic-lighters-printed-body-builder-x-50ct,Bic Lighters Printed  - Body Builder x 50ct,"",Bic,,"",Lighters,true,Pack Size,Outer,,,,,,,,521401_Outer,0.0,shopify,68,deny,manual,80.00,,true,true,,,,,,https://cdn.shopify.com/s/files/1/0668/0861/1129/files/file_26647045-a500-4ea5-91f5-3903121ec112.jpg?v=1754879654,1,521401,false,,,,,,,,,,,,,,,,,,,,kg,,,active
bic-lighters-printed-street-x-50ct,Bic Lighters Printed  - Street x 50ct,"",Bic,,"",Lighters,false,Pack Size,Outer,,,,,,,,521400_Outer,0.0,shopify,0,deny,manual,80.00,,true,true,,,,,,https://cdn.shopify.com/s/files/1/0668/0861/1129/files/file_94e65657-f5eb-458e-a4d6-c68ee41239a4.jpg?v=1754879651,1,521400,false,,,,,,,,,,,,,,,,,,,,kg,,,draft
rjs-bullets-licorice-white-rasp-family-bag-180g-x-12ct,RJ's Bullets Licorice White Rasp FAMILY BAG 180g x 12ct,"",RJ's,"Food, Beverages & Tobacco > Food Items > Candy & Chocolate","","Family Bags, Licorice, Night n Day Misc, RJ's",true,Pack Size,Bag,,,,,,,,5137_Bag,0.0,shopify,233,deny,manual,4.95,,true,true,,,,,,https://cdn.shopify.com/s/files/1/0668/0861/1129/files/5137RJ_sBulletsRasp180g.jpg?v=1755032759,1,"",false,,,4748,,,,,,,,,,,,,,,,,kg,,,active
rjs-bullets-licorice-white-rasp-family-bag-180g-x-12ct,,,,,,,,,Shipper (12 Bag),,,,,,,,5137_Shipper,0.0,shopify,19,deny,manual,59.40,,true,true,,,,,,,,,,,,,,,,,,,,,,,,,,,,,kg,,,
rjs-bullets-licorice-dark-family-bag-200g-x-12ct,RJ's Bullets Licorice Dark FAMILY BAG 200g x 12ct,"",RJ's,"Food, Beverages & Tobacco > Food Items > Candy & Chocolate","","Family Bags, Licorice, Night n Day Misc, RJ's",true,Pack Size,Bag,,,,,,,,5136_Bag,0.0,shopify,163,deny,manual,4.95,,true,true,,,,,,https://cdn.shopify.com/s/files/1/0668/0861/1129/files/5136RJ_sBulletsDark200g.jpg?v=1755032669,1,"",false,,,4748,,,,,,,,,,,,,,,,,kg,,,active
rjs-bullets-licorice-dark-family-bag-200g-x-12ct,,,,,,,,,Shipper (12 Bag),,,,,,,,5136_Shipper,0.0,shopify,13,deny,manual,59.40,,true,true,,,,,,,,,,,,,,,,,,,,,,,,,,,,,kg,,,
rjs-life-savers-sherbert-bomb-lemon-150g-x-12ct,RJ's Life Savers Sherbert Bomb - Lemon 150g x 12ct,"",RJ's,Uncategorized,"","Family Bags, Night n Day Misc, RJ's",true,Pack Size,Bag,,,,,,,,5135_Bag,0.0,shopify,55,deny,manual,3.70,,true,true,,,,,,https://cdn.shopify.com/s/files/1/0668/0861/1129/files/file_abb19876-0e6a-48be-ab25-5a72993de6d5.jpg?v=1754879649,1,5135,false,,,,,,,,,,,,,,,,,,,,kg,,,active
rjs-life-savers-sherbert-bomb-lemon-150g-x-12ct,,,,,,,,,Shipper (12 Bag),,,,,,,,5135_Shipper,0.0,shopify,4,deny,manual,44.40,,true,true,,,,,,,,,,,,,,,,,,,,,,,,,,,,,kg,,,
rjs-fabulicious-sherbet-fizz-lemonade-family-bag-200g-x-12ct,RJ's Fabulicious Sherbet Fizz Lemonade FAMILY BAG  200g x 12ct,"",RJ's,"Food, Beverages & Tobacco > Food Items > Candy & Chocolate","","Family Bags, Licorice, Night n Day Misc, RJ's",true,Pack Size,Bag,,,,,,,,5133_Bag,0.0,shopify,128,deny,manual,3.70,,true,true,,,,,,https://cdn.shopify.com/s/files/1/0668/0861/1129/files/5133RJ_sSherbetFizzLemonade200g.jpg?v=1755032816,1,"",false,,,4748,,,,,,,,,,,,,,,,,kg,,,active
rjs-fabulicious-sherbet-fizz-lemonade-family-bag-200g-x-12ct,,,,,,,,,Shipper (12 Bag),,,,,,,,5133_Shipper,0.0,shopify,10,deny,manual,44.40,,true,true,,,,,,,,,,,,,,,,,,,,,,,,,,,,,kg,,,
rjs-life-savers-bananas-130g-x-12ct,RJ's Life Savers Bananas 130g x 12ct,"",RJ's,"Food, Beverages & Tobacco > Food Items > Candy & Chocolate","","Family Bags, Licorice, Night n Day Misc, RJ's",true,Pack Size,Bag,,,,,,,,5131_Bag,0.0,shopify,167,deny,manual,3.70,,true,true,,,,,,https://cdn.shopify.com/s/files/1/0668/0861/1129/files/file_8570aefe-d792-4474-8333-c2f8ee21dce8.jpg?v=1754879647,1,5131,false,,,4748,,,,,,,,,,,,,,,,,kg,,,active
rjs-life-savers-bananas-130g-x-12ct,,,,,,,,,Shipper (12 Bag),,,,,,,,5131_Shipper,0.0,shopify,13,deny,manual,44.40,,true,true,,,,,,,,,,,,,,,,,,,,,,,,,,,,,kg,,,
rjs-chocolate-twists-raspberry-250g-family-bag-x-12ct,RJ's Chocolate Twists Raspberry 250g FAMILY BAG x 12ct,"",RJ's,"Food, Beverages & Tobacco > Food Items > Candy & Chocolate","","Licorice, Night n Day Misc, RJ's",true,Pack Size,Bag,,,,,,,,5130_Bag,0.0,shopify,808,deny,manual,4.95,,true,true,,,,,,https://cdn.shopify.com/s/files/1/0668/0861/1129/files/file_5a254a05-ea5a-49f4-b7cc-0e44e6cdb3f3.jpg?v=1754879644,1,5130,false,,,4748,,,,,,,,,,,,,,,,,kg,,,active
rjs-chocolate-twists-raspberry-250g-family-bag-x-12ct,,,,,,,,,Shipper (12 Bag),,,,,,,,5130_Shipper,0.0,shopify,67,deny,manual,59.40,,true,true,,,,,,,,,,,,,,,,,,,,,,,,,,,,,kg,,,
rjs-chocolate-twists-licorice-250g-family-bag-x-12ct,RJ's Chocolate Twists Licorice 250g FAMILY BAG x 12ct,"",RJ's,"Food, Beverages & Tobacco > Food Items > Candy & Chocolate","","Licorice, Night n Day Misc, RJ's",true,Pack Size,Bag,,,,,,,,5129_Bag,0.0,shopify,217,deny,manual,4.95,,true,true,,,,,,https://cdn.shopify.com/s/files/1/0668/0861/1129/files/file_306160e7-3973-4024-a378-3b608d83dcf8.jpg?v=1754879641,1,5129,false,,,4748,,,,,,,,,,,,,,,,,kg,,,active
rjs-chocolate-twists-licorice-250g-family-bag-x-12ct,,,,,,,,,Shipper (12 Bag),,,,,,,,5129_Shipper,0.0,shopify,18,deny,manual,59.40,,true,true,,,,,,,,,,,,,,,,,,,,,,,,,,,,,kg,,,
rjs-fabulicious-sherbet-fizz-25-less-sugar-raspberry-family-bag-180g-x-12ct,RJ's Fabulicious Sherbet Fizz 25% Less Sugar Raspberry FAMILY BAG 180g x 12ct,"",RJ's,"Food, Beverages & Tobacco > Food Items > Candy & Chocolate","","Family Bags, Licorice, Night n Day Misc, RJ's",true,Pack Size,Bag,,,,,,,,5128_Bag,0.0,shopify,0,deny,manual,3.70,,true,true,,,,,,https://cdn.shopify.com/s/files/1/0668/0861/1129/files/file_dbf12ac7-9f20-406f-a58c-2d16210994a7.jpg?v=1754879638,1,5128,false,,,4748,,,,,,,,,,,,,,,,,kg,,,active
rjs-fabulicious-sherbet-fizz-25-less-sugar-raspberry-family-bag-180g-x-12ct,,,,,,,,,Shipper (12 Bag),,,,,,,,5128_Shipper,0.0,shopify,0,deny,manual,44.40,,true,true,,,,,,,,,,,,,,,,,,,,,,,,,,,,,kg,,,
allens-mackintosh-toffees-800g,Allens Mackintosh Toffees 800g,"",RJ's,Uncategorized,"","Bulk Gummies and Lollies, hide-shipper, RJ's",true,Pack Size,Bag,,,,,,,,5126_Bag,0.0,shopify,55,deny,manual,14.85,,true,true,,,,,,https://cdn.shopify.com/s/files/1/0668/0861/1129/files/file_15074e78-cbe8-4a21-bba4-3af03e233c36.jpg?v=1754879636,1,5126,false,,,,,,,,,,,,,,,,,,,,kg,,,active
allens-mackintosh-toffees-800g,,,,,,,,,Shipper (12 Bag),,,,,,,,5126_Shipper,0.0,shopify,4,deny,manual,178.20,,true,true,,,,,,,,,,,,,,,,,,,,,,,,,,,,,kg,,,
bic-lighters-printed-trucker-x-50ct,Bic Lighters Printed  - Trucker x 50ct,"",Bic,,"",Lighters,true,Pack Size,Outer,,,,,,,,512437_Outer,0.0,shopify,0,deny,manual,80.00,,true,true,,,,,,https://cdn.shopify.com/s/files/1/0668/0861/1129/files/file_519bfaf9-4daa-4824-b9c1-6d549dd0ff50.jpg?v=1754879633,1,512437,false,,,,,,,,,,,,,,,,,,,,kg,,,active
bic-lighters-printed-experience-x-50ct,Bic Lighters Printed  - Experience x 50ct,"",Bic,,"",Lighters,true,Pack Size,Outer,,,,,,,,512426_Outer,0.0,shopify,159,deny,manual,80.00,,true,true,,,,,,https://cdn.shopify.com/s/files/1/0668/0861/1129/files/file_50ac08a5-8161-44d8-adef-11e3c9dd41c9.jpg?v=1754879630,1,512426,false,,,,,,,,,,,,,,,,,,,,kg,,,active
rjs-logs-sherbet-fizz-cola-crunch-logs-40g-x24ct,RJ's LOGS - Sherbet Fizz Cola Crunch Logs 40g x 24ct,"",RJ's,"Food, Beverages & Tobacco > Food Items > Candy & Chocolate","","Licorice, Night n Day Misc, RJ's",true,Pack Size,Outer,,,,,,,,5121_Outer,0.0,shopify,115,deny,manual,19.20,,true,true,,,,,,https://cdn.shopify.com/s/files/1/0668/0861/1129/files/file_92c5991e-17d3-4752-bb1d-e9e9c09c75be.jpg?v=1754879627,1,5121,false,,,4748,,,,,,,,,,,,,,,,,kg,,,active
rjs-logs-sherbet-fizz-cola-crunch-logs-40g-x24ct,,,,,,,,,Shipper (6 Outer),,,,,,,,5121_Shipper,0.0,shopify,19,deny,manual,115.20,,true,true,,,,,,,,,,,,,,,,,,,,,,,,,,,,,kg,,,
rjs-fabulicious-cola-crunch-family-bag-180g-x-12ct,RJ's Fabulicious Cola Crunch  FAMILY BAG 180g x 12ct,"",RJ's,"Food, Beverages & Tobacco > Food Items > Candy & Chocolate","","Family Bags, Licorice, Night n Day Misc, RJ's",true,Pack Size,Bag,,,,,,,,5120_Bag,0.0,shopify,204,deny,manual,3.70,,true,true,,,,,,https://cdn.shopify.com/s/files/1/0668/0861/1129/files/file_b168ab65-cfa8-47ad-8b84-e4a727c6ea73.jpg?v=1754879625,1,5120,false,,,4748,,,,,,,,,,,,,,,,,kg,,,active
rjs-fabulicious-cola-crunch-family-bag-180g-x-12ct,,,,,,,,,Shipper (12 Bag),,,,,,,,5120_Shipper,0.0,shopify,17,deny,manual,44.40,,true,true,,,,,,,,,,,,,,,,,,,,,,,,,,,,,kg,,,
mars-skittles-120g-sour-cloudz-x-16ct,Mars - Skittles 120g Sour CLOUDZ x 16ct,"",Mars,"Food, Beverages & Tobacco > Food Items > Candy & Chocolate > Candy","","Family Bags, hide-bag, M&M Bags, Night n Day Misc, Skittle Bags, Skittles",true,Pack Size,Bag,,,,,,,,473379_Bag,0.0,shopify,0,deny,manual,4.03,,true,true,,,,,,https://cdn.shopify.com/s/files/1/0668/0861/1129/files/file_e5d1e25c-aa2b-424a-88bb-0bc52d004d54.jpg?v=1754879615,1,473379,false,,,4748,,,,,,,,,,,,,,,,,kg,,,active
mars-skittles-120g-sour-cloudz-x-16ct,,,,,,,,,Shipper (16 Bag),,,,,,,,473379_Shipper,0.0,shopify,0,deny,manual,64.48,,true,true,,,,,,,,,,,,,,,,,,,,,,,,,,,,,kg,,,
mars-120g-maltesers-raspberry-x-12ct,Mars - 120g Maltesers Raspberry x 12ct,"",Mars,Uncategorized,"","Family Bags, hide-bag, M&M Bags, Night n Day Misc",true,Pack Size,Bag,,,,,,,,473365_Bag,0.0,shopify,143,deny,manual,4.50,,true,true,,,,,,https://cdn.shopify.com/s/files/1/0668/0861/1129/files/file_a11128e9-d6c1-425b-a46b-acb4364cb34d.jpg?v=1754879612,1,473365,false,,,,,,,,,,,,,,,,,,,,kg,,,active
mars-120g-maltesers-raspberry-x-12ct,,,,,,,,,Shipper (12 Bag),,,,,,,,473365_Shipper,0.0,shopify,11,deny,manual,54.00,,true,true,,,,,,,,,,,,,,,,,,,,,,,,,,,,,kg,,,
64g-snickers-coffee-2-pak-x-25ct,64g Snickers Coffee 2 Pak,"",Mars,"Food, Beverages & Tobacco > Food Items > Candy & Chocolate > Chocolate","",Mars Share Bar Chocolates,true,Pack Size,Outer,,,,,,,,471889_Outer,0.0,shopify,0,deny,manual,70.30,,true,true,,,,,,https://cdn.shopify.com/s/files/1/0668/0861/1129/files/file_9760e86b-3a7e-4b70-b9b8-36e9abaebc61.jpg?v=1754879608,1,471889,false,,,4748,,,,,,,,,,,,,,,,,kg,,,active
64g-snickers-coffee-2-pak-x-25ct,,,,,,,,,Shipper (4 Outer),,,,,,,,471889_Shipper,0.0,shopify,0,deny,manual,281.20,,true,true,,,,,,,,,,,,,,,,,,,,,,,,,,,,,kg,,,
44g-snickers-coffee-x-25ct,44g Snickers Coffee x 25ct,"",Mars,Uncategorized,"","hide-shipper, Mars Single Bars",false,Pack Size,Outer,,,,,,,,471885_Outer,0.0,shopify,0,deny,manual,39.15,,true,true,,,,,,https://cdn.shopify.com/s/files/1/0668/0861/1129/files/file_909b8f2c-417d-4f79-a35f-a1b9c37d5c45.jpg?v=1754879606,1,471885,false,,,,,,,,,,,,,,,,,,,,kg,,,draft
44g-snickers-coffee-x-25ct,,,,,,,,,Shipper (8 Outer),,,,,,,,471885_Shipper,0.0,shopify,0,deny,manual,313.20,,true,true,,,,,,,,,,,,,,,,,,,,,,,,,,,,,kg,,,
mars-125g-maltesers-honeycomb-x-12ct,Mars - 125g Maltesers Honeycomb x 12ct,"",Mars,"Food, Beverages & Tobacco > Food Items > Candy & Chocolate > Chocolate","","Family Bags, M&M Bags, Night n Day Misc",true,Pack Size,Bag,,,,,,,,469431_Bag,0.0,shopify,0,deny,manual,4.50,,true,true,,,,,,https://cdn.shopify.com/s/files/1/0668/0861/1129/files/file_c5d25ab6-f7c4-44ee-9436-00b4f8b7700e.jpg?v=1754879603,1,469431,false,,,4748,,,,,,,,,,,,,,,,,kg,,,active
mars-125g-maltesers-honeycomb-x-12ct,,,,,,,,,Shipper (12 Bag),,,,,,,,469431_Shipper,0.0,shopify,0,deny,manual,54.00,,true,true,,,,,,,,,,,,,,,,,,,,,,,,,,,,,kg,,,
14g-pk-x-30ct,14g PK x 30ct,"",Mars,Uncategorized,"","Gum, Night n Day Misc, Wrigleys",true,Pack Size,Outer,,,,,,,,468783_Outer,0.0,shopify,81,deny,manual,39.60,,true,true,,,,,,https://cdn.shopify.com/s/files/1/0668/0861/1129/files/file_b4f3c191-c4f1-453b-9471-a7f3e75dcd27.jpg?v=1754879599,1,468783,false,,,,,,,,,,,,,,,,,,,,kg,,,active
14g-pk-x-30ct,,,,,,,,,Shipper (24 Outer),,,,,,,,468783_Shipper,0.0,shopify,3,deny,manual,950.40,,true,true,,,,,,,,,,,,,,,,,,,,,,,,,,,,,kg,,,
14g-juicy-fruit-x-30ct,14g Juicy Fruit x 30ct,"",Mars,Uncategorized,"","Gum, Night n Day Misc, Wrigleys",true,Pack Size,Outer,,,,,,,,468483_Outer,0.0,shopify,100,deny,manual,39.60,,true,true,,,,,,https://cdn.shopify.com/s/files/1/0668/0861/1129/files/file_59b4ec60-8d2c-4af2-a339-588665476ab1.jpg?v=1754879597,1,468483,false,,,,,,,,,,,,,,,,,,,,kg,,,active
14g-juicy-fruit-x-30ct,,,,,,,,,Shipper (24 Outer),,,,,,,,468483_Shipper,0.0,shopify,4,deny,manual,950.40,,true,true,,,,,,,,,,,,,,,,,,,,,,,,,,,,,kg,,,
mars-skittles-132g-giants-sour-x-15ct,Mars - Skittles 132g GIANTS Sour x 15ct,"",Mars,"Food, Beverages & Tobacco > Food Items > Candy & Chocolate > Candy","","Family Bags, hide-bag, M&M Bags, Night n Day Misc, Skittle Bags, Skittles",false,Pack Size,Bag,,,,,,,,465564_Bag,0.0,shopify,0,deny,manual,4.03,,true,true,,,,,,https://cdn.shopify.com/s/files/1/0668/0861/1129/files/file_98602a68-b933-40e0-9ce9-acb942c148c5.jpg?v=1754879594,1,465564,false,,,4748,,,,,,,,,,,,,,,,,kg,,,draft
mars-skittles-132g-giants-sour-x-15ct,,,,,,,,,Shipper (15 Bag),,,,,,,,465564_Shipper,0.0,shopify,0,deny,manual,60.45,,true,true,,,,,,,,,,,,,,,,,,,,,,,,,,,,,kg,,,
mars-skittles-132g-giants-fruits-x-15ct,Mars - Skittles 132g GIANTS Fruits x 15ct,"",Mars,"Food, Beverages & Tobacco > Food Items > Candy & Chocolate > Candy","","Family Bags, hide-bag, M&M Bags, Night n Day Misc, Skittle Bags, Skittles",true,Pack Size,Bag,,,,,,,,465556_Bag,0.0,shopify,343,deny,manual,4.03,,true,true,,,,,,https://cdn.shopify.com/s/files/1/0668/0861/1129/files/465556SKITTLESGiants170g.jpg?v=1754960245,1,"",false,,,4748,,,,,,,,,,,,,,,,,kg,,,active
mars-skittles-132g-giants-fruits-x-15ct,,,,,,,,,Shipper (15 Bag),,,,,,,,465556_Shipper,0.0,shopify,22,deny,manual,60.45,,true,true,,,,,,,,,,,,,,,,,,,,,,,,,,,,,kg,,,
5-gum-32g-tropical-splash-x-10ct,5 Gum 32g - Tropical Splash x 10ct,"",Mars,,"","Gum, Night n Day Misc, Wrigleys",true,Pack Size,Outer,,,,,,,,463623_Outer,0.0,shopify,0,deny,manual,22.25,,true,true,,,,,,https://cdn.shopify.com/s/files/1/0668/0861/1129/files/file_a6066d3b-0378-4f08-872a-d3cdaf4cdf6a.jpg?v=1754879587,1,463623,false,,,,,,,,,,,,,,,,,,,,kg,,,active
5-gum-32g-tropical-splash-x-10ct,,,,,,,,,Shipper (12 Outer),,,,,,,,463623_Shipper,0.0,shopify,0,deny,manual,267.00,,true,true,,,,,,,,,,,,,,,,,,,,,,,,,,,,,kg,,,
mars-skittles-120g-fruit-cloudz-x-16ct,Mars - Skittles 120g Fruit CLOUDZ x 16ct,"",Mars,"Food, Beverages & Tobacco > Food Items > Candy & Chocolate > Candy","","Family Bags, hide-bag, M&M Bags, Night n Day Misc, Skittle Bags, Skittles",true,Pack Size,Bag,,,,,,,,462375_Bag,0.0,shopify,154,deny,manual,4.03,,true,true,,,,,,https://cdn.shopify.com/s/files/1/0668/0861/1129/files/file_5ffaab16-2fe0-4ccf-b38b-dc594ddedde5.jpg?v=1754879584,1,462375,false,,,4748,,,,,,,,,,,,,,,,,kg,,,active
mars-skittles-120g-fruit-cloudz-x-16ct,,,,,,,,,Shipper (16 Bag),,,,,,,,462375_Shipper,0.0,shopify,9,deny,manual,64.48,,true,true,,,,,,,,,,,,,,,,,,,,,,,,,,,,,kg,,,
56g-bounty-x-24ct,56g Bounty x 24ct,"",Mars,,"","hide-shipper, Mars, Mars Single Bars",false,Pack Size,Outer,,,,,,,,461765_Outer,0.0,shopify,0,deny,manual,37.60,,true,true,,,,,,https://cdn.shopify.com/s/files/1/0668/0861/1129/files/file_eeb6564b-e447-4d2f-bd6d-9373cacb6a10.jpg?v=1754879578,1,461765,false,,,,,,,,,,,,,,,,,,,,kg,,,draft
56g-bounty-x-24ct,,,,,,,,,Shipper (6 Outer),,,,,,,,461765_Shipper,0.0,shopify,0,deny,manual,225.60,,true,true,,,,,,,,,,,,,,,,,,,,,,,,,,,,,kg,,,
jolly-rancher-sour-theatre-box-99g-x-11ct,Jolly Rancher Sour Theatre Box 99g x 11ct,"",Hersheys,,"",Novelty,true,Pack Size,Outer,,,,,,,,450855_Outer,0.0,shopify,23,deny,manual,46.76,,true,true,,,,,,https://cdn.shopify.com/s/files/1/0668/0861/1129/files/file_c86642df-4649-4807-81ca-588ad9fd870a.jpg?v=1754879572,1,450855,false,,,,,,,,,,,,,,,,,,,,kg,,,active
jolly-rancher-original-gummies-theatre-box-99g-x-11ct,Jolly Rancher Original Gummies Theatre Box 99g x 11ct,"",Hersheys,"Food, Beverages & Tobacco > Food Items > Candy & Chocolate > Candy","",Novelty,true,Pack Size,Outer,,,,,,,,450842_Outer,0.0,shopify,0,deny,manual,50.00,,true,true,,,,,,https://cdn.shopify.com/s/files/1/0668/0861/1129/files/450842JollyRancherOriginalGummiesTheatreBox.jpg?v=1754960076,1,"",false,,,4748,,,,,,,,,,,,,,,,,kg,,,active
cadbury-178g-sticky-toffee-slices-block-x-16ct,Cadbury 178g Sticky Toffee Slices Block x 16ct,"",Cadbury,,"","Cadbury Blocks, Chocolate Blocks, hide-block, hide-shipper",true,Pack Size,Block,,,,,,,,4319659_Block,0.0,shopify,0,deny,manual,4.72,,true,true,,,,,,https://cdn.shopify.com/s/files/1/0668/0861/1129/files/file_53004641-070f-4dc8-a23e-04eedb787e4b.jpg?v=1754879569,1,4319659,false,,,,,,,,,,,,,,,,,,,,kg,,,active
cadbury-178g-sticky-toffee-slices-block-x-16ct,,,,,,,,,Outer (16 Block),,,,,,,,4319659_Outer,0.0,shopify,0,deny,manual,75.52,,true,true,,,,,,,,,,,,,,,,,,,,,,,,,,,,,kg,,,
cadbury-178g-sticky-toffee-slices-block-x-16ct,,,,,,,,,Shipper (64 Block),,,,,,,,4319659_Shipper,0.0,shopify,0,deny,manual,302.08,,true,true,,,,,,,,,,,,,,,,,,,,,,,,,,,,,kg,,,
tncc-gummy-bears-180g-x-18ct,TNCC Gummy Bears 180g x 18ct,"",TNCC,,"","Family Bags, Night n Day Misc, Pascall, TNCC",true,Pack Size,Bag,,,,,,,,4319562_Bag,0.0,shopify,848,deny,manual,3.95,,true,true,,,,,,https://cdn.shopify.com/s/files/1/0668/0861/1129/files/file_2347c763-8383-4b44-a49e-96e610d04b8d.jpg?v=1754879566,1,4319562,false,,,,,,,,,,,,,,,,,,,,kg,,,active
tncc-gummy-bears-180g-x-18ct,,,,,,,,,Shipper (18 Bag),,,,,,,,4319562_Shipper,0.0,shopify,47,deny,manual,71.10,,true,true,,,,,,,,,,,,,,,,,,,,,,,,,,,,,kg,,,
cadbury-40g-twirl-crispy-wafer-x-40ct,Cadbury 40g Twirl Crispy Wafer x 40ct,"",Cadbury,,"","Cadbury Single Bars, hide-shipper",true,Pack Size,Outer,,,,,,,,4319151_Outer,0.0,shopify,0,deny,manual,62.52,,true,true,,,,,,https://cdn.shopify.com/s/files/1/0668/0861/1129/files/file_f8c288c9-9dec-4419-8c63-a7a7b6f097b4.jpg?v=1754879559,1,4319151,false,,,,,,,,,,,,,,,,,,,,kg,,,active
cadbury-40g-twirl-crispy-wafer-x-40ct,,,,,,,,,Shipper (4 Outer),,,,,,,,4319151_Shipper,0.0,shopify,0,deny,manual,250.08,,true,true,,,,,,,,,,,,,,,,,,,,,,,,,,,,,kg,,,
cadbury-180g-old-gold-espresso-affogato-x-15ct,Cadbury 180g Old Gold Espresso Affogato x 15ct,"",Cadbury,,"","Cadbury Blocks, Chocolate Blocks, hide-block, hide-shipper",true,Pack Size,Block,,,,,,,,4315877_Block,0.0,shopify,0,deny,manual,4.23,,true,true,,,,,,https://cdn.shopify.com/s/files/1/0668/0861/1129/files/file_a302ee34-725e-409a-bef4-7747d106cf5c.jpg?v=1754879557,1,4315877,false,,,,,,,,,,,,,,,,,,,,kg,,,active
cadbury-180g-old-gold-espresso-affogato-x-15ct,,,,,,,,,Outer (15 Block),,,,,,,,4315877_Outer,0.0,shopify,0,deny,manual,63.45,,true,true,,,,,,,,,,,,,,,,,,,,,,,,,,,,,kg,,,
cadbury-180g-old-gold-espresso-affogato-x-15ct,,,,,,,,,Shipper (60 Block),,,,,,,,4315877_Shipper,0.0,shopify,0,deny,manual,253.80,,true,true,,,,,,,,,,,,,,,,,,,,,,,,,,,,,kg,,,
oreo-128g-selena-gomez-x-20ct,Oreo 128g Selena Gomez x 20ct,"",Cadbury,,"","Cookies, hide-packet, Kingpin Queenstown, Oreo, Xtreme Wairau",true,Pack Size,Packet,,,,,,,,4315872_Packet,0.0,shopify,83,deny,manual,1.40,,true,true,,,,,,https://cdn.shopify.com/s/files/1/0668/0861/1129/files/file_a777d82f-24c8-4385-a647-d7d6e5f7d22e.jpg?v=1754879554,1,4315872,false,,,,,,,,,,,,,,,,,,,,kg,,,active
oreo-128g-selena-gomez-x-20ct,,,,,,,,,Shipper (20 Packet),,,,,,,,4315872_Shipper,0.0,shopify,4,deny,manual,28.00,,true,true,,,,,,,,,,,,,,,,,,,,,,,,,,,,,kg,,,
pascall-family-bag-grape-lumps-120g-x-14ct,Pascall Family Bag Grape Lumps 120g x 14ct,"",Pascall,,"","Family Bags, Night n Day Misc, Pascall, TNCC",true,Pack Size,Bag,,,,,,,,4315746_Bag,0.0,shopify,27,deny,manual,2.94,,true,true,,,,,,https://cdn.shopify.com/s/files/1/0668/0861/1129/files/file_0219a50e-aa67-4239-bec2-5b9a9e2ea390.jpg?v=1754879549,1,4315746,false,,,,,,,,,,,,,,,,,,,,kg,,,active
pascall-family-bag-grape-lumps-120g-x-14ct,,,,,,,,,Shipper (14 Bag),,,,,,,,4315746_Shipper,0.0,shopify,1,deny,manual,41.16,,true,true,,,,,,,,,,,,,,,,,,,,,,,,,,,,,kg,,,
oreo-131g-marshmallow-x-20ct,Oreo 131g Marshmallow x 20ct,"",Cadbury,,"","Cookies, hide-packet, Kingpin Queenstown, Oreo, Xtreme Wairau",true,Pack Size,Packet,,,,,,,,4315061_Packet,0.0,shopify,242,deny,manual,1.40,,true,true,,,,,,https://cdn.shopify.com/s/files/1/0668/0861/1129/files/file_18564aef-a370-4b8c-ae66-c573d9ea16a8.jpg?v=1754879546,1,4315061,false,,,,,,,,,,,,,,,,,,,,kg,,,active
oreo-131g-marshmallow-x-20ct,,,,,,,,,Shipper (20 Packet),,,,,,,,4315061_Shipper,0.0,shopify,12,deny,manual,28.00,,true,true,,,,,,,,,,,,,,,,,,,,,,,,,,,,,kg,,,
cadbury-167g-caramel-mudcake-block-x-16ct,Cadbury 167g Caramel Mudcake Block x 16ct,"",Cadbury,Uncategorized,"","Cadbury Blocks, Chocolate Blocks, hide-block, hide-shipper",true,Pack Size,Block,,,,,,,,4313735_Block,0.0,shopify,0,deny,manual,4.72,,true,true,,,,,,https://cdn.shopify.com/s/files/1/0668/0861/1129/files/file_dc9b9c55-12b9-477a-89e9-5ae6571655d6.jpg?v=1754879540,1,4313735,false,,,,,,,,,,,,,,,,,,,,kg,,,active
cadbury-167g-caramel-mudcake-block-x-16ct,,,,,,,,,Outer (16 Block),,,,,,,,4313735_Outer,0.0,shopify,0,deny,manual,75.52,,true,true,,,,,,,,,,,,,,,,,,,,,,,,,,,,,kg,,,
cadbury-167g-caramel-mudcake-block-x-16ct,,,,,,,,,Shipper (64 Block),,,,,,,,4313735_Shipper,0.0,shopify,0,deny,manual,302.08,,true,true,,,,,,,,,,,,,,,,,,,,,,,,,,,,,kg,,,
oreo-128g-caramilk-x-20ct,Oreo 128g Caramilk x 20ct,"",Cadbury,,"","Cookies, hide-packet, Kingpin Queenstown, Oreo, Xtreme Wairau",true,Pack Size,Packet,,,,,,,,4313012_Packet,0.0,shopify,266,deny,manual,1.40,,true,true,,,,,,https://cdn.shopify.com/s/files/1/0668/0861/1129/files/file_929e8a35-d37f-49f5-a242-11f5c65c3690.jpg?v=1754879538,1,4313012,false,,,,,,,,,,,,,,,,,,,,kg,,,active
oreo-128g-caramilk-x-20ct,,,,,,,,,Shipper (20 Packet),,,,,,,,4313012_Shipper,0.0,shopify,13,deny,manual,28.00,,true,true,,,,,,,,,,,,,,,,,,,,,,,,,,,,,kg,,,
cadbury-39g-twirl-iced-latte-x-42ct,Cadbury 39g Twirl Iced Latte x 42ct,"",Cadbury,Uncategorized,"","Cadbury Single Bars, hide-shipper",false,Pack Size,Outer,,,,,,,,4309332_Outer,0.0,shopify,0,deny,manual,65.65,,true,true,,,,,,https://cdn.shopify.com/s/files/1/0668/0861/1129/files/file_9e583a88-4718-4729-9db1-284a93d12997.jpg?v=1754879527,1,4309332,false,,,,,,,,,,,,,,,,,,,,kg,,,draft
cadbury-39g-twirl-iced-latte-x-42ct,,,,,,,,,Shipper (6 Outer),,,,,,,,4309332_Shipper,0.0,shopify,0,deny,manual,393.90,,true,true,,,,,,,,,,,,,,,,,,,,,,,,,,,,,kg,,,
oreo-128g-cheesecake-x-20ct,Oreo 128g Cheesecake x 20ct,"",Cadbury,,"","Cookies, hide-packet, Kingpin Queenstown, Oreo, Xtreme Wairau",true,Pack Size,Packet,,,,,,,,4308793_Packet,0.0,shopify,250,deny,manual,1.40,,true,true,,,,,,https://cdn.shopify.com/s/files/1/0668/0861/1129/files/file_de30c93a-f37b-407c-b1c5-19f4e0d197cf.jpg?v=1754879525,1,4308793,false,,,,,,,,,,,,,,,,,,,,kg,,,active
oreo-128g-cheesecake-x-20ct,,,,,,,,,Shipper (20 Packet),,,,,,,,4308793_Shipper,0.0,shopify,12,deny,manual,28.00,,true,true,,,,,,,,,,,,,,,,,,,,,,,,,,,,,kg,,,
cadbury-150g-velvet-dairy-milk-block-x-20ct,Cadbury 150g Velvet Dairy Milk Block x 20ct,"",Cadbury,,"","Cadbury Blocks, Chocolate Blocks, hide-block, hide-shipper",true,Pack Size,Block,,,,,,,,4307515_Block,0.0,shopify,0,deny,manual,4.23,,true,true,,,,,,https://cdn.shopify.com/s/files/1/0668/0861/1129/files/file_5d3889cb-1f94-4a25-be2c-bfdcf3874a17.jpg?v=1754879520,1,4307515,false,,,,,,,,,,,,,,,,,,,,kg,,,active
cadbury-150g-velvet-dairy-milk-block-x-20ct,,,,,,,,,Outer (20 Block),,,,,,,,4307515_Outer,0.0,shopify,0,deny,manual,84.60,,true,true,,,,,,,,,,,,,,,,,,,,,,,,,,,,,kg,,,
cadbury-150g-velvet-dairy-milk-block-x-20ct,,,,,,,,,Shipper (80 Block),,,,,,,,4307515_Shipper,0.0,shopify,0,deny,manual,338.40,,true,true,,,,,,,,,,,,,,,,,,,,,,,,,,,,,kg,,,
oreo-128g-chocolate-x-20ct,Oreo 128g Chocolate x 20ct,"",Cadbury,,"","Cookies, hide-packet, Kingpin Queenstown, Oreo, Xtreme Wairau",false,Pack Size,Packet,,,,,,,,4304714_Packet,0.0,shopify,0,deny,manual,1.40,,true,true,,,,,,https://cdn.shopify.com/s/files/1/0668/0861/1129/files/file_5ce9b1ab-251f-4aa7-af24-ff9beb65ee8b.jpg?v=1754879509,1,4304714,false,,,,,,,,,,,,,,,,,,,,kg,,,draft
oreo-128g-chocolate-x-20ct,,,,,,,,,Shipper (20 Packet),,,,,,,,4304714_Shipper,0.0,shopify,0,deny,manual,28.00,,true,true,,,,,,,,,,,,,,,,,,,,,,,,,,,,,kg,,,
tncc-reduced-sugar-frogs-220g-x-18ct,TNCC Reduced Sugar Frogs 220g x 18ct,"",TNCC,,"","Family Bags, Night n Day Misc, Pascall, TNCC",true,Pack Size,Bag,,,,,,,,4304014_Bag,0.0,shopify,535,deny,manual,3.95,,true,true,,,,,,https://cdn.shopify.com/s/files/1/0668/0861/1129/files/file_81a5118e-d21e-44f5-b9a4-d1270efa4bc9.jpg?v=1754879505,1,4304014,false,,,,,,,,,,,,,,,,,,,,kg,,,active
tncc-reduced-sugar-frogs-220g-x-18ct,,,,,,,,,Shipper (18 Bag),,,,,,,,4304014_Shipper,0.0,shopify,29,deny,manual,71.10,,true,true,,,,,,,,,,,,,,,,,,,,,,,,,,,,,kg,,,
tncc-reduced-sugar-fruit-basket-220g-x-18ct,TNCC Reduced Sugar Fruit Basket 220g x 18ct,"",TNCC,,"","Family Bags, Night n Day Misc, Pascall, TNCC",false,Pack Size,Bag,,,,,,,,4303980_Bag,0.0,shopify,0,deny,manual,3.95,,true,true,,,,,,https://cdn.shopify.com/s/files/1/0668/0861/1129/files/file_3837951b-6b9d-4eee-9724-36a65f9509f8.jpg?v=1754879503,1,4303980,false,,,,,,,,,,,,,,,,,,,,kg,,,draft
tncc-reduced-sugar-fruit-basket-220g-x-18ct,,,,,,,,,Shipper (18 Bag),,,,,,,,4303980_Shipper,0.0,shopify,0,deny,manual,71.10,,true,true,,,,,,,,,,,,,,,,,,,,,,,,,,,,,kg,,,
tncc-vegan-fruities-180g-x-18ct,TNCC Vegan Fruities 180g x 18ct,"",TNCC,,"","Family Bags, Night n Day Misc, Pascall, TNCC",true,Pack Size,Bag,,,,,,,,4303681_Bag,0.0,shopify,174,deny,manual,3.95,,true,true,,,,,,https://cdn.shopify.com/s/files/1/0668/0861/1129/files/file_066c9699-7bd1-4a86-8946-7bec8b3e88e6.jpg?v=1754879500,1,4303681,false,,,,,,,,,,,,,,,,,,,,kg,,,active
tncc-vegan-fruities-180g-x-18ct,,,,,,,,,Shipper (18 Bag),,,,,,,,4303681_Shipper,0.0,shopify,9,deny,manual,71.10,,true,true,,,,,,,,,,,,,,,,,,,,,,,,,,,,,kg,,,
cadbury-50g-moro-gold-x-35ct-new-size,Cadbury 50g Moro Gold x 35ct,"",Cadbury,Uncategorized,"","Cadbury Single Bars, hide-shipper",true,Pack Size,Outer,,,,,,,,4301114_Outer,0.0,shopify,107,deny,manual,54.71,,true,true,,,,,,https://cdn.shopify.com/s/files/1/0668/0861/1129/files/file_cd460d10-8888-489d-9040-ddb810c9d836.jpg?v=1754879497,1,4301114,false,,,,,,,,,,,,,,,,,,,,kg,,,active
cadbury-50g-moro-gold-x-35ct-new-size,,,,,,,,,Shipper (4 Outer),,,,,,,,4301114_Shipper,0.0,shopify,26,deny,manual,218.84,,true,true,,,,,,,,,,,,,,,,,,,,,,,,,,,,,kg,,,
cadbury-twin-pack-turkish-delight-70g-x-28ct,Cadbury Twin pack Turkish Delight Kingsize  70g x 28ct,"",Cadbury,,"",Cadbury Share Bar Chocolates,true,Pack Size,Outer,,,,,,,,4301113_Outer,0.0,shopify,84,deny,manual,68.32,,true,true,,,,,,https://cdn.shopify.com/s/files/1/0668/0861/1129/files/file_13e55ce9-cdce-4ee5-ad12-fad9569f8572.jpg?v=1754879494,1,4301113,false,,,,,,,,,,,,,,,,,,,,kg,,,active
cadbury-twin-pack-turkish-delight-70g-x-28ct,,,,,,,,,Shipper (4 Outer),,,,,,,,4301113_Shipper,0.0,shopify,21,deny,manual,273.28,,true,true,,,,,,,,,,,,,,,,,,,,,,,,,,,,,kg,,,
cadbury-50g-turkish-delight-x-36ct-new-size-and-count,Cadbury 50g Turkish Delight x 36ct,"",Cadbury,,"","Cadbury Single Bars, hide-shipper",true,Pack Size,Outer,,,,,,,,4301111_Outer,0.0,shopify,99,deny,manual,56.27,,true,true,,,,,,https://cdn.shopify.com/s/files/1/0668/0861/1129/files/file_ba4cdf8f-c3de-4beb-a62f-74bc3c212cb4.jpg?v=1754879491,1,4301111,false,,,,,,,,,,,,,,,,,,,,kg,,,active
cadbury-50g-turkish-delight-x-36ct-new-size-and-count,,,,,,,,,Shipper (6 Outer),,,,,,,,4301111_Shipper,0.0,shopify,16,deny,manual,337.62,,true,true,,,,,,,,,,,,,,,,,,,,,,,,,,,,,kg,,,
cadbury-50g-moro-x-42ct-new-size,Cadbury 50g Moro x 42ct,"",Cadbury,,"","Cadbury Single Bars, hide-shipper",true,Pack Size,Outer,,,,,,,,4301083_Outer,0.0,shopify,133,deny,manual,65.65,,true,true,,,,,,https://cdn.shopify.com/s/files/1/0668/0861/1129/files/file_05b8d038-a637-45b8-95d2-40c97cf26fe7.jpg?v=1754879486,1,4301083,false,,,,,,,,,,,,,,,,,,,,kg,,,active
cadbury-50g-moro-x-42ct-new-size,,,,,,,,,Shipper (4 Outer),,,,,,,,4301083_Shipper,0.0,shopify,33,deny,manual,262.60,,true,true,,,,,,,,,,,,,,,,,,,,,,,,,,,,,kg,,,
cadbury-46g-caramello-x-48ct-new-size-and-count,Cadbury 46g Caramello x 48ct  NEW SIZE AND COUNT!!!!!!,"",Cadbury,,"","Cadbury Single Bars, hide-shipper",true,Pack Size,Outer,,,,,,,,4301079_Outer,0.0,shopify,66,deny,manual,75.02,,true,true,,,,,,https://cdn.shopify.com/s/files/1/0668/0861/1129/files/file_cf4df873-af24-4713-b527-bb045cd1d75c.jpg?v=1754879482,1,4301079,false,,,,,,,,,,,,,,,,,,,,kg,,,active
cadbury-46g-caramello-x-48ct-new-size-and-count,,,,,,,,,Shipper (6 Outer),,,,,,,,4301079_Shipper,0.0,shopify,11,deny,manual,450.12,,true,true,,,,,,,,,,,,,,,,,,,,,,,,,,,,,kg,,,
cadbury-44g-cherry-ripe-x-48ct-new-size,Cadbury 44g Cherry Ripe x 48ct  NEW SIZE!!!!!!!!!,"",Cadbury,,"","Cadbury Single Bars, hide-shipper",true,Pack Size,Outer,,,,,,,,4301051_Outer,0.0,shopify,24,deny,manual,75.05,,true,true,,,,,,https://cdn.shopify.com/s/files/1/0668/0861/1129/files/file_c2688558-0007-4272-af1f-2cde10493987.jpg?v=1754879479,1,4301051,false,,,,,,,,,,,,,,,,,,,,kg,,,active
cadbury-44g-cherry-ripe-x-48ct-new-size,,,,,,,,,Shipper (5 Outer),,,,,,,,4301051_Shipper,0.0,shopify,4,deny,manual,375.25,,true,true,,,,,,,,,,,,,,,,,,,,,,,,,,,,,kg,,,
cadbury-50g-dream-x-42ct,Cadbury 50g Dream x 42ct,"",Cadbury,,"","Cadbury Single Bars, hide-shipper",true,Pack Size,Outer,,,,,,,,4299125_Outer,0.0,shopify,36,deny,manual,65.65,,true,true,,,,,,https://cdn.shopify.com/s/files/1/0668/0861/1129/files/file_d9999566-dbed-4f61-ab93-1276f835bdbb.jpg?v=1754879476,1,4299125,false,,,,,,,,,,,,,,,,,,,,kg,,,active
cadbury-50g-dream-x-42ct,,,,,,,,,Shipper (6 Outer),,,,,,,,4299125_Shipper,0.0,shopify,6,deny,manual,393.90,,true,true,,,,,,,,,,,,,,,,,,,,,,,,,,,,,kg,,,
cadbury-twin-pack-58g-twirl-x-42ct,Cadbury Twin pack Kingsize 58g Twirl x 42ct,"",Cadbury,,"",Cadbury Share Bar Chocolates,true,Pack Size,Outer,,,,,,,,4228560_Outer,0.0,shopify,36,deny,manual,102.48,,true,true,,,,,,https://cdn.shopify.com/s/files/1/0668/0861/1129/files/file_d1bfdb63-ee51-465d-9386-00a3bddfc541.jpg?v=1754879470,1,4228560,false,,,,,,,,,,,,,,,,,,,,kg,,,active
cadbury-twin-pack-58g-twirl-x-42ct,,,,,,,,,Shipper (6 Outer),,,,,,,,4228560_Shipper,0.0,shopify,6,deny,manual,614.88,,true,true,,,,,,,,,,,,,,,,,,,,,,,,,,,,,kg,,,
mars-140g-maltesers-x-12ct,Mars - 140g Maltesers x 12ct,"",Mars,,"","Family Bags, hide-bag, M&M Bags, Night n Day Misc",true,Pack Size,Bag,,,,,,,,414583_Bag,0.0,shopify,497,deny,manual,4.50,,true,true,,,,,,https://cdn.shopify.com/s/files/1/0668/0861/1129/files/file_b3247a73-1024-44ac-92a9-6dba6ca77c1e.jpg?v=1754879465,1,414583,false,,,,,,,,,,,,,,,,,,,,kg,,,active
mars-140g-maltesers-x-12ct,,,,,,,,,Shipper (12 Bag),,,,,,,,414583_Shipper,0.0,shopify,41,deny,manual,54.00,,true,true,,,,,,,,,,,,,,,,,,,,,,,,,,,,,kg,,,
jommi-pork-luncheon-340g,Jommi Pork Luncheon 340g,"",Jommi,,"",Luncheon Meat,true,Pack Size,Each,,,,,,,,394204_Each,0.0,shopify,120,deny,manual,5.72,,true,true,,,,,,https://cdn.shopify.com/s/files/1/0668/0861/1129/files/file.png?v=1754879462,1,394204,false,,,,,,,,,,,,,,,,,,,,kg,,,active
jommi-pork-luncheon-340g,,,,,,,,,Shipper (24 Each),,,,,,,,394204_Shipper,0.0,shopify,5,deny,manual,137.28,,true,true,,,,,,,,,,,,,,,,,,,,,,,,,,,,,kg,,,
exeter-beef-luncheon-320g,Exeter Beef Luncheon 320g,"",Exeter,"Food, Beverages & Tobacco > Food Items > Meat, Seafood & Eggs > Meat > Canned Meats","",Luncheon Meat,true,Pack Size,Each,,,,,,,,391626_Each,0.0,shopify,89,deny,manual,3.95,,true,true,,,,,,https://cdn.shopify.com/s/files/1/0668/0861/1129/files/file_2afd5636-b0ad-4bc0-b9c0-6ce731e7df4f.jpg?v=1754879459,1,391626,false,,,5811,,,,,,,,,,,,,,,,,kg,,,active
exeter-beef-luncheon-320g,,,,,,,,,Shipper (24 Each),,,,,,,,391626_Shipper,0.0,shopify,3,deny,manual,94.80,,true,true,,,,,,,,,,,,,,,,,,,,,,,,,,,,,kg,,,
exeter-chicken-luncheon-320g,Exeter Chicken Luncheon 320g,"",Exeter,,"",Luncheon Meat,true,Pack Size,Each,,,,,,,,382445_Each,0.0,shopify,1,deny,manual,3.95,,true,true,,,,,,https://cdn.shopify.com/s/files/1/0668/0861/1129/files/file_5c96151b-13c8-4080-91a0-75f2b61f6063.jpg?v=1754879457,1,382445,false,,,,,,,,,,,,,,,,,,,,kg,,,active
exeter-chicken-luncheon-320g,,,,,,,,,Shipper (24 Each),,,,,,,,382445_Shipper,0.0,shopify,0,deny,manual,94.80,,true,true,,,,,,,,,,,,,,,,,,,,,,,,,,,,,kg,,,
musashi-shred-and-burn-shake-375ml-chocolate-x-6ct,Musashi Shred and Burn Shake 375ml - Chocolate x 6ct,"",Musashi,,"","Drinks, Musashi, Protein Drinks",true,Pack Size,Outer,,,,,,,,37912-6_Outer,0.0,shopify,11,deny,manual,28.00,,true,true,,,,,,https://cdn.shopify.com/s/files/1/0668/0861/1129/files/file_5c4569f2-e731-42f4-bd06-9884642a2e60.jpg?v=1754879455,1,37912-6,false,,,,,,,,,,,,,,,,,,,,kg,,,active
exeter-corned-beef-340g,Exeter Corned Beef 340g,"",Exeter,"Food, Beverages & Tobacco > Food Items > Meat, Seafood & Eggs > Meat > Canned Meats","","Corned Beef, show-shipper",true,Pack Size,Each,,,,,,,,375805_Each,0.0,shopify,7,deny,manual,7.16,,true,true,,,,,,https://cdn.shopify.com/s/files/1/0668/0861/1129/files/file_6ef7634b-8fba-41ae-9b4b-9567840de90a.jpg?v=1754879443,1,375805,false,,,5811,,,,,,,,,,,,,,,,,kg,,,active
exeter-corned-beef-340g,,,,,,,,,Shipper (12 Each),,,,,,,,375805_Shipper,0.0,shopify,0,deny,manual,85.92,,true,true,,,,,,,,,,,,,,,,,,,,,,,,,,,,,kg,,,
musashi-energy-500ml-mango-x-12ct,Musashi Energy 500ml - Mango x 12ct,"",Musashi,,"","Musashi, Musashi Energy Cans",true,Pack Size,Tray,,,,,,,,34101_Tray,0.0,shopify,326,deny,manual,37.50,,true,true,,,,,,https://cdn.shopify.com/s/files/1/0668/0861/1129/files/file_1e170784-cb47-40c6-92bb-c92ea4127804.jpg?v=1754879438,1,34101,false,,,,,,,,,,,,,,,,,,,,kg,,,active
durex-3-pack-condom-featherlite-thin-feel-regular-fit,Durex 3 Pack Condom Featherlite Thin Feel Regular Fit,"",Durex,,"",Health,true,Pack Size,Packet,,,,,,,,3281942_Packet,0.0,shopify,0,deny,manual,4.50,,true,true,,,,,,https://cdn.shopify.com/s/files/1/0668/0861/1129/files/file_fd052601-1b35-40f4-8022-ec70eb99760d.jpg?v=1754879424,1,3281942,false,,,,,,,,,,,,,,,,,,,,kg,,,active
durex-3-pack-condom-featherlite-thin-feel-regular-fit,,,,,,,,,Outer (6 Packet),,,,,,,,3281942_Outer,0.0,shopify,0,deny,manual,27.00,,true,true,,,,,,,,,,,,,,,,,,,,,,,,,,,,,kg,,,
durex-3-pack-condom-featherlite-thin-feel-regular-fit,,,,,,,,,Shipper (36 Packet),,,,,,,,3281942_Shipper,0.0,shopify,0,deny,manual,162.00,,true,true,,,,,,,,,,,,,,,,,,,,,,,,,,,,,kg,,,
nuromol-dual-action-liquid-capsules-x10ct,Nuromol Dual Action Liquid Capsules x10ct,"",Nurofen,,"",Health,true,Pack Size,Packet,,,,,,,,3273152_Packet,0.0,shopify,48,deny,manual,12.35,,true,true,,,,,,https://cdn.shopify.com/s/files/1/0668/0861/1129/files/file_5e6ccda7-ef1f-4bc1-a99a-57ae7f129344.jpg?v=1754879421,1,3273152,false,,,,,,,,,,,,,,,,,,,,kg,,,active
nuromol-dual-action-liquid-capsules-x10ct,,,,,,,,,Outer (6 Packet),,,,,,,,3273152_Outer,0.0,shopify,8,deny,manual,74.10,,true,true,,,,,,,,,,,,,,,,,,,,,,,,,,,,,kg,,,
lemsip-max-cold-flu-drink-sachets-x-10pk,Lemsip Max Cold & Flu Drink Sachets x 10pk,"",DutchRusk,Uncategorized,"",Health,true,Pack Size,Packet,,,,,,,,3253627_Packet,0.0,shopify,6,deny,manual,15.25,,true,true,,,,,,https://cdn.shopify.com/s/files/1/0668/0861/1129/files/3253627LemsipMaxCold_FluHotDrinkLemon10Pack.jpg?v=1756696740,1,"",false,,,,,,,,,,,,,,,,,,,,kg,,,active
lemsip-max-cold-flu-drink-sachets-x-10pk,,,,,,,,,Outer (6 Packet),,,,,,,,3253627_Outer,0.0,shopify,1,deny,manual,91.50,,true,true,,,,,,,,,,,,,,,,,,,,,,,,,,,,,kg,,,
lemsip-max-cold-flu-drink-sachets-x-10pk,,,,,,,,,Shipper (36 Packet),,,,,,,,3253627_Shipper,0.0,shopify,0,deny,manual,549.00,,true,true,,,,,,,,,,,,,,,,,,,,,,,,,,,,,kg,,,
strepsils-blocked-nose-menthol-eucalyptus-16pk,Strepsils Blocked Nose Menthol Eucalyptus 16pk,"",Strepsils,,"",Health,true,Pack Size,Packet,,,,,,,,3253552_Packet,0.0,shopify,7,deny,manual,9.20,,true,true,,,,,,https://cdn.shopify.com/s/files/1/0668/0861/1129/files/file_5f9b49d4-500a-461f-8238-972c72c28824.jpg?v=1754879419,1,3253552,false,,,,,,,,,,,,,,,,,,,,kg,,,active
strepsils-blocked-nose-menthol-eucalyptus-16pk,,,,,,,,,Outer (12 Packet),,,,,,,,3253552_Outer,0.0,shopify,0,deny,manual,110.40,,true,true,,,,,,,,,,,,,,,,,,,,,,,,,,,,,kg,,,
strepsils-blocked-nose-menthol-eucalyptus-16pk,,,,,,,,,Shipper (144 Packet),,,,,,,,3253552_Shipper,0.0,shopify,0,deny,manual,1324.80,,true,true,,,,,,,,,,,,,,,,,,,,,,,,,,,,,kg,,,
durex-condoms-thin-feel-12pk-1,Durex Condoms Thin Feel 12pk,"",Durex,Health & Beauty > Health Care > Condoms,"",Health,true,Pack Size,Packet,,,,,,,,3240204_Packet,0.0,shopify,21,deny,manual,18.30,,true,true,,,,,,https://cdn.shopify.com/s/files/1/0668/0861/1129/files/file_b410f8f2-5cdd-46c0-b864-10bbcdf9d317.jpg?v=1754879416,1,3240204,false,,,775,,,,,,,,,,,,,,,,,kg,,,active
durex-condoms-thin-feel-12pk-1,,,,,,,,,Outer (6 Packet),,,,,,,,3240204_Outer,0.0,shopify,3,deny,manual,109.80,,true,true,,,,,,,,,,,,,,,,,,,,,,,,,,,,,kg,,,
durex-condoms-thin-feel-12pk-1,,,,,,,,,Shipper (72 Packet),,,,,,,,3240204_Shipper,0.0,shopify,0,deny,manual,1317.60,,true,true,,,,,,,,,,,,,,,,,,,,,,,,,,,,,kg,,,
musashi-protein-crisp-bar-60g-choc-brownie-x-12ct,Musashi Protein Crisp Bar 60g - Choc Brownie x 12ct,"",Musashi,,"","Musashi, Protein Bars",true,Pack Size,Outer,,,,,,,,32329_Outer,0.0,shopify,10,deny,manual,45.95,,true,true,,,,,,https://cdn.shopify.com/s/files/1/0668/0861/1129/files/file_034339af-bb89-4a09-8e6c-277a5f04a259.jpg?v=1754879413,1,32329,false,,,,,,,,,,,,,,,,,,,,kg,,,active
musashi-protein-crisp-bar-60g-choc-brownie-x-12ct,,,,,,,,,Shipper (9 Outer),,,,,,,,32329_Shipper,0.0,shopify,1,deny,manual,413.55,,true,true,,,,,,,,,,,,,,,,,,,,,,,,,,,,,kg,,,
musashi-energy-500ml-watermelon-x-12ct,Musashi Energy 500ml - Watermelon x 12ct,"",Musashi,,"","Musashi, Musashi Energy Cans",true,Pack Size,Tray,,,,,,,,32084_Tray,0.0,shopify,271,deny,manual,37.50,,true,true,,,,,,https://cdn.shopify.com/s/files/1/0668/0861/1129/files/file_5cb0b229-ff22-493c-a05e-0b03156ff050.jpg?v=1754879411,1,32084,false,,,,,,,,,,,,,,,,,,,,kg,,,active
dr-pepper-blackberry-355ml-x-12ct,Dr Pepper Blackberry  355ml x 12ct,"",Dr Pepper,,"","Drinks, Soda Drinks",true,Pack Size,Tray,,,,,,,,3126_Tray,0.0,shopify,0,deny,manual,24.95,,true,true,,,,,,https://cdn.shopify.com/s/files/1/0668/0861/1129/files/file_c964edb5-be6f-4e21-946a-ebc4266b89b0.jpg?v=1754879408,1,3126,false,,,,,,,,,,,,,,,,,,,,kg,,,active
musashi-protein-wafer-bar-40g-choc-mint-x-12ct,Musashi Protein Wafer Bar 40g - Choc Mint x 12ct,"",Musashi,,"","Musashi, Protein Bars",true,Pack Size,Outer,,,,,,,,31056_Outer,0.0,shopify,7,deny,manual,36.95,,true,true,,,,,,https://cdn.shopify.com/s/files/1/0668/0861/1129/files/file_58f3c8f3-c7d9-49f5-b096-150101cf67c1.jpg?v=1754879405,1,31056,false,,,,,,,,,,,,,,,,,,,,kg,,,active
musashi-protein-wafer-bar-40g-choc-mint-x-12ct,,,,,,,,,Shipper (9 Outer),,,,,,,,31056_Shipper,0.0,shopify,0,deny,manual,332.55,,true,true,,,,,,,,,,,,,,,,,,,,,,,,,,,,,kg,,,
sweets-nz-russian-fudge-bar-50g-x-30ct,Sweets NZ Original Fudge Bar 50g x 30ct,"",Sweets NZ,,"",Novelty,true,Pack Size,Outer,,,,,,,,305_Outer,0.0,shopify,64,deny,manual,33.50,,true,true,,,,,,https://cdn.shopify.com/s/files/1/0668/0861/1129/files/file_868910d0-4179-44bb-b9aa-67e53573327e.jpg?v=1754879403,1,305,false,,,,,,,,,,,,,,,,,,,,kg,,,active
sweets-nz-russian-fudge-bar-50g-x-30ct,,,,,,,,,Shipper (2 Outer),,,,,,,,305_Shipper,0.0,shopify,32,deny,manual,67.00,,true,true,,,,,,,,,,,,,,,,,,,,,,,,,,,,,kg,,,
sweets-nz-rasp-coconut-choc-bar-50g-x-30ct,Sweets NZ Rasp Coconut Choc Bar 50g x 30ct,"",Sweets NZ,,"",Novelty,true,Pack Size,Outer,,,,,,,,304_Outer,0.0,shopify,1,deny,manual,33.50,,true,true,,,,,,https://cdn.shopify.com/s/files/1/0668/0861/1129/files/file_63b6e8d5-b7fc-422e-bb33-2495668d6ab6.jpg?v=1754879400,1,304,false,,,,,,,,,,,,,,,,,,,,kg,,,active
sweets-nz-rasp-coconut-choc-bar-50g-x-30ct,,,,,,,,,Shipper (2 Outer),,,,,,,,304_Shipper,0.0,shopify,0,deny,manual,67.00,,true,true,,,,,,,,,,,,,,,,,,,,,,,,,,,,,kg,,,
sweets-nz-double-coconut-choc-bar-50g-x-30ct,Sweets NZ Double Coconut Choc Bar 50g x 30ct,"",Sweets NZ,,"",Novelty,true,Pack Size,Outer,,,,,,,,303_Outer,0.0,shopify,30,deny,manual,33.50,,true,true,,,,,,https://cdn.shopify.com/s/files/1/0668/0861/1129/files/file_5c0a8c8c-b1c4-4c6e-849b-1ded38b6a5b1.jpg?v=1754879398,1,303,false,,,,,,,,,,,,,,,,,,,,kg,,,active
sweets-nz-double-coconut-choc-bar-50g-x-30ct,,,,,,,,,Shipper (2 Outer),,,,,,,,303_Shipper,0.0,shopify,15,deny,manual,67.00,,true,true,,,,,,,,,,,,,,,,,,,,,,,,,,,,,kg,,,
sweets-nz-chocky-peanut-butter-bar-50g-x-30ct,Sweets NZ Chocky Peanut Butter Bar 50g x 30ct,"",Sweets NZ,,"",Novelty,true,Pack Size,Outer,,,,,,,,302_Outer,0.0,shopify,18,deny,manual,33.50,,true,true,,,,,,https://cdn.shopify.com/s/files/1/0668/0861/1129/files/file_5217133d-716c-40e8-be59-6cb7df7f4e4c.jpg?v=1754879395,1,302,false,,,,,,,,,,,,,,,,,,,,kg,,,active
sweets-nz-chocky-peanut-butter-bar-50g-x-30ct,,,,,,,,,Shipper (2 Outer),,,,,,,,302_Shipper,0.0,shopify,9,deny,manual,67.00,,true,true,,,,,,,,,,,,,,,,,,,,,,,,,,,,,kg,,,
double-salt-licorice-1kg-x-5ct,Double Salt Licorice 1Kg x 5ct,"",DutchRusk,"Food, Beverages & Tobacco > Food Items > Candy & Chocolate","","1kg, Bulk Gummies and Lollies, Licorice",true,Pack Size,Outer,,,,,,,,30008C_Outer,0.0,shopify,1,deny,manual,21.60,,true,true,,,,,,https://cdn.shopify.com/s/files/1/0668/0861/1129/files/30008CKHDZRONDDBLSALT.jpg?v=1765415864,1,"",false,,,4748,,,,,,,,,,,,,,,,,kg,,,active
double-salt-licorice-1kg-x-5ct,,,,,,,,,Shipper (5 Outer),,,,,,,,30008C_Shipper,0.0,shopify,0,deny,manual,108.00,,true,true,,,,,,,,,,,,,,,,,,,,,,,,,,,,,kg,,,
hubba-bubba-tape-grape-x-12ct,Hubba Bubba Tape Grape x 12ct,"",Mars,Uncategorized,"","Gum, Night n Day Misc, Wrigleys",true,Pack Size,Outer,,,,,,,,251837_Outer,0.0,shopify,72,deny,manual,27.45,,true,true,,,,,,https://cdn.shopify.com/s/files/1/0668/0861/1129/files/file_92efe321-1e85-4585-916d-cf410387bde4.jpg?v=1754879388,1,251837,false,,,,,,,,,,,,,,,,,,,,kg,,,active
hubba-bubba-tape-grape-x-12ct,,,,,,,,,Shipper (12 Outer),,,,,,,,251837_Shipper,0.0,shopify,6,deny,manual,329.40,,true,true,,,,,,,,,,,,,,,,,,,,,,,,,,,,,kg,,,
toxic-waste-smog-balls-theatre-box-100g-x-12ct,Toxic Waste Smog Balls Theatre Box 100g x 12ct,"",DutchRusk,,"","",false,Pack Size,Outer,,,,,,,,21036_Outer,0.0,shopify,0,deny,manual,46.00,,true,true,,,,,,https://cdn.shopify.com/s/files/1/0668/0861/1129/files/file_b94de3e4-0397-4d9d-a4a6-a187921f07a4.jpg?v=1754879369,1,21036,false,,,,,,,,,,,,,,,,,,,,kg,,,draft
nestle-bar-one-52g-x-40ct,Nestle Bar One 52g x 40ct,"",Nestle,Uncategorized,"","hide-shipper, Nestle Single Bars",false,Pack Size,Outer,,,,,,,,2030_Outer,0.0,shopify,0,deny,manual,68.00,,true,true,,,,,,https://cdn.shopify.com/s/files/1/0668/0861/1129/files/file_7676b950-b00e-4a48-ab77-662b54304de2.jpg?v=1754879363,1,2030,false,,,,,,,,,,,,,,,,,,,,kg,,,draft
nestle-tex-bar-40g-x-40ct,Nestle Tex bar 40g x 40ct,"",Nestle,Uncategorized,"","hide-shipper, Nestle Single Bars",true,Pack Size,Outer,,,,,,,,2027_Outer,0.0,shopify,0,deny,manual,68.00,,true,true,,,,,,https://cdn.shopify.com/s/files/1/0668/0861/1129/files/file_c39da35b-538b-4018-a83d-0070f5db8398.jpg?v=1754879360,1,2027,false,,,,,,,,,,,,,,,,,,,,kg,,,active
heartland-kettles-southern-sea-salt-chips-35g-x-24ct,Heartland Kettles Southern Sea Salt Chips 35g x 24ct,"",Heartland,,"","Chips, Snacks",false,Pack Size,Shipper,,,,,,,,1SSS41400_Shipper,0.0,shopify,0,deny,manual,34.00,,true,true,,,,,,https://cdn.shopify.com/s/files/1/0668/0861/1129/files/file_fb10e0ab-b539-43f7-9d6a-e1d7b7e5c009.jpg?v=1754879341,1,1SSS41400,false,,,,,,,,,,,,,,,,,,,,kg,,,draft
heartland-kettles-apple-cider-vinegar-chips-35g-x-24ct,Heartland Kettles Apple Cider Vinegar Chips 35g x 24ct,"",DutchRusk,Uncategorized,"","Chips, Snacks",true,Pack Size,Shipper,,,,,,,,1ACV41401_Shipper,0.0,shopify,13,deny,manual,34.00,,true,true,,,,,,https://cdn.shopify.com/s/files/1/0668/0861/1129/files/file_c0bc7065-b549-4290-9827-5c3fcd4d85db.jpg?v=1754879338,1,1ACV41401,false,,,,,,,,,,,,,,,,,,,,kg,,,active
a-w-root-beer-355ml-x-12ct,A&W Root Beer Vanilla 355ml x 12ct,"",A&W,,"","Drinks, Soda Drinks",true,Pack Size,Tray,,,,,,,,18707_Tray,0.0,shopify,0,deny,manual,27.00,,true,true,,,,,,https://cdn.shopify.com/s/files/1/0668/0861/1129/files/file_7a4795ca-758b-4e9a-b593-f6a51a0b2aef.jpg?v=1754879335,1,18707,false,,,,,,,,,,,,,,,,,,,,kg,,,active
carousel-mint-chews-2kg-x320ct,Carousel Mint Chews 2Kg x320ct,"",Carousel,Uncategorized,"","2kg, Bulk Gummies and Lollies",true,Pack Size,Bag,,,,,,,,1700_Bag,0.0,shopify,21,deny,manual,19.95,,true,true,,,,,,https://cdn.shopify.com/s/files/1/0668/0861/1129/files/file_ec5203a6-6e12-4dd1-8d94-620a11879457.jpg?v=1754879332,1,1700,false,,,,,,,,,,,,,,,,,,,,kg,,,active
carousel-mint-chews-2kg-x320ct,,,,,,,,,Shipper (4 Bag),,,,,,,,1700_Shipper,0.0,shopify,5,deny,manual,79.80,,true,true,,,,,,,,,,,,,,,,,,,,,,,,,,,,,kg,,,
rainbow-1kg-spiders-x-130ct,Rainbow 1kg Spiders x 130ct,"",Rainbow,,"","1kg, Bulk Gummies and Lollies, Night n Day Misc",true,Pack Size,Bag,,,,,,,,15345_Bag,0.0,shopify,0,deny,manual,9.50,,true,true,,,,,,https://cdn.shopify.com/s/files/1/0668/0861/1129/files/file_2b5ba2a7-e66d-40cd-a132-7033c0e548c6.jpg?v=1754879319,1,15345,false,,,,,,,,,,,,,,,,,,,,kg,,,active
rainbow-1kg-spiders-x-130ct,,,,,,,,,Shipper (6 Bag),,,,,,,,15345_Shipper,0.0,shopify,0,deny,manual,57.00,,true,true,,,,,,,,,,,,,,,,,,,,,,,,,,,,,kg,,,
potter-brothers-130g-peanutt-butter-berry-x-10ct,Potter Brothers 130g - Peanut Butter & Berry x 10ct,"",Potter Brothers,Uncategorized,"",show-shipper,true,Pack Size,Bag,,,,,,,,14_Bag,0.0,shopify,0,deny,manual,4.35,,true,true,,,,,,https://cdn.shopify.com/s/files/1/0668/0861/1129/files/14PotterBrothers130g-PeanutButter_Berry.jpg?v=1756697631,1,"",false,,,,,,,,,,,,,,,,,,,,kg,,,active
potter-brothers-130g-peanutt-butter-berry-x-10ct,,,,,,,,,Shipper (10 Bag),,,,,,,,14_Shipper,0.0,shopify,0,deny,manual,43.50,,true,true,,,,,,,,,,,,,,,,,,,,,,,,,,,,,kg,,,
carousel-licorice-allsorts-raspberry-licorice-2kg-x285ct,Carousel Licorice Allsorts RASPBERRY LICORICE 2Kg x285ct,"",Carousel,"Food, Beverages & Tobacco > Food Items > Candy & Chocolate","","2kg, Licorice",true,Pack Size,Bag,,,,,,,,1307_Bag,0.0,shopify,36,deny,manual,27.60,,true,true,,,,,,https://cdn.shopify.com/s/files/1/0668/0861/1129/files/file_6699d6b5-d8c7-4fcd-b378-09bbfcf7fbd8.jpg?v=1754879313,1,1307,false,,,4748,,,,,,,,,,,,,,,,,kg,,,active
carousel-licorice-allsorts-raspberry-licorice-2kg-x285ct,,,,,,,,,Shipper (6 Bag),,,,,,,,1307_Shipper,0.0,shopify,6,deny,manual,165.60,,true,true,,,,,,,,,,,,,,,,,,,,,,,,,,,,,kg,,,
buzzy-tattoo-bubble-gum-tribal-strawberry-x-90ct,Buzzy Tattoo Bubble Gum - Tribal Strawberry x 90ct,"",DutchRusk,,"","Gum, Novelty",true,Pack Size,Outer,,,,,,,,12748_Outer,0.0,shopify,53,deny,manual,8.10,,true,true,,,,,,https://cdn.shopify.com/s/files/1/0668/0861/1129/files/file_5336b083-7dd2-4bdf-bf94-7b855e76d3ae.jpg?v=1754879310,1,12748,false,,,,,,,,,,,,,,,,,,,,kg,,,active
buzzy-tattoo-bubble-gum-tribal-strawberry-x-90ct,,,,,,,,,Shipper (20 Outer),,,,,,,,12748_Shipper,0.0,shopify,2,deny,manual,162.00,,true,true,,,,,,,,,,,,,,,,,,,,,,,,,,,,,kg,,,
buzzy-tattoo-bubble-gum-tribal-tutti-fruitti-x-90ct,Buzzy Tattoo Bubble Gum - Tribal Tutti Fruitti x 90ct,"",DutchRusk,,"","Gum, Novelty",true,Pack Size,Outer,,,,,,,,12746_Outer,0.0,shopify,32,deny,manual,8.10,,true,true,,,,,,https://cdn.shopify.com/s/files/1/0668/0861/1129/files/file_2398a497-0543-471b-b886-87e6734934f7.jpg?v=1754879307,1,12746,false,,,,,,,,,,,,,,,,,,,,kg,,,active
buzzy-tattoo-bubble-gum-tribal-tutti-fruitti-x-90ct,,,,,,,,,Shipper (20 Outer),,,,,,,,12746_Shipper,0.0,shopify,1,deny,manual,162.00,,true,true,,,,,,,,,,,,,,,,,,,,,,,,,,,,,kg,,,
pop-mania-lollipops-14g-sour-cherry-x-48ct,Pop Mania Lollipops 14g - Sour Cherry x 48ct,"",Riclan,,"","hide-shipper, Lollipops, Novelty, Pop Mania",true,Pack Size,Bag,,,,,,,,12742_Bag,0.0,shopify,43,deny,manual,5.40,,true,true,,,,,,https://cdn.shopify.com/s/files/1/0668/0861/1129/files/file_3c152636-880b-4d8b-9189-24529c55f482.jpg?v=1754879305,1,12742,false,,,,,,,,,,,,,,,,,,,,kg,,,active
pop-mania-lollipops-14g-sour-cherry-x-48ct,,,,,,,,,Shipper (16 Bag),,,,,,,,12742_Shipper,0.0,shopify,2,deny,manual,86.40,,true,true,,,,,,,,,,,,,,,,,,,,,,,,,,,,,kg,,,
pop-mania-lollipops-14g-tongue-painter-strawberry-x-48ct,Pop Mania Lollipops 14g Tongue Painter - Strawberry x 48ct,"",Riclan,,"","hide-shipper, Lollipops, Novelty, Pop Mania",true,Pack Size,Bag,,,,,,,,12739_Bag,0.0,shopify,107,deny,manual,5.40,,true,true,,,,,,https://cdn.shopify.com/s/files/1/0668/0861/1129/files/file_62ea9596-ffa0-4d58-9696-ce4cdf410a05.jpg?v=1754879302,1,12739,false,,,,,,,,,,,,,,,,,,,,kg,,,active
pop-mania-lollipops-14g-tongue-painter-strawberry-x-48ct,,,,,,,,,Shipper (16 Bag),,,,,,,,12739_Shipper,0.0,shopify,6,deny,manual,86.40,,true,true,,,,,,,,,,,,,,,,,,,,,,,,,,,,,kg,,,
pop-mania-lollipops-14g-assorted-fruits-x-48ct,Pop Mania Lollipops 14g - Assorted Fruits x 48ct,"",Riclan,,"","hide-shipper, Lollipops, Novelty, Pop Mania",true,Pack Size,Bag,,,,,,,,12737_Bag,0.0,shopify,0,deny,manual,5.40,,true,true,,,,,,https://cdn.shopify.com/s/files/1/0668/0861/1129/files/file_07757c6a-3f43-4e72-b7c4-aadbee6694cb.jpg?v=1754879299,1,12737,false,,,,,,,,,,,,,,,,,,,,kg,,,active
pop-mania-lollipops-14g-assorted-fruits-x-48ct,,,,,,,,,Shipper (16 Bag),,,,,,,,12737_Shipper,0.0,shopify,0,deny,manual,86.40,,true,true,,,,,,,,,,,,,,,,,,,,,,,,,,,,,kg,,,
nestle-aero-strawberry-kingsize-60g-x-24ct,Nestle Aero Strawberry Kingsize 60g x 24ct,"",Nestle,Uncategorized,"","Nestle Share Bar Chocolates, Night n Day Misc",true,Pack Size,Outer,,,,,,,,12605223_Outer,0.0,shopify,94,deny,manual,66.00,,true,true,,,,,,https://cdn.shopify.com/s/files/1/0668/0861/1129/files/file_6c0942e6-93bd-4f94-b9da-0c6c230baf3a.jpg?v=1754879296,1,12605223,false,,,,,,,,,,,,,,,,,,,,kg,,,active
nestle-aero-strawberry-kingsize-60g-x-24ct,,,,,,,,,Shipper (6 Outer),,,,,,,,12605223_Shipper,0.0,shopify,15,deny,manual,396.00,,true,true,,,,,,,,,,,,,,,,,,,,,,,,,,,,,kg,,,
nestle-block-aero-strawberry-block-118g-x-12ct,Nestle Block - Aero Strawberry Block 118g x 12ct,"",Nestle,"Food, Beverages & Tobacco > Food Items > Candy & Chocolate > Chocolate","","Chocolate Blocks, hide-block, hide-shipper, Night n Day Misc",true,Pack Size,Block,,,,,,,,12605199_Block,0.0,shopify,77,deny,manual,5.78,,true,true,,,,,,https://cdn.shopify.com/s/files/1/0668/0861/1129/files/file_8239c7bb-4528-4294-a8b3-82b35d917d90.jpg?v=1754879294,1,12605199,false,,,4748,,,,,,,,,,,,,,,,,kg,,,active
nestle-block-aero-strawberry-block-118g-x-12ct,,,,,,,,,Outer (12 Block),,,,,,,,12605199_Outer,0.0,shopify,6,deny,manual,69.36,,true,true,,,,,,,,,,,,,,,,,,,,,,,,,,,,,kg,,,
nestle-block-aero-strawberry-block-118g-x-12ct,,,,,,,,,Shipper (60 Block),,,,,,,,12605199_Shipper,0.0,shopify,1,deny,manual,346.80,,true,true,,,,,,,,,,,,,,,,,,,,,,,,,,,,,kg,,,
nestle-kit-kat-4-finger-mint-crush-kingsize-65g-x-24ct,Nestle Kit Kat 4 Finger Mint Crush Kingsize 65g x 24ct,"",Nestle,,"","Nestle Share Bar Chocolates, Night n Day Misc",true,Pack Size,Outer,,,,,,,,12603341_Outer,0.0,shopify,0,deny,manual,66.00,,true,true,,,,,,https://cdn.shopify.com/s/files/1/0668/0861/1129/files/file_a31e28ad-7f85-4564-9cb3-89397c8903ce.jpg?v=1754879291,1,12603341,false,,,,,,,,,,,,,,,,,,,,kg,,,active
nestle-kit-kat-4-finger-mint-crush-kingsize-65g-x-24ct,,,,,,,,,Shipper (6 Outer),,,,,,,,12603341_Shipper,0.0,shopify,0,deny,manual,396.00,,true,true,,,,,,,,,,,,,,,,,,,,,,,,,,,,,kg,,,
nestle-kit-kat-chunky-48g-x36ct,Nestle Kit Kat Chunky 48g x 36ct,"",Nestle,Uncategorized,"","hide-shipper, Nestle Single Bars, Night n Day Misc",true,Pack Size,Outer,,,,,,,,12601775_Outer,0.0,shopify,66,deny,manual,67.50,,true,true,,,,,,https://cdn.shopify.com/s/files/1/0668/0861/1129/files/file_e34f3b8a-f678-498e-b623-cdb0984c2550.jpg?v=1754879289,1,12601775,false,,,,,,,,,,,,,,,,,,,,kg,,,active
nestle-kit-kat-chunky-48g-x36ct,,,,,,,,,Shipper (6 Outer),,,,,,,,12601775_Shipper,0.0,shopify,11,deny,manual,405.00,,true,true,,,,,,,,,,,,,,,,,,,,,,,,,,,,,kg,,,
nestle-milkybar-chunky-44g-x42ct,Nestle Milkybar Chunky 44g x 42ct,"",Nestle,,"","hide-shipper, Nestle Single Bars, Night n Day Misc",true,Pack Size,Outer,,,,,,,,12600948_Outer,0.0,shopify,33,deny,manual,78.80,,true,true,,,,,,https://cdn.shopify.com/s/files/1/0668/0861/1129/files/file_76c084ea-53a7-43f6-9a9f-ebc9f618e779.jpg?v=1754879286,1,12600948,false,,,,,,,,,,,,,,,,,,,,kg,,,active
nestle-milkybar-chunky-44g-x42ct,,,,,,,,,Shipper (6 Outer),,,,,,,,12600948_Shipper,0.0,shopify,5,deny,manual,472.80,,true,true,,,,,,,,,,,,,,,,,,,,,,,,,,,,,kg,,,
freegells-vitamin-c-drops,Freegells Vitamin C Drops,"",Riclan,,"","Freegells, Health",true,Pack Size,Bag,,,,,,,,12600_Bag,0.0,shopify,30,deny,manual,3.72,,true,true,,,,,,https://cdn.shopify.com/s/files/1/0668/0861/1129/files/file_76891f48-886e-4dbe-acb7-55abc1ea895d.jpg?v=1754879282,1,12600,false,,,,,,,,,,,,,,,,,,,,kg,,,active
freegells-vitamin-c-drops,,,,,,,,,Shipper (9 Bag),,,,,,,,12600_Shipper,0.0,shopify,3,deny,manual,33.48,,true,true,,,,,,,,,,,,,,,,,,,,,,,,,,,,,kg,,,
nestle-kit-kat-4-finger-neapolitan-42g-x48ct,Nestle Kit Kat 4 Finger NEAPOLITAN 42g x48ct,"",Nestle,,"","hide-shipper, Nestle Single Bars, Night n Day Misc",true,Pack Size,Outer,,,,,,,,12599769_Outer,0.0,shopify,3,deny,manual,90.00,,true,true,,,,,,https://cdn.shopify.com/s/files/1/0668/0861/1129/files/file_5857b1eb-8e7d-4b9a-b1ed-08c8efcd24b8.jpg?v=1754879280,1,12599769,false,,,,,,,,,,,,,,,,,,,,kg,,,active
nestle-kit-kat-4-finger-neapolitan-42g-x48ct,,,,,,,,,Shipper (6 Outer),,,,,,,,12599769_Shipper,0.0,shopify,0,deny,manual,540.00,,true,true,,,,,,,,,,,,,,,,,,,,,,,,,,,,,kg,,,
nestle-block-kit-kat-160g-neapolitan-x-12ct,Nestle Block - Kit Kat 160g NEAPOLITAN  x 12ct,"",Nestle,,"","Chocolate Blocks, hide-block, hide-shipper, Night n Day Misc",true,Pack Size,Block,,,,,,,,12599159_Block,0.0,shopify,0,deny,manual,5.78,,true,true,,,,,,https://cdn.shopify.com/s/files/1/0668/0861/1129/files/file_d6270048-104b-444b-958d-2fe9158b19f5.jpg?v=1754879277,1,12599159,false,,,,,,,,,,,,,,,,,,,,kg,,,active
nestle-block-kit-kat-160g-neapolitan-x-12ct,,,,,,,,,Outer (12 Block),,,,,,,,12599159_Outer,0.0,shopify,0,deny,manual,69.36,,true,true,,,,,,,,,,,,,,,,,,,,,,,,,,,,,kg,,,
nestle-block-kit-kat-160g-neapolitan-x-12ct,,,,,,,,,Shipper (72 Block),,,,,,,,12599159_Shipper,0.0,shopify,0,deny,manual,416.16,,true,true,,,,,,,,,,,,,,,,,,,,,,,,,,,,,kg,,,
nestle-block-aero-milkybar-block-118g-x-12ct,Nestle Block - Aero Milkybar Block 118g x 12ct,"",Nestle,,"","Chocolate Blocks, hide-block, hide-shipper, Night n Day Misc",true,Pack Size,Block,,,,,,,,12592043_Block,0.0,shopify,97,deny,manual,5.78,,true,true,,,,,,https://cdn.shopify.com/s/files/1/0668/0861/1129/files/file_03465e7b-3f83-4d22-9e52-9e2796fd1945.jpg?v=1754879274,1,12592043,false,,,,,,,,,,,,,,,,,,,,kg,,,active
nestle-block-aero-milkybar-block-118g-x-12ct,,,,,,,,,Outer (12 Block),,,,,,,,12592043_Outer,0.0,shopify,8,deny,manual,69.36,,true,true,,,,,,,,,,,,,,,,,,,,,,,,,,,,,kg,,,
nestle-block-aero-milkybar-block-118g-x-12ct,,,,,,,,,Shipper (60 Block),,,,,,,,12592043_Shipper,0.0,shopify,1,deny,manual,346.80,,true,true,,,,,,,,,,,,,,,,,,,,,,,,,,,,,kg,,,
nestle-block-aero-milk-choc-block-118g-x-12ct,Nestle Block - Aero Milk Choc Block 118g x 12ct,"",Nestle,,"","Chocolate Blocks, hide-block, hide-shipper, Night n Day Misc",true,Pack Size,Block,,,,,,,,12592019_Block,0.0,shopify,63,deny,manual,5.78,,true,true,,,,,,https://cdn.shopify.com/s/files/1/0668/0861/1129/files/file_41e250ed-58dd-4489-bf2d-99679fee2ecd.jpg?v=1754879271,1,12592019,false,,,,,,,,,,,,,,,,,,,,kg,,,active
nestle-block-aero-milk-choc-block-118g-x-12ct,,,,,,,,,Outer (12 Block),,,,,,,,12592019_Outer,0.0,shopify,5,deny,manual,69.36,,true,true,,,,,,,,,,,,,,,,,,,,,,,,,,,,,kg,,,
nestle-block-aero-milk-choc-block-118g-x-12ct,,,,,,,,,Shipper (60 Block),,,,,,,,12592019_Shipper,0.0,shopify,1,deny,manual,346.80,,true,true,,,,,,,,,,,,,,,,,,,,,,,,,,,,,kg,,,
nestle-kit-kat-4-finger-42g-x48ct,Nestle Kit Kat 4 Finger 42g x 48ct,"",Nestle,,"","hide-shipper, Nestle Single Bars, Night n Day Misc",true,Pack Size,Outer,,,,,,,,12578966_Outer,0.0,shopify,117,deny,manual,90.00,,true,true,,,,,,https://cdn.shopify.com/s/files/1/0668/0861/1129/files/file_a1037210-fb9c-4505-a5e1-4e561c098820.jpg?v=1754879266,1,12578966,false,,,,,,,,,,,,,,,,,,,,kg,,,active
nestle-kit-kat-4-finger-42g-x48ct,,,,,,,,,Shipper (6 Outer),,,,,,,,12578966_Shipper,0.0,shopify,19,deny,manual,540.00,,true,true,,,,,,,,,,,,,,,,,,,,,,,,,,,,,kg,,,
nestle-kit-kat-4-finger-honeycomb-kingsize-65g-x24ct,Nestle Kit Kat 4 Finger Honeycomb Kingsize 65g x 24ct,"",Nestle,Uncategorized,"","Nestle Share Bar Chocolates, Night n Day Misc",true,Pack Size,Outer,,,,,,,,12578958_Outer,0.0,shopify,0,deny,manual,66.00,,true,true,,,,,,https://cdn.shopify.com/s/files/1/0668/0861/1129/files/file_ee11e746-a99a-4991-899d-9fbedc4ad699.jpg?v=1754879263,1,12578958,false,,,,,,,,,,,,,,,,,,,,kg,,,active
nestle-kit-kat-4-finger-honeycomb-kingsize-65g-x24ct,,,,,,,,,Shipper (6 Outer),,,,,,,,12578958_Shipper,0.0,shopify,0,deny,manual,396.00,,true,true,,,,,,,,,,,,,,,,,,,,,,,,,,,,,kg,,,
nestle-kit-kat-chunky-cookie-dough-45g-x-36ct,Nestle Kit Kat Chunky Cookie Dough 45g x 36ct,"",Nestle,Uncategorized,"","hide-shipper, Nestle Single Bars, Night n Day Misc",true,Pack Size,Outer,,,,,,,,12574894_Outer,0.0,shopify,47,deny,manual,67.50,,true,true,,,,,,https://cdn.shopify.com/s/files/1/0668/0861/1129/files/file_8d5be3cd-6ef2-4a0a-99d9-32ff167ecbb4.jpg?v=1754879260,1,12574894,false,,,,,,,,,,,,,,,,,,,,kg,,,active
nestle-kit-kat-chunky-cookie-dough-45g-x-36ct,,,,,,,,,Shipper (6 Outer),,,,,,,,12574894_Shipper,0.0,shopify,7,deny,manual,405.00,,true,true,,,,,,,,,,,,,,,,,,,,,,,,,,,,,kg,,,
nestle-block-cookie-dough-170g-x-13ct,Nestle Block - Kit Kat Cookie Dough 170g x 13ct,"",Nestle,Uncategorized,"","Chocolate Blocks, hide-block, hide-shipper, Night n Day Misc",true,Pack Size,Block,,,,,,,,12555861_Block,0.0,shopify,111,deny,manual,5.78,,true,true,,,,,,https://cdn.shopify.com/s/files/1/0668/0861/1129/files/file_35300e57-0d30-4556-ba1c-bd45358a1102.jpg?v=1754879258,1,12555861,false,,,,,,,,,,,,,,,,,,,,kg,,,active
nestle-block-cookie-dough-170g-x-13ct,,,,,,,,,Outer (13 Block),,,,,,,,12555861_Outer,0.0,shopify,8,deny,manual,75.14,,true,true,,,,,,,,,,,,,,,,,,,,,,,,,,,,,kg,,,
nestle-block-milky-bar-170g-x-12ct,Nestle Block - Milky Bar 170g x 12ct,"",Nestle,,"","Chocolate Blocks, hide-block, hide-shipper, Night n Day Misc",true,Pack Size,Block,,,,,,,,12549564_Block,0.0,shopify,75,deny,manual,5.78,,true,true,,,,,,https://cdn.shopify.com/s/files/1/0668/0861/1129/files/file_7ea7bc9d-cfa7-4a7e-aeba-e1b0da18d7b2.jpg?v=1754879255,1,12549564,false,,,,,,,,,,,,,,,,,,,,kg,,,active
nestle-block-milky-bar-170g-x-12ct,,,,,,,,,Outer (12 Block),,,,,,,,12549564_Outer,0.0,shopify,6,deny,manual,69.36,,true,true,,,,,,,,,,,,,,,,,,,,,,,,,,,,,kg,,,
nestle-block-milky-bar-170g-x-12ct,,,,,,,,,Shipper (60 Block),,,,,,,,12549564_Shipper,0.0,shopify,1,deny,manual,346.80,,true,true,,,,,,,,,,,,,,,,,,,,,,,,,,,,,kg,,,
freegells-cough-drops-eucalyptus,Freegells Cough Drops - Eucalyptus,"",Riclan,,"","Freegells, Health",true,Pack Size,Bag,,,,,,,,12546_Bag,0.0,shopify,18,deny,manual,3.72,,true,true,,,,,,https://cdn.shopify.com/s/files/1/0668/0861/1129/files/file_11ae80d0-f681-4219-a347-829cbc52bf44.jpg?v=1754879252,1,12546,false,,,,,,,,,,,,,,,,,,,,kg,,,active
freegells-cough-drops-eucalyptus,,,,,,,,,Shipper (9 Bag),,,,,,,,12546_Shipper,0.0,shopify,2,deny,manual,33.48,,true,true,,,,,,,,,,,,,,,,,,,,,,,,,,,,,kg,,,
freegells-cough-drops-cherry,Freegells Cough Drops - Cherry,"",Riclan,,"","Freegells, Health",true,Pack Size,Bag,,,,,,,,12545_Bag,0.0,shopify,58,deny,manual,3.72,,true,true,,,,,,https://cdn.shopify.com/s/files/1/0668/0861/1129/files/file_30875d47-68da-4582-8222-c21f123d6b3c.jpg?v=1754879250,1,12545,false,,,,,,,,,,,,,,,,,,,,kg,,,active
freegells-cough-drops-cherry,,,,,,,,,Shipper (9 Bag),,,,,,,,12545_Shipper,0.0,shopify,6,deny,manual,33.48,,true,true,,,,,,,,,,,,,,,,,,,,,,,,,,,,,kg,,,
freegells-cough-drops-honey-lemon,Freegells Cough Drops - Honey Lemon,"",Riclan,,"","Freegells, Health",true,Pack Size,Bag,,,,,,,,12544_Bag,0.0,shopify,0,deny,manual,3.72,,true,true,,,,,,https://cdn.shopify.com/s/files/1/0668/0861/1129/files/file_cf25e2de-4cc6-4228-bbcd-65dfe4de762d.jpg?v=1754879247,1,12544,false,,,,,,,,,,,,,,,,,,,,kg,,,active
freegells-cough-drops-honey-lemon,,,,,,,,,Shipper (9 Bag),,,,,,,,12544_Shipper,0.0,shopify,0,deny,manual,33.48,,true,true,,,,,,,,,,,,,,,,,,,,,,,,,,,,,kg,,,
nestle-block-aero-peppermint-block-118g-x-12ct,Nestle Block - Aero Peppermint Block 118g x 12ct,"",Nestle,,"","Chocolate Blocks, hide-block, hide-shipper, Night n Day Misc",true,Pack Size,Block,,,,,,,,12494730_Block,0.0,shopify,69,deny,manual,5.78,,true,true,,,,,,https://cdn.shopify.com/s/files/1/0668/0861/1129/files/file_7c779d3e-af2a-4567-bc70-37f45798d590.jpg?v=1754879244,1,12494730,false,,,,,,,,,,,,,,,,,,,,kg,,,active
nestle-block-aero-peppermint-block-118g-x-12ct,,,,,,,,,Outer (12 Block),,,,,,,,12494730_Outer,0.0,shopify,5,deny,manual,69.36,,true,true,,,,,,,,,,,,,,,,,,,,,,,,,,,,,kg,,,
nestle-block-aero-peppermint-block-118g-x-12ct,,,,,,,,,Shipper (60 Block),,,,,,,,12494730_Shipper,0.0,shopify,1,deny,manual,346.80,,true,true,,,,,,,,,,,,,,,,,,,,,,,,,,,,,kg,,,
pop-mania-maxxi-lollipops-28g-watermelon-x-24ct,Pop Mania Maxxi Lollipops 28g - Watermelon x 24ct,"",Riclan,,"","hide-shipper, Lollipops, Novelty, Pop Mania",true,Pack Size,Bag,,,,,,,,12279_Bag,0.0,shopify,30,deny,manual,5.20,,true,true,,,,,,https://cdn.shopify.com/s/files/1/0668/0861/1129/files/file_a26a0924-1397-41e5-a1e9-ff11005a01b7.jpg?v=1754879239,1,12279,false,,,,,,,,,,,,,,,,,,,,kg,,,active
pop-mania-maxxi-lollipops-28g-watermelon-x-24ct,,,,,,,,,Shipper (12 Bag),,,,,,,,12279_Shipper,0.0,shopify,2,deny,manual,62.40,,true,true,,,,,,,,,,,,,,,,,,,,,,,,,,,,,kg,,,
musashi-high-protein-milk-choc-brownie-90g-x-12ct,Musashi High Protein Bar Choc Brownie - 90g x 12ct,"",Musashi,Uncategorized,"","Musashi, Protein Bars",true,Pack Size,Outer,,,,,,,,12278907_Outer,0.0,shopify,2,deny,manual,61.94,,true,true,,,,,,https://cdn.shopify.com/s/files/1/0668/0861/1129/files/12278907MusashiHighProteinChocBrownie.jpg?v=1762804406,1,"",false,,,,,,,,,,,,,,,,,,,,kg,,,active
musashi-high-protein-milk-choc-brownie-90g-x-12ct,,,,,,,,,Shipper (9 Outer),,,,,,,,12278907_Shipper,0.0,shopify,0,deny,manual,557.46,,true,true,,,,,,,,,,,,,,,,,,,,,,,,,,,,,kg,,,
nestle-aero-peppermint-kingsize-60g-x-24ct,Nestle Aero Peppermint Kingsize 60g x 24ct,"",Nestle,Uncategorized,"","Nestle Share Bar Chocolates, Night n Day Misc",true,Pack Size,Outer,,,,,,,,12149617_Outer,0.0,shopify,30,deny,manual,66.00,,true,true,,,,,,https://cdn.shopify.com/s/files/1/0668/0861/1129/files/file_229fd04c-5347-41c9-b4a6-7c6893a49b58.jpg?v=1754879234,1,12149617,false,,,,,,,,,,,,,,,,,,,,kg,,,active
nestle-aero-peppermint-kingsize-60g-x-24ct,,,,,,,,,Shipper (6 Outer),,,,,,,,12149617_Shipper,0.0,shopify,5,deny,manual,396.00,,true,true,,,,,,,,,,,,,,,,,,,,,,,,,,,,,kg,,,
freegells-stickpack-honey-27-9g-x-12ct,Freegells Stickpack - Honey Menthol  27.9g x 12ct,"",Riclan,,"","Freegells, Health",true,Pack Size,Outer,,,,,,,,12085_Outer,0.0,shopify,98,deny,manual,6.83,,true,true,,,,,,https://cdn.shopify.com/s/files/1/0668/0861/1129/files/file_33641f89-499d-4e15-9d72-efd259888546.jpg?v=1754879231,1,12085,false,,,,,,,,,,,,,,,,,,,,kg,,,active
freegells-stickpack-honey-27-9g-x-12ct,,,,,,,,,Shipper (36 Outer),,,,,,,,12085_Shipper,0.0,shopify,2,deny,manual,245.88,,true,true,,,,,,,,,,,,,,,,,,,,,,,,,,,,,kg,,,
freegells-stickpack-extra-strong-27-9g-x-12ct,Freegells Stickpack - Extra Strong  27.9g x 12ct,"",Riclan,,"","Freegells, Health",true,Pack Size,Outer,,,,,,,,11996_Outer,0.0,shopify,125,deny,manual,6.83,,true,true,,,,,,https://cdn.shopify.com/s/files/1/0668/0861/1129/files/file_f2a8deb7-3b7f-433b-8117-e98880ef8250.jpg?v=1754879226,1,11996,false,,,,,,,,,,,,,,,,,,,,kg,,,active
freegells-stickpack-extra-strong-27-9g-x-12ct,,,,,,,,,Shipper (36 Outer),,,,,,,,11996_Shipper,0.0,shopify,3,deny,manual,245.88,,true,true,,,,,,,,,,,,,,,,,,,,,,,,,,,,,kg,,,
freegells-stickpack-eycalyptus-27-9g-x-12ct,Freegells Stickpack - Eycalyptus Menthol 27.9g x 12ct,"",Riclan,,"","Freegells, Health",true,Pack Size,Outer,,,,,,,,11995_Outer,0.0,shopify,121,deny,manual,6.83,,true,true,,,,,,https://cdn.shopify.com/s/files/1/0668/0861/1129/files/file_9d1ea285-d404-41c2-8f38-444e7a85c4e7.jpg?v=1754879223,1,11995,false,,,,,,,,,,,,,,,,,,,,kg,,,active
freegells-stickpack-eycalyptus-27-9g-x-12ct,,,,,,,,,Shipper (36 Outer),,,,,,,,11995_Shipper,0.0,shopify,3,deny,manual,245.88,,true,true,,,,,,,,,,,,,,,,,,,,,,,,,,,,,kg,,,
freegells-stickpack-cherry-27-9g-x-12ct,Freegells Stickpack - Cherry Menthol 27.9g x 12ct,"",Riclan,,"","Freegells, Health",true,Pack Size,Outer,,,,,,,,11994_Outer,0.0,shopify,130,deny,manual,6.83,,true,true,,,,,,https://cdn.shopify.com/s/files/1/0668/0861/1129/files/file_fea87a3d-6d32-4ba4-9df4-ed75452093fb.jpg?v=1754879220,1,11994,false,,,,,,,,,,,,,,,,,,,,kg,,,active
freegells-stickpack-cherry-27-9g-x-12ct,,,,,,,,,Shipper (36 Outer),,,,,,,,11994_Shipper,0.0,shopify,3,deny,manual,245.88,,true,true,,,,,,,,,,,,,,,,,,,,,,,,,,,,,kg,,,
gomutcho-strawberry-1kg,Gomutcho Strawberry 1kg,"",Riclan,Uncategorized,"","1kg, Bulk Gummies and Lollies",true,Pack Size,Bag,,,,,,,,11939_Bag,0.0,shopify,90,deny,manual,6.40,,true,true,,,,,,https://cdn.shopify.com/s/files/1/0668/0861/1129/files/11939Strawberry.jpg?v=1755131827,1,"",false,,,,,,,,,,,,,,,,,,,,kg,,,active
gomutcho-strawberry-1kg,,,,,,,,,Shipper (10 Bag),,,,,,,,11939_Shipper,0.0,shopify,9,deny,manual,64.00,,true,true,,,,,,,,,,,,,,,,,,,,,,,,,,,,,kg,,,
freegells-gum-cherry-8g-x-15ct,Freegells Gum  - Cherry 8g x 15ct,"",Riclan,,"","Freegells, Gum",false,Pack Size,Outer,,,,,,,,11888_Outer,0.0,shopify,0,deny,manual,5.72,,true,true,,,,,,https://cdn.shopify.com/s/files/1/0668/0861/1129/files/file_f30c1b1a-8f79-4356-acf8-022b10b15cad.jpg?v=1754879217,1,11888,false,,,,,,,,,,,,,,,,,,,,kg,,,draft
freegells-gum-cherry-8g-x-15ct,,,,,,,,,Shipper (12 Outer),,,,,,,,11888_Shipper,0.0,shopify,0,deny,manual,68.64,,true,true,,,,,,,,,,,,,,,,,,,,,,,,,,,,,kg,,,
freegells-gum-tutti-frutti-8g-x-15ct,Freegells Gum  - Tutti Frutti 8g x 15ct,"",Riclan,,"","Freegells, Gum",false,Pack Size,Outer,,,,,,,,11886_Outer,0.0,shopify,0,deny,manual,5.72,,true,true,,,,,,https://cdn.shopify.com/s/files/1/0668/0861/1129/files/file_35270137-caf6-4797-945a-73004edbf43b.jpg?v=1754879214,1,11886,false,,,,,,,,,,,,,,,,,,,,kg,,,draft
freegells-gum-tutti-frutti-8g-x-15ct,,,,,,,,,Shipper (12 Outer),,,,,,,,11886_Shipper,0.0,shopify,0,deny,manual,68.64,,true,true,,,,,,,,,,,,,,,,,,,,,,,,,,,,,kg,,,
freegells-gum-strawberry-8g-x-15ct,Freegells Gum  - Strawberry 8g x 15ct,"",Riclan,,"","Freegells, Gum",false,Pack Size,Outer,,,,,,,,11885_Outer,0.0,shopify,0,deny,manual,5.72,,true,true,,,,,,https://cdn.shopify.com/s/files/1/0668/0861/1129/files/file_812e0b3a-ab70-44bf-8503-974111665245.jpg?v=1754879211,1,11885,false,,,,,,,,,,,,,,,,,,,,kg,,,draft
freegells-gum-strawberry-8g-x-15ct,,,,,,,,,Shipper (12 Outer),,,,,,,,11885_Shipper,0.0,shopify,0,deny,manual,68.64,,true,true,,,,,,,,,,,,,,,,,,,,,,,,,,,,,kg,,,
freegells-gum-mint-green-8g-x-15ct,Freegells Gum  - Mint (GREEN) 8g x 15ct,"",Riclan,,"","Freegells, Gum",false,Pack Size,Outer,,,,,,,,11884_Outer,0.0,shopify,0,deny,manual,5.72,,true,true,,,,,,https://cdn.shopify.com/s/files/1/0668/0861/1129/files/file_5ba6f776-a961-48e9-aee2-69f6fda3229e.jpg?v=1754879208,1,11884,false,,,,,,,,,,,,,,,,,,,,kg,,,draft
freegells-gum-mint-green-8g-x-15ct,,,,,,,,,Shipper (12 Outer),,,,,,,,11884_Shipper,0.0,shopify,0,deny,manual,68.64,,true,true,,,,,,,,,,,,,,,,,,,,,,,,,,,,,kg,,,
freegells-gum-spearmint-blue-8g-x-15ct,Freegells Gum  - Spearmint (BLUE) 8g x 15ct,"",Riclan,,"","Freegells, Gum",false,Pack Size,Outer,,,,,,,,11883_Outer,0.0,shopify,0,deny,manual,5.72,,true,true,,,,,,https://cdn.shopify.com/s/files/1/0668/0861/1129/files/file_bc033d84-3ce3-4968-b4cc-23a576ee8cd1.jpg?v=1754879206,1,11883,false,,,,,,,,,,,,,,,,,,,,kg,,,draft
freegells-gum-spearmint-blue-8g-x-15ct,,,,,,,,,Shipper (12 Outer),,,,,,,,11883_Shipper,0.0,shopify,0,deny,manual,68.64,,true,true,,,,,,,,,,,,,,,,,,,,,,,,,,,,,kg,,,
freegells-gum-extra-strong-8g-x-15ct,Freegells Gum  - Extra Strong 8g x 15ct,"",Riclan,,"","Freegells, Gum, Health",true,Pack Size,Outer,,,,,,,,11882_Outer,0.0,shopify,0,deny,manual,5.72,,true,true,,,,,,https://cdn.shopify.com/s/files/1/0668/0861/1129/files/file_86fedde7-8376-40f8-9dc8-f0e1e34bed11.jpg?v=1754879203,1,11882,false,,,,,,,,,,,,,,,,,,,,kg,,,active
freegells-gum-extra-strong-8g-x-15ct,,,,,,,,,Shipper (12 Outer),,,,,,,,11882_Shipper,0.0,shopify,0,deny,manual,68.64,,true,true,,,,,,,,,,,,,,,,,,,,,,,,,,,,,kg,,,
freegells-stickpack-strawberry-choc-27-6g-x-12ct,Freegells Stickpack - Strawberry Choc 27.6g x 12ct,"",Riclan,,"","Freegells, Health",true,Pack Size,Outer,,,,,,,,11879_Outer,0.0,shopify,128,deny,manual,6.83,,true,true,,,,,,https://cdn.shopify.com/s/files/1/0668/0861/1129/files/file_854bf42c-a674-4db7-846f-115fc3ec0eab.jpg?v=1754879200,1,11879,false,,,,,,,,,,,,,,,,,,,,kg,,,active
freegells-stickpack-strawberry-choc-27-6g-x-12ct,,,,,,,,,Shipper (36 Outer),,,,,,,,11879_Shipper,0.0,shopify,3,deny,manual,245.88,,true,true,,,,,,,,,,,,,,,,,,,,,,,,,,,,,kg,,,
pop-mania-maxxi-lollipops-28g-green-apple-x-24ct,Pop Mania Maxxi Lollipops 28g - Green Apple x 24ct,"",Riclan,,"","hide-shipper, Lollipops, Novelty, Pop Mania",true,Pack Size,Bag,,,,,,,,11818_Bag,0.0,shopify,60,deny,manual,5.20,,true,true,,,,,,https://cdn.shopify.com/s/files/1/0668/0861/1129/files/file_c97e4167-346e-4997-a6f0-df396759a0b6.jpg?v=1754879198,1,11818,false,,,,,,,,,,,,,,,,,,,,kg,,,active
pop-mania-maxxi-lollipops-28g-green-apple-x-24ct,,,,,,,,,Shipper (12 Bag),,,,,,,,11818_Shipper,0.0,shopify,5,deny,manual,62.40,,true,true,,,,,,,,,,,,,,,,,,,,,,,,,,,,,kg,,,
buzzy-croc-bubble-gum-grape-x-40ct,Buzzy Croc Bubble Gum - Grape x 40ct,"",Riclan,,"","Buzzy Crocs, Gum, Novelty",true,Pack Size,Outer,,,,,,,,11544_Outer,0.0,shopify,208,deny,manual,4.99,,true,true,,,,,,https://cdn.shopify.com/s/files/1/0668/0861/1129/files/file_adfac0cb-e09e-4407-b771-72f8ed782b76.jpg?v=1754879195,1,11544,false,,,,,,,,,,,,,,,,,,,,kg,,,active
buzzy-croc-bubble-gum-grape-x-40ct,,,,,,,,,Shipper (20 Outer),,,,,,,,11544_Shipper,0.0,shopify,10,deny,manual,99.80,,true,true,,,,,,,,,,,,,,,,,,,,,,,,,,,,,kg,,,
pop-mania-maxxi-lollipops-28g-strawberry-x-24ct,Pop Mania Maxxi Lollipops 28g - Strawberry x 24ct,"",Riclan,,"","hide-shipper, Lollipops, Novelty, Pop Mania",true,Pack Size,Bag,,,,,,,,11479_Bag,0.0,shopify,57,deny,manual,5.20,,true,true,,,,,,https://cdn.shopify.com/s/files/1/0668/0861/1129/files/file_a0f3ed50-0ca3-4739-8d42-9ac23fdbbeab.jpg?v=1754879192,1,11479,false,,,,,,,,,,,,,,,,,,,,kg,,,active
pop-mania-maxxi-lollipops-28g-strawberry-x-24ct,,,,,,,,,Shipper (12 Bag),,,,,,,,11479_Shipper,0.0,shopify,4,deny,manual,62.40,,true,true,,,,,,,,,,,,,,,,,,,,,,,,,,,,,kg,,,
pop-mania-maxxi-lollipops-28g-tongue-painter-raspberry-x-24ct,Pop Mania Maxxi Lollipops 28g - Tongue Painter Raspberry x 24ct,"",Riclan,,"","hide-shipper, Lollipops, Novelty, Pop Mania",true,Pack Size,Bag,,,,,,,,11478_Bag,0.0,shopify,0,deny,manual,5.20,,true,true,,,,,,https://cdn.shopify.com/s/files/1/0668/0861/1129/files/file_33df8946-829f-49d1-9a54-6d71ba659d59.jpg?v=1754879188,1,11478,false,,,,,,,,,,,,,,,,,,,,kg,,,active
pop-mania-maxxi-lollipops-28g-tongue-painter-raspberry-x-24ct,,,,,,,,,Shipper (12 Bag),,,,,,,,11478_Shipper,0.0,shopify,0,deny,manual,62.40,,true,true,,,,,,,,,,,,,,,,,,,,,,,,,,,,,kg,,,
pop-mania-maxxi-lollipops-28g-cherry-x-24ct,Pop Mania Maxxi Lollipops 28g - Cherry x 24ct,"",Riclan,,"","hide-shipper, Lollipops, Novelty, Pop Mania",true,Pack Size,Bag,,,,,,,,11477_Bag,0.0,shopify,137,deny,manual,5.20,,true,true,,,,,,https://cdn.shopify.com/s/files/1/0668/0861/1129/files/file_90a76c59-f5c5-4e9c-86c2-e76244bc35b0.jpg?v=1754879185,1,11477,false,,,,,,,,,,,,,,,,,,,,kg,,,active
pop-mania-maxxi-lollipops-28g-cherry-x-24ct,,,,,,,,,Shipper (12 Bag),,,,,,,,11477_Shipper,0.0,shopify,11,deny,manual,62.40,,true,true,,,,,,,,,,,,,,,,,,,,,,,,,,,,,kg,,,
gomutcho-assorted-fruit-slices-1kg,Gomutcho Assorted Fruit Slices 1kg,"",Riclan,,"","1kg, Bulk Gummies and Lollies",true,Pack Size,Bag,,,,,,,,11099_Bag,0.0,shopify,100,deny,manual,6.40,,true,true,,,,,,https://cdn.shopify.com/s/files/1/0668/0861/1129/files/file_fa783e85-4465-4932-93e5-cd4d0caa9ff0.jpg?v=1754876636,1,11099,false,,,,,,,,,,,,,,,,,,,,kg,,,active
gomutcho-assorted-fruit-slices-1kg,,,,,,,,,Shipper (10 Bag),,,,,,,,11099_Shipper,0.0,shopify,10,deny,manual,64.00,,true,true,,,,,,https://cdn.shopify.com/s/files/1/0668/0861/1129/files/file_18e9fec9-413c-4e2d-9528-28b8abbdd921.jpg?v=1754879182,2,11099,,,,,,,,,,,,,,,,,,,,,kg,,,
gomutcho-bears-1kg,Gomutcho Bears 1kg,"",Riclan,,"","1kg, Bulk Gummies and Lollies",true,Pack Size,Bag,,,,,,,,11098_Bag,0.0,shopify,12,deny,manual,6.40,,true,true,,,,,,https://cdn.shopify.com/s/files/1/0668/0861/1129/files/file_ce46f63f-6c7c-4de7-8dcf-3624ad1927f9.jpg?v=1754876629,1,11098,false,,,,,,,,,,,,,,,,,,,,kg,,,active
gomutcho-bears-1kg,,,,,,,,,Shipper (10 Bag),,,,,,,,11098_Shipper,0.0,shopify,1,deny,manual,64.00,,true,true,,,,,,,,,,,,,,,,,,,,,,,,,,,,,kg,,,
candy-mix-1-36kg,Candy Mix 1.36kg,"",Riclan,,"",Bulk Gummies and Lollies,true,Pack Size,Bag,,,,,,,,11038_Bag,0.0,shopify,47,deny,manual,11.25,,true,true,,,,,,https://cdn.shopify.com/s/files/1/0668/0861/1129/files/file_c4070c13-5e15-4681-ae7c-310069b9a24d.jpg?v=1754876624,1,11038,false,,,,,,,,,,,,,,,,,,,,kg,,,active
candy-mix-1-36kg,,,,,,,,,Shipper (6 Bag),,,,,,,,11038_Shipper,0.0,shopify,7,deny,manual,67.50,,true,true,,,,,,,,,,,,,,,,,,,,,,,,,,,,,kg,,,
monday-conditioner-350ml-x-24,Monday Conditioner 350ml x 24,"",Monday,,"",Hair Care,false,Pack Size,Shipper,,,,,,,,10462_Shipper,0.0,shopify,0,deny,manual,36.00,,true,true,,,,,,,,,false,,,,,,,,,,,,,,,,,,,,kg,,,draft
big-nuts-60g-roasted-garlic-peanuts-x-30ct,Big Nuts 60g Roasted Garlic Peanuts x 30ct,"",Big Nuts,,"",Snacks,true,Pack Size,Bag,,,,,,,,102777_Bag,0.0,shopify,0,deny,manual,1.80,,true,true,,,,,,https://cdn.shopify.com/s/files/1/0668/0861/1129/files/file_87ce248d-f1d8-4636-b657-70fe796d1b14.jpg?v=1754876590,1,102777,false,,,,,,,,,,,,,,,,,,,,kg,,,active
big-nuts-60g-roasted-garlic-peanuts-x-30ct,,,,,,,,,Shipper (30 Bag),,,,,,,,102777_Shipper,0.0,shopify,0,deny,manual,54.00,,true,true,,,,,,,,,,,,,,,,,,,,,,,,,,,,,kg,,,
big-nuts-300g-garlic-peanuts-x-12ct,Big Nuts 300g Garlic Peanuts x 12ct,"",Big Nuts,,"",Snacks,true,Pack Size,Bag,,,,,,,,102776_Bag,0.0,shopify,28,deny,manual,5.35,,true,true,,,,,,https://cdn.shopify.com/s/files/1/0668/0861/1129/files/file_637ee0c4-44c7-491d-8c5c-7fb4319974d0.jpg?v=1754876584,1,102776,false,,,,,,,,,,,,,,,,,,,,kg,,,active
big-nuts-300g-garlic-peanuts-x-12ct,,,,,,,,,Shipper (12 Bag),,,,,,,,102776_Shipper,0.0,shopify,2,deny,manual,64.20,,true,true,,,,,,,,,,,,,,,,,,,,,,,,,,,,,kg,,,
speculaas-450g-x-15ct,Speculaas 450g x 15ct,"",DutchRusk,,"","",true,Pack Size,Packet,,,,,,,,10151C-1_Packet,0.0,shopify,146,deny,manual,4.99,,true,true,,,,,,https://cdn.shopify.com/s/files/1/0668/0861/1129/files/file_70edd82e-2d07-4b83-bef1-a296e11b0f50.jpg?v=1754876579,1,10151C-1,false,,,,,,,,,,,,,,,,,,,,kg,,,active
speculaas-450g-x-15ct,,,,,,,,,Shipper (15 Packet),,,,,,,,10151C-1_Shipper,0.0,shopify,9,deny,manual,74.85,,true,true,,,,,,,,,,,,,,,,,,,,,,,,,,,,,kg,,,
ctc-ice-cream-ice-block-candy-22g-x-12ct,CTC Ice Cream / Ice Block Candy 22g x 12ct,"",DutchRusk,Uncategorized,"","hide-block, hide-shipper, Novelty",true,Pack Size,Outer,,,,,,,,101303357_Outer,0.0,shopify,17,deny,manual,24.59,,true,true,,,,,,https://cdn.shopify.com/s/files/1/0668/0861/1129/files/file_f8522be0-dc37-4756-9505-35c9d70071e0.jpg?v=1754876574,1,101303357,false,,,,,,,,,,,,,,,,,,,,kg,,,active
tic-tac-cdu,Tic Tac CDU,"",DutchRusk,Uncategorized,"","",true,Pack Size,Each,,,,,,,,101291233_Each,0.0,shopify,0,deny,manual,104.40,,true,true,,,,,,https://cdn.shopify.com/s/files/1/0668/0861/1129/files/file_367a99c7-cf63-4c1d-a4bb-e3ce18850abc.jpg?v=1754876569,1,101291233,false,,,,,,,,,,,,,,,,,,,,kg,,,active
mentos-roll-berry-good-37-5g-x-40ct,Mentos Roll Berry Good 37.5g x 40ct,"",Mentos,,"",Night n Day Misc,true,Pack Size,Outer,,,,,,,,101286111_Outer,0.0,shopify,24,deny,manual,47.33,,true,true,,,,,,https://cdn.shopify.com/s/files/1/0668/0861/1129/files/file_99776b82-c59c-458b-ada1-33a717cf94db.jpg?v=1754876563,1,101286111,false,,,,,,,,,,,,,,,,,,,,kg,,,active
mentos-roll-berry-good-37-5g-x-40ct,,,,,,,,,Shipper (8 Outer),,,,,,,,101286111_Shipper,0.0,shopify,3,deny,manual,378.64,,true,true,,,,,,,,,,,,,,,,,,,,,,,,,,,,,kg,,,
kinder-surprise-joy-20g-x24ct,Kinder Surprise Joy  - Harry Potter 20g x24ct,"",Kinder,,"",Novelty,true,Pack Size,Outer,,,,,,,,101279617_Outer,0.0,shopify,0,deny,manual,66.50,,true,true,,,,,,https://cdn.shopify.com/s/files/1/0668/0861/1129/files/file_ef37f4e8-a0bc-41d1-b95b-cbfcbb2ae0dc.jpg?v=1754876558,1,101279617,false,,,,,,,,,,,,,,,,,,,,kg,,,active
kinder-surprise-joy-20g-x24ct,,,,,,,,,Shipper (2 Outer),,,,,,,,101279617_Shipper,0.0,shopify,0,deny,manual,133.00,,true,true,,,,,,,,,,,,,,,,,,,,,,,,,,,,,kg,,,
jack-links-45g-beef-jalapeno-jerky-x-10ct,Jack Links 45g Beef Jalapeno Jerky x 10ct,"",Jack Links,,"","",true,Pack Size,Outer,,,,,,,,101260354_Outer,0.0,shopify,20,deny,manual,49.80,,true,true,,,,,,https://cdn.shopify.com/s/files/1/0668/0861/1129/files/file_7cdeec43-b794-46bc-865c-57ad79de71d3.jpg?v=1754876548,1,101260354,false,,,,,,,,,,,,,,,,,,,,kg,,,active
jack-links-45g-beef-jalapeno-jerky-x-10ct,,,,,,,,,Shipper (12 Outer),,,,,,,,101260354_Shipper,0.0,shopify,1,deny,manual,597.60,,true,true,,,,,,,,,,,,,,,,,,,,,,,,,,,,,kg,,,
chupa-chups-sour-bites-20g-x-10ct-new-count,Chupa Chups Sour Bites 20g x 10ct  NEW COUNT!!!!!,"",Chupa Chups,,"",Novelty,true,Pack Size,Outer,,,,,,,,101239973_Outer,0.0,shopify,28,deny,manual,6.35,,true,true,,,,,,https://cdn.shopify.com/s/files/1/0668/0861/1129/files/file_38082b62-1c8c-4550-b2f5-d98e9e04ff28.jpg?v=1754876535,1,101239973,false,,,,,,,,,,,,,,,,,,,,kg,,,active
chupa-chups-sour-bites-20g-x-10ct-new-count,,,,,,,,,Shipper (12 Outer),,,,,,,,101239973_Shipper,0.0,shopify,2,deny,manual,76.20,,true,true,,,,,,,,,,,,,,,,,,,,,,,,,,,,,kg,,,
fini-dyna-sour-boom-8g-x-200ct,Fini Dyna Sour Boom 8g x 200ct,"",Fini,,"","Licorice, Night n Day Misc, Novelty",true,Pack Size,Outer,,,,,,,,101121929_Outer,0.0,shopify,17,deny,manual,31.65,,true,true,,,,,,https://cdn.shopify.com/s/files/1/0668/0861/1129/files/file_4ba06603-7065-4125-8341-47b286a56f82.jpg?v=1754876516,1,101121929,false,,,,,,,,,,,,,,,,,,,,kg,,,active
fini-dyna-sour-boom-8g-x-200ct,,,,,,,,,Shipper (6 Outer),,,,,,,,101121929_Shipper,0.0,shopify,2,deny,manual,189.90,,true,true,,,,,,,,,,,,,,,,,,,,,,,,,,,,,kg,,,
cosmic-yupi-big-burger,Cosmic Yupi Big Burger x 18ct,"",DutchRusk,,"",Novelty,true,Pack Size,Outer,,,,,,,,100977427_Outer,0.0,shopify,2,deny,manual,17.10,,true,true,,,,,,https://cdn.shopify.com/s/files/1/0668/0861/1129/files/file_a7e72a8e-13b0-44c2-8d1a-b15e2f3033d9.jpg?v=1754876499,1,100977427,false,,,,,,,,,,,,,,,,,,,,kg,,,active
cosmic-yupi-big-burger,,,,,,,,,Shipper (6 Outer),,,,,,,,100977427_Shipper,0.0,shopify,0,deny,manual,102.60,,true,true,,,,,,,,,,,,,,,,,,,,,,,,,,,,,kg,,,
jack-links-12g-beef-stick-teriyaki-x-25ct,Jack Links 12g Beef Stick Teriyaki x 25ct,"",Jack Links,,"","",true,Pack Size,Outer,,,,,,,,100937661_Outer,0.0,shopify,21,deny,manual,25.50,,true,true,,,,,,https://cdn.shopify.com/s/files/1/0668/0861/1129/files/file_e54ecd93-a410-429a-9403-0f1b18878d58.jpg?v=1754876494,1,100937661,false,,,,,,,,,,,,,,,,,,,,kg,,,active
jack-links-12g-beef-stick-teriyaki-x-25ct,,,,,,,,,Shipper (12 Outer),,,,,,,,100937661_Shipper,0.0,shopify,1,deny,manual,306.00,,true,true,,,,,,,,,,,,,,,,,,,,,,,,,,,,,kg,,,
kinder-bueno-hazelnut-3-pack-129g-x10ct,Kinder Bueno Hazelnut 3 Pack 129g x10ct,"",Kinder,,"",Novelty,true,Pack Size,Outer,,,,,,,,100549375_Outer,0.0,shopify,0,deny,manual,26.60,,true,true,,,,,,https://cdn.shopify.com/s/files/1/0668/0861/1129/files/file_970014eb-eaf3-4a1a-aaee-aa5ffdea76f7.jpg?v=1754876486,1,100549375,false,,,,,,,,,,,,,,,,,,,,kg,,,active
kinder-bueno-hazelnut-3-pack-129g-x10ct,,,,,,,,,Shipper (4 Outer),,,,,,,,100549375_Shipper,0.0,shopify,0,deny,manual,106.40,,true,true,,,,,,,,,,,,,,,,,,,,,,,,,,,,,kg,,,
dr-pepper-cream-soda-355ml-x-12ct,Dr Pepper Cream Soda 355ml x 12ct,"",Dr Pepper,,"","Drinks, Soda Drinks",true,Pack Size,Tray,,,,,,,,087_Tray,0.0,shopify,7,deny,manual,24.95,,true,true,,,,,,https://cdn.shopify.com/s/files/1/0668/0861/1129/files/file_b30b5c81-c0da-4856-b57b-a271f723cf82.jpg?v=1754876471,1,087,false,,,,,,,,,,,,,,,,,,,,kg,,,active
potter-brothers-130g-pineapple-pieces-x-10ct,Potter Brothers 130g - Pineapple Pieces x 10ct,"",Potter Brothers,Uncategorized,"",show-shipper,true,Pack Size,Bag,,,,,,,,07_Bag,0.0,shopify,0,deny,manual,4.35,,true,true,,,,,,https://cdn.shopify.com/s/files/1/0668/0861/1129/files/file_392b7cfd-2c3a-4abe-8469-2a125572cc8b.jpg?v=1754876465,1,07,false,,,,,,,,,,,,,,,,,,,,kg,,,active
potter-brothers-130g-pineapple-pieces-x-10ct,,,,,,,,,Shipper (10 Bag),,,,,,,,07_Shipper,0.0,shopify,0,deny,manual,43.50,,true,true,,,,,,,,,,,,,,,,,,,,,,,,,,,,,kg,,,
freegells-stickpack-red-mint-27-9g-x-12ct,Freegells Stickpack - Red Mint 27.9g x 12ct,"",Riclan,,"","Freegells, Health",true,Pack Size,Outer,,,,,,,,03734_Outer,0.0,shopify,141,deny,manual,6.83,,true,true,,,,,,https://cdn.shopify.com/s/files/1/0668/0861/1129/files/file_4287027c-346e-4680-a863-d7053e4d4180.jpg?v=1754876450,1,03734,false,,,,,,,,,,,,,,,,,,,,kg,,,active
freegells-stickpack-red-mint-27-9g-x-12ct,,,,,,,,,Shipper (36 Outer),,,,,,,,03734_Shipper,0.0,shopify,3,deny,manual,245.88,,true,true,,,,,,,,,,,,,,,,,,,,,,,,,,,,,kg,,,
chews-bola-7-raspberry-500g-x-100ct-approx,Chews - Bola 7 Raspberry 500g x 100ct approx,"",Riclan,,"","hide-shipper, Riclan",true,Pack Size,Bag,,,,,,,,03652_Bag,0.0,shopify,154,deny,manual,4.10,,true,true,,,,,,https://cdn.shopify.com/s/files/1/0668/0861/1129/files/file_d2586ff3-3588-44df-ad59-494182a5156a.jpg?v=1754876444,1,03652,false,,,,,,,,,,,,,,,,,,,,kg,,,active
chews-bola-7-raspberry-500g-x-100ct-approx,,,,,,,,,Shipper (24 Bag),,,,,,,,03652_Shipper,0.0,shopify,6,deny,manual,98.40,,true,true,,,,,,,,,,,,,,,,,,,,,,,,,,,,,kg,,,
chews-bola-7-strawberry-500g-x-100ct-approx,Chews - Bola 7 Strawberry 500g x 100ct approx,"",Riclan,,"","hide-shipper, Riclan",true,Pack Size,Bag,,,,,,,,03651_Bag,0.0,shopify,34,deny,manual,4.10,,true,true,,,,,,https://cdn.shopify.com/s/files/1/0668/0861/1129/files/file_523daf17-1458-4a3f-b774-64825f49765c.jpg?v=1754876439,1,03651,false,,,,,,,,,,,,,,,,,,,,kg,,,active
chews-bola-7-strawberry-500g-x-100ct-approx,,,,,,,,,Shipper (24 Bag),,,,,,,,03651_Shipper,0.0,shopify,1,deny,manual,98.40,,true,true,,,,,,,,,,,,,,,,,,,,,,,,,,,,,kg,,,
chews-bola-7-green-apple-500g-x-100ct-approx,Chews - Bola 7 Green Apple 500g x 100ct approx,"",Riclan,,"","hide-shipper, Riclan",true,Pack Size,Bag,,,,,,,,03650_Bag,0.0,shopify,35,deny,manual,4.10,,true,true,,,,,,https://cdn.shopify.com/s/files/1/0668/0861/1129/files/file_cd730381-c243-4231-9a8c-1871f167cba0.jpg?v=1754876433,1,03650,false,,,,,,,,,,,,,,,,,,,,kg,,,active
chews-bola-7-green-apple-500g-x-100ct-approx,,,,,,,,,Shipper (24 Bag),,,,,,,,03650_Shipper,0.0,shopify,1,deny,manual,98.40,,true,true,,,,,,,,,,,,,,,,,,,,,,,,,,,,,kg,,,
chews-bola-7-yoghurt-500g-x-100ct-approx,Chews - Bola 7 Yoghurt  500g x 100ct approx,"",Riclan,,"","hide-shipper, Riclan",true,Pack Size,Bag,,,,,,,,03649_Bag,0.0,shopify,116,deny,manual,4.10,,true,true,,,,,,https://cdn.shopify.com/s/files/1/0668/0861/1129/files/file_9beec6f4-951a-41a5-9f84-93816c61e8df.jpg?v=1754876404,1,03649,false,,,,,,,,,,,,,,,,,,,,kg,,,active
chews-bola-7-yoghurt-500g-x-100ct-approx,,,,,,,,,Shipper (24 Bag),,,,,,,,03649_Shipper,0.0,shopify,4,deny,manual,98.40,,true,true,,,,,,,,,,,,,,,,,,,,,,,,,,,,,kg,,,
chews-azendinha-watermelon-500g-x-100ct-approx,Chews - Azendinha Watermelon 500g x 100ct approx,"",Riclan,,"","hide-shipper, Riclan",true,Pack Size,Bag,,,,,,,,03646_Bag,0.0,shopify,154,deny,manual,4.10,,true,true,,,,,,https://cdn.shopify.com/s/files/1/0668/0861/1129/files/file_ce7011ea-8c47-4fec-a392-b06a0a43df45.jpg?v=1754876398,1,03646,false,,,,,,,,,,,,,,,,,,,,kg,,,active
chews-azendinha-watermelon-500g-x-100ct-approx,,,,,,,,,Shipper (24 Bag),,,,,,,,03646_Shipper,0.0,shopify,6,deny,manual,98.40,,true,true,,,,,,,,,,,,,,,,,,,,,,,,,,,,,kg,,,
chews-azendinha-grape-500g-x-100ct-approx,Chews - Azendinha Grape 500g x 100ct approx,"",Riclan,Uncategorized,"","hide-shipper, Riclan",true,Pack Size,Bag,,,,,,,,03645_Bag,0.0,shopify,67,deny,manual,4.10,,true,true,,,,,,https://cdn.shopify.com/s/files/1/0668/0861/1129/files/03645Grape_jpeg.jpg?v=1765414246,1,"",false,,,,,,,,,,,,,,,,,,,,kg,,,active
chews-azendinha-grape-500g-x-100ct-approx,,,,,,,,,Shipper (24 Bag),,,,,,,,03645_Shipper,0.0,shopify,2,deny,manual,98.40,,true,true,,,,,,,,,,,,,,,,,,,,,,,,,,,,,kg,,,
chews-azendinha-yoghurt-strawberry-500g-x-100ct-approx,Chews - Azendinha Yoghurt Strawberry 500g x 100ct approx,"",Riclan,,"","hide-shipper, Riclan",true,Pack Size,Bag,,,,,,,,03643_Bag,0.0,shopify,59,deny,manual,4.10,,true,true,,,,,,https://cdn.shopify.com/s/files/1/0668/0861/1129/files/file_4c68ef01-232b-46a4-a8bb-5b4b6da12772.jpg?v=1754876392,1,03643,false,,,,,,,,,,,,,,,,,,,,kg,,,active
chews-azendinha-yoghurt-strawberry-500g-x-100ct-approx,,,,,,,,,Shipper (24 Bag),,,,,,,,03643_Shipper,0.0,shopify,2,deny,manual,98.40,,true,true,,,,,,,,,,,,,,,,,,,,,,,,,,,,,kg,,,
my-toffee-chews-doce-de-leite-500g-x75ct,My Toffee Chews - Doce de Leite 500g x75ct,"",DutchRusk,,"","hide-shipper, My Toffee",true,Pack Size,Bag,,,,,,,,03536_Bag,0.0,shopify,64,deny,manual,5.55,,true,true,,,,,,https://cdn.shopify.com/s/files/1/0668/0861/1129/files/file_e605221b-087c-45da-b3bf-1ba0e6fa90e1.jpg?v=1754876386,1,03536,false,,,,,,,,,,,,,,,,,,,,kg,,,active
my-toffee-chews-doce-de-leite-500g-x75ct,,,,,,,,,Shipper (14 Bag),,,,,,,,03536_Shipper,0.0,shopify,4,deny,manual,77.70,,true,true,,,,,,,,,,,,,,,,,,,,,,,,,,,,,kg,,,
my-toffee-chews-coconut-500g-x75ct,My Toffee Chews - Coconut 500g x75ct,"",DutchRusk,,"","hide-shipper, My Toffee",true,Pack Size,Bag,,,,,,,,03535_Bag,0.0,shopify,75,deny,manual,5.55,,true,true,,,,,,https://cdn.shopify.com/s/files/1/0668/0861/1129/files/file.jpg?v=1754796717,1,03535,false,,,,,,,,,,,,,,,,,,,,kg,,,active
my-toffee-chews-coconut-500g-x75ct,,,,,,,,,Shipper (14 Bag),,,,,,,,03535_Shipper,0.0,shopify,5,deny,manual,77.70,,true,true,,,,,,,,,,,,,,,,,,,,,,,,,,,,,kg,,,
rjs-fabulicious-peaches-cream-family-bag-180g-x-12ct,RJ's Fabulicious Peaches & Cream FAMILY BAG 180g x 12ct,"",RJ's,"Food, Beverages & Tobacco > Food Items > Candy & Chocolate","","Family Bags, Licorice, Night n Day Misc, RJ's",true,Pack Size,Bag,,,,,,,,5127_Bag,0.0,shopify,327,deny,manual,3.70,3.00,true,true,,,,,,https://cdn.shopify.com/s/files/1/0668/0861/1129/files/5127RJsPeachesCream180g.jpg?v=1754022864,1,"",false,,,4748,,,,,,,,,,,,,,,,,kg,,,active
rjs-fabulicious-peaches-cream-family-bag-180g-x-12ct,,,,,,,,,Shipper (12 Bag),,,,,,,,5127_Shipper,0.0,shopify,27,deny,manual,44.40,,true,true,,,,,,,,,,,,,,,,,,,,,,,,,,,,,kg,,,
peppermint-cream-bar-50g-x30,Sweets NZ Peppermint Cream Bar 50g x 30ct,"",Potter Brothers,Uncategorized,"",Novelty,true,Pack Size,Outer,,,,,,,,301_Outer,0.0,shopify,9,deny,manual,33.50,,true,true,,,,,,https://cdn.shopify.com/s/files/1/0668/0861/1129/files/file_c0f023f5-5706-4867-9ed7-764c5b991f0e.jpg?v=1754879392,1,301,false,,,,,,,,,,,,,,,,,,,,kg,,,active
peppermint-cream-bar-50g-x30,,,,,,,,,Shipper (2 Outer),,,,,,,,301_Shipper,0.0,shopify,4,deny,manual,67.00,,true,true,,,,,,,,,,,,,,,,,,,,,,,,,,,,,kg,,,
hata-ramune-blueberry-200ml-x-30ct,Hata Ramune - Blueberry 200ml x 30ct,"",Hata,,"","",false,Pack Size,Shipper,,,,,,,,BSD-053_Shipper,0.0,shopify,0,deny,manual,79.35,,true,true,,,,,,https://cdn.shopify.com/s/files/1/0668/0861/1129/files/file_88875d4e-01b0-4837-8773-242f145df309.jpg?v=1754879779,1,BSD-053,false,,,,,,,,,,,,,,,,,,,,kg,,,draft
hata-ramune-original-200ml-x-30ct,Hata Ramune - Original 200ml x 30ct,"",Hata,,"","",true,Pack Size,Shipper,,,,,,,,BSD-046_Shipper,0.0,shopify,20,deny,manual,79.35,,true,true,,,,,,https://cdn.shopify.com/s/files/1/0668/0861/1129/files/file_216154d0-60a5-4080-83d2-79c349986188.jpg?v=1754879774,1,BSD-046,false,,,,,,,,,,,,,,,,,,,,kg,,,active
tncc-sour-patch-kids-layers-190g-x-20ct,TNCC Sour Patch Kids Layers 190g x 20ct,"",TNCC,,"","Family Bags, hide-bag, Night n Day Misc, Pascall, TNCC",true,Pack Size,Bag,,,,,,,,4311482_Bag,0.0,shopify,291,deny,manual,3.95,,true,true,,,,,,https://cdn.shopify.com/s/files/1/0668/0861/1129/files/file_3baa5f01-d801-4b73-8657-0fa428264932.jpg?v=1754879530,1,4311482,false,,,,,,,,,,,,,,,,,,,,kg,,,active
tncc-sour-patch-kids-layers-190g-x-20ct,,,,,,,,,Shipper (20 Bag),,,,,,,,4311482_Shipper,0.0,shopify,14,deny,manual,79.00,,true,true,,,,,,,,,,,,,,,,,,,,,,,,,,,,,kg,,,
water-game-with-jelly-beans-paw-patrol-10g-x12ct,Back Pack Deal - Paw Patrol - Water Game With Jelly Beans 10g x12ct,"",DutchRusk,Uncategorized,"","New, Novelty",true,Pack Size,Outer,,,,,,,,UNCL320_Outer,0.0,shopify,39,deny,manual,33.95,,true,true,,,,,,https://cdn.shopify.com/s/files/1/0668/0861/1129/files/UNCL320PawPatrolWaterGame_Chase4_HR.jpg?v=1765416387,1,"",false,,,,,,,,,,,,,,,,,,,,kg,,,active
water-game-with-jelly-beans-paw-patrol-10g-x12ct,,,,,,,,,Shipper (6 Outer),,,,,,,,UNCL320_Shipper,0.0,shopify,6,deny,manual,203.70,,true,true,,,,,,,,,,,,,,,,,,,,,,,,,,,,,kg,,,
cadbury-mini-egg-31-9g-x-54,Cadbury Mini Egg 31.9g x 54,"",Cadbury,,"","",true,Pack Size,Outer,,,,,,,,4314120_Outer,0.0,shopify,0,deny,manual,99.36,,true,true,,,,,,https://cdn.shopify.com/s/files/1/0668/0861/1129/files/file_9063ef21-6d54-4f4b-8f77-d7bc9639e098.jpg?v=1754879543,1,4314120,false,,,,,,,,,,,,,,,,,,,,kg,,,active
cadbury-mini-egg-31-9g-x-54,,,,,,,,,Shipper (4 Outer),,,,,,,,4314120_Shipper,0.0,shopify,0,deny,manual,397.44,,true,true,,,,,,,,,,,,,,,,,,,,,,,,,,,,,kg,,,
candy-case-paw-patrol-10g-x-12ct,Paw Patrol - Candy Case 10g x 12ct,"",DutchRusk,Uncategorized,"",Novelty,true,Pack Size,Outer,,,,,,,,UNCL225_Outer,0.0,shopify,0,deny,manual,27.15,,true,true,,,,,,https://cdn.shopify.com/s/files/1/0668/0861/1129/files/UNCL225PawPatrolCandyCase_Display_Angle.jpg?v=1765416427,1,"",false,,,,,,,,,,,,,,,,,,,,kg,,,active
candy-case-paw-patrol-10g-x-12ct,,,,,,,,,Shipper (8 Outer),,,,,,,,UNCL225_Shipper,0.0,shopify,0,deny,manual,217.20,,true,true,,,,,,,,,,,,,,,,,,,,,,,,,,,,,kg,,,
surprise-egg-paw-patrol-10g-x-18ct,Paw Patrol - Surprise Egg 10g x 18ct,"",DutchRusk,Uncategorized,"",Novelty,true,Pack Size,Outer,,,,,,,,UNCL220_Outer,0.0,shopify,0,deny,manual,36.73,,true,true,,,,,,https://cdn.shopify.com/s/files/1/0668/0861/1129/files/UNCL220PawPatrolSurpriseEgg_Display2_HR.jpg?v=1765416457,1,"",false,,,,,,,,,,,,,,,,,,,,kg,,,active
surprise-egg-paw-patrol-10g-x-18ct,,,,,,,,,Shipper (4 Outer),,,,,,,,UNCL220_Shipper,0.0,shopify,0,deny,manual,146.92,,true,true,,,,,,,,,,,,,,,,,,,,,,,,,,,,,kg,,,
chi-original-250ml-x-12ct,Chi Original 250ml Can x 12ct,"",Chi,,"","Drinks, Herbal Drinks",true,Pack Size,Shipper,,,,,,,,C0261_Shipper,0.0,shopify,12,deny,manual,29.04,,true,true,,,,,,https://cdn.shopify.com/s/files/1/0668/0861/1129/files/file_32e5e94c-054d-4dc5-82ca-2ad582cc1b8a.jpg?v=1754879788,1,C0261,false,,,,,,,,,,,,,,,,,,,,kg,,,active
hubba-bubba-tape-original-56g-x-6ct,Hubba Bubba Tape Original 56g x 6ct,"",Mars,Uncategorized,"","Gum, Night n Day Misc, Wrigleys",false,Pack Size,Outer,,,,,,,,W00581_Outer,0.0,shopify,0,deny,manual,18.50,,true,true,,,,,,,,,false,,,,,,,,,,,,,,,,,,,,kg,,,draft
skittles-sour-small-51g-x-24ct,Skittles SOUR Small 51g x 24ct,"",Mars,"Food, Beverages & Tobacco > Food Items > Candy & Chocolate > Candy","","M&M Bags, New, Skittle Bags, Skittles",false,Pack Size,Outer,,,,,,,,S0237_Outer,0.0,shopify,0,deny,manual,58.70,,true,true,,,,,,https://cdn.shopify.com/s/files/1/0668/0861/1129/files/file_06e4507d-30cc-4af6-a904-13fbc2ff99d1.jpg?v=1754880291,1,S0237,false,,,4748,,,,,,,,,,,,,,,,,kg,,,draft
jolly-rancher-filled-pops-x-100ct,Jolly Rancher Filled Pops x 100ct,"",DutchRusk,,"","Hersheys, Lollipops, Novelty",true,Pack Size,Outer,,,,,,,,J0066_Outer,0.0,shopify,0,deny,manual,51.50,,true,true,,,,,,https://cdn.shopify.com/s/files/1/0668/0861/1129/files/file_776e7955-9a43-4e58-942c-d24b36551634.jpg?v=1754880157,1,J0066,false,,,,,,,,,,,,,,,,,,,,kg,,,active
starburst-jelly-beans-397g-x-12ct,Starburst Jelly Beans 397g x 12ct,"",DutchRusk,,"",Novelty,false,Pack Size,Bag,,,,,,,,S0104_Bag,0.0,shopify,0,deny,manual,8.80,,true,true,,,,,,,,,false,,,,,,,,,,,,,,,,,,,,kg,,,draft
starburst-jelly-beans-397g-x-12ct,,,,,,,,,Shipper (12 Bag),,,,,,,,S0104_Shipper,0.0,shopify,0,deny,manual,0.00,,true,true,,,,,,,,,,,,,,,,,,,,,,,,,,,,,kg,,,
vidal-strwberry-and-cream-1kg,Vidal Strawberry and Cream Tub x 75ct,"",DutchRusk,,"","1kg, Bulk Gummies and Lollies",true,Pack Size,Bag,,,,,,,,SFISC-1_Bag,0.0,shopify,0,deny,manual,13.60,,true,true,,,,,,https://cdn.shopify.com/s/files/1/0668/0861/1129/files/file_a55163c6-44a0-4e88-8415-3d85991e3086.jpg?v=1754880311,1,SFISC-1,false,,,,,,,,,,,,,,,,,,,,kg,,,active
vidal-strwberry-and-cream-1kg,,,,,,,,,Shipper (12 Bag),,,,,,,,SFISC-1_Shipper,0.0,shopify,0,deny,manual,163.20,,true,true,,,,,,,,,,,,,,,,,,,,,,,,,,,,,kg,,,
beacon-fizzers-sour-strawberry-11-6g-x72ct,Beacon Fizzers Sour Strawberry 11.6g x72ct,"",DutchRusk,Uncategorized,"","Dragon Novelty, Novelty",true,Pack Size,Outer,,,,,,,,100808816_Outer,0.0,shopify,27,deny,manual,24.30,,true,true,,,,,,https://cdn.shopify.com/s/files/1/0668/0861/1129/files/100808816BeaconFizzerSourStrawberry11.6g.jpg?v=1755052951,1,"",false,,,,,,,,,,,,,,,,,,,,kg,,,active
beacon-fizzers-sour-strawberry-11-6g-x72ct,,,,,,,,,Shipper (12 Outer),,,,,,,,100808816_Shipper,0.0,shopify,2,deny,manual,291.60,,true,true,,,,,,,,,,,,,,,,,,,,,,,,,,,,,kg,,,
toy-fashion-jewllery-snap-bracelets-x24ct,Toy - Fashion Jewllery Snap Bracelets x24ct,"",DutchRusk,,"","Novelty, Toys",true,Pack Size,Outer,,,,,,,,652178_Outer,0.0,shopify,0,deny,manual,38.70,,true,true,,,,,,https://cdn.shopify.com/s/files/1/0668/0861/1129/files/file_061c68db-7f4b-493b-bfb9-8332a4967a3e.jpg?v=1754879703,1,652178,false,,,,,,,,,,,,,,,,,,,,kg,,,active
frooze-balls-cookie-dough-70g-x-20ct,Frooze Balls Cookie Dough 70g x 20ct,"",Frooze Balls,Uncategorized,"",Snacks,true,Pack Size,Bag,,,,,,,,F5989_Bag,0.0,shopify,0,deny,manual,2.25,,true,true,,,,,,https://cdn.shopify.com/s/files/1/0668/0861/1129/files/F5989FroozeCookieDough70g.jpg?v=1755132135,1,"",false,,,,,,,,,,,,,,,,,,,,kg,,,active
frooze-balls-cookie-dough-70g-x-20ct,,,,,,,,,Shipper (20 Bag),,,,,,,,F5989_Shipper,0.0,shopify,0,deny,manual,45.00,,true,true,,,,,,,,,,,,,,,,,,,,,,,,,,,,,kg,,,
frooze-balls-rasp-dark-chocolate-70g-x-20ct,Frooze Balls Rasp Dark Chocolate 70g x 20ct,"",Frooze Balls,Uncategorized,"",Snacks,true,Pack Size,Bag,,,,,,,,F5928_Bag,0.0,shopify,9,deny,manual,2.25,,true,true,,,,,,https://cdn.shopify.com/s/files/1/0668/0861/1129/files/F5928FroozeRaspDarkChoc70g_dda40c22-61c1-44b6-906e-d4e4ec2a2665.jpg?v=1755132192,1,"",false,,,,,,,,,,,,,,,,,,,,kg,,,active
frooze-balls-rasp-dark-chocolate-70g-x-20ct,,,,,,,,,Shipper (20 Bag),,,,,,,,F5928_Shipper,0.0,shopify,0,deny,manual,45.00,,true,true,,,,,,,,,,,,,,,,,,,,,,,,,,,,,kg,,,
frooze-balls-peanut-butter-jelly-70g-x-20ct,Frooze Balls Peanut Butter Jelly 70g x 20ct,"",Frooze Balls,Uncategorized,"",Snacks,true,Pack Size,Bag,,,,,,,,F5926_Bag,0.0,shopify,24,deny,manual,2.25,,true,true,,,,,,https://cdn.shopify.com/s/files/1/0668/0861/1129/files/F5926FroozePeanutButterJelly70g.jpg?v=1755132223,1,"",false,,,,,,,,,,,,,,,,,,,,kg,,,active
frooze-balls-peanut-butter-jelly-70g-x-20ct,,,,,,,,,Shipper (20 Bag),,,,,,,,F5926_Shipper,0.0,shopify,1,deny,manual,45.00,,true,true,,,,,,,,,,,,,,,,,,,,,,,,,,,,,kg,,,
frooze-balls-lemon-cheesecake-70g-x-20ct,Frooze Balls Lemon Cheesecake 70g x 20ct,"",Frooze Balls,Uncategorized,"",Snacks,true,Pack Size,Bag,,,,,,,,F5923_Bag,0.0,shopify,0,deny,manual,2.25,,true,true,,,,,,https://cdn.shopify.com/s/files/1/0668/0861/1129/files/F5923FroozeLemonCheesecake70g.jpg?v=1755132251,1,"",false,,,,,,,,,,,,,,,,,,,,kg,,,active
frooze-balls-lemon-cheesecake-70g-x-20ct,,,,,,,,,Shipper (20 Bag),,,,,,,,F5923_Shipper,0.0,shopify,0,deny,manual,45.00,,true,true,,,,,,,,,,,,,,,,,,,,,,,,,,,,,kg,,,
frooze-balls-choc-hazelnut-70g-x-20ct,Frooze Balls Choc Hazelnut 70g x 20ct,"",Frooze Balls,Uncategorized,"",Snacks,true,Pack Size,Bag,,,,,,,,F5921_Bag,0.0,shopify,24,deny,manual,2.25,,true,true,,,,,,https://cdn.shopify.com/s/files/1/0668/0861/1129/files/F5921FroozeChocHazelnut70g.jpg?v=1755132296,1,"",false,,,,,,,,,,,,,,,,,,,,kg,,,active
frooze-balls-choc-hazelnut-70g-x-20ct,,,,,,,,,Shipper (20 Bag),,,,,,,,F5921_Shipper,0.0,shopify,1,deny,manual,45.00,,true,true,,,,,,,,,,,,,,,,,,,,,,,,,,,,,kg,,,
frooze-balls-cranberry-70g-x-20ct,Frooze Balls Cranberry 70g x 20ct,"",Frooze Balls,Uncategorized,"",Snacks,true,Pack Size,Bag,,,,,,,,F5908_Bag,0.0,shopify,31,deny,manual,2.25,,true,true,,,,,,https://cdn.shopify.com/s/files/1/0668/0861/1129/files/F5908FroozeCranberry70g_4b966273-98f9-4092-b540-c5c5f6f78b55.jpg?v=1755132357,1,"",false,,,,,,,,,,,,,,,,,,,,kg,,,active
frooze-balls-cranberry-70g-x-20ct,,,,,,,,,Shipper (20 Bag),,,,,,,,F5908_Shipper,0.0,shopify,1,deny,manual,45.00,,true,true,,,,,,,,,,,,,,,,,,,,,,,,,,,,,kg,,,
heartland-extreme-crunch-sweet-chilli-35g-x-24ct,Heartland Extreme Crunch Sweet Chilli 35g x 24ct,"",Heartland,,"",Snacks,false,Pack Size,Shipper,,,,,,,,ECSC35_Shipper,0.0,shopify,0,deny,manual,34.00,,true,true,,,,,,https://cdn.shopify.com/s/files/1/0668/0861/1129/files/file_b95a9ebd-6da5-436a-bf40-07c23aa33a4f.jpg?v=1754880064,1,ECSC35,false,,,,,,,,,,,,,,,,,,,,kg,,,draft
heartland-extreme-crunch-southern-salt-35g-x-24ct,Heartland Extreme Crunch Southern Salt 35g x 24ct,"",Heartland,,"",Snacks,false,Pack Size,Shipper,,,,,,,,ECSS35_Shipper,0.0,shopify,0,deny,manual,34.00,,true,true,,,,,,https://cdn.shopify.com/s/files/1/0668/0861/1129/files/file_1020a9ab-903c-483b-b4cf-a5fde6777e35.jpg?v=1754880067,1,ECSS35,false,,,,,,,,,,,,,,,,,,,,kg,,,draft
heartland-extreme-crunch-maple-bacon-35g-x-24ct,Heartland Extreme Crunch Maple Bacon 35g x 24ct,"",Heartland,,"",Snacks,false,Pack Size,Shipper,,,,,,,,ECMB35_Shipper,0.0,shopify,0,deny,manual,34.00,,true,true,,,,,,https://cdn.shopify.com/s/files/1/0668/0861/1129/files/file_4500ceb3-0db8-43d9-9435-2c92c5483788.jpg?v=1754880061,1,ECMB35,false,,,,,,,,,,,,,,,,,,,,kg,,,draft
vaseline-original-lip-balm-10g,Vaseline Original Lip Balm 10g,"",Vaseline,,"",Health,true,Pack Size,Packet,,,,,,,,V0129_Packet,0.0,shopify,11,deny,manual,3.89,,true,true,,,,,,https://cdn.shopify.com/s/files/1/0668/0861/1129/files/file_c24f9261-e48d-4830-9cf1-124a9bd87d49.jpg?v=1754880352,1,V0129,false,,,,,,,,,,,,,,,,,,,,kg,,,active
vaseline-original-lip-balm-10g,,,,,,,,,Outer (6 Packet),,,,,,,,V0129_Outer,0.0,shopify,1,deny,manual,23.34,,true,true,,,,,,,,,,,,,,,,,,,,,,,,,,,,,kg,,,
rainbow-1kg-little-penguins-x-130ct,Rainbow 1kg Little Penguins x 130ct,"",Rainbow,,"","1kg, Bulk Gummies and Lollies, Night n Day Misc",true,Pack Size,Bag,,,,,,,,15597_Bag,0.0,shopify,1,deny,manual,9.50,,true,true,,,,,,https://cdn.shopify.com/s/files/1/0668/0861/1129/files/file_ad9fe308-272f-4b8c-b803-66b89e9122b5.jpg?v=1754879324,1,15597,false,,,,,,,,,,,,,,,,,,,,kg,,,active
rainbow-1kg-little-penguins-x-130ct,,,,,,,,,Shipper (6 Bag),,,,,,,,15597_Shipper,0.0,shopify,0,deny,manual,57.00,,true,true,,,,,,,,,,,,,,,,,,,,,,,,,,,,,kg,,,
snowtime-chiller-drinks-180ml-x-48ct,Snowtime Chiller Drinks 180ml x 48ct,"",Snowtime,,"","Drinks, Novelty",false,Pack Size,Shipper,,,,,,,,101093032_Shipper,0.0,shopify,0,deny,manual,41.40,,true,true,,,,,,https://cdn.shopify.com/s/files/1/0668/0861/1129/files/file_ce53b8a0-9e2b-4391-9a96-1245b52ea881.jpg?v=1754876509,1,101093032,false,,,,,,,,,,,,,,,,,,,,kg,,,draft
sticky-poo-rainbow-x12ct,Toy - Sticky Poo Rainbow x12ct,"",DutchRusk,Uncategorized,"","Novelty, Toys",true,Pack Size,Outer,,,,,,,,652325_Outer,0.0,shopify,14,deny,manual,25.85,,true,true,,,,,,https://cdn.shopify.com/s/files/1/0668/0861/1129/files/652325RainbowStickyPoo_22fd86ad-7f2f-4bc2-ad1c-e423f7a74b1d.jpg?v=1765417608,1,"",false,,,,,,,,,,,,,,,,,,,,kg,,,active
toy-ball-unicorn-x-24ct,Toy - Ball - Unicorn x 24ct,"",DutchRusk,,"","Novelty, Toys",true,Pack Size,Outer,,,,,,,,651579_Outer,0.0,shopify,7,deny,manual,24.00,,true,true,,,,,,https://cdn.shopify.com/s/files/1/0668/0861/1129/files/file_561531e0-8db5-4bc9-80da-5aff6dc80486.jpg?v=1754879690,1,651579,false,,,,,,,,,,,,,,,,,,,,kg,,,active
quick-eze-chewy-forest-berry-flavour-40g-x-32ct,Quick Eze Chewy Forest Berry Flavour 40g x 32ct,"",Nestle,,"","Health, Night n Day Misc",true,Pack Size,Outer,,,,,,,,12300637_Outer,0.0,shopify,6,deny,manual,68.50,,true,true,,,,,,https://cdn.shopify.com/s/files/1/0668/0861/1129/files/file_ce054f9e-26be-4a4f-830d-f3bd65587f7f.jpg?v=1754879242,1,12300637,false,,,,,,,,,,,,,,,,,,,,kg,,,active
quick-eze-chewy-forest-berry-flavour-40g-x-32ct,,,,,,,,,Shipper (6 Outer),,,,,,,,12300637_Shipper,0.0,shopify,1,deny,manual,411.00,,true,true,,,,,,,,,,,,,,,,,,,,,,,,,,,,,kg,,,
dragon-flashing-rock-n-rolly-x15ct,Dragon Flashing Rock N Rolly 60ml x15ct,"",Dragon,,"","Dragon Novelty, Novelty",true,Pack Size,Outer,,,,,,,,DR-999_Outer,0.0,shopify,1,deny,manual,23.50,,true,true,,,,,,https://cdn.shopify.com/s/files/1/0668/0861/1129/files/file_4ea8566b-bad9-4c0e-89b6-305b2ebe2c00.jpg?v=1754880012,1,DR-999,false,,,,,,,,,,,,,,,,,,,,kg,,,active
dragon-flashing-rock-n-rolly-x15ct,,,,,,,,,Shipper (8 Outer),,,,,,,,DR-999_Shipper,0.0,shopify,0,deny,manual,188.00,,true,true,,,,,,,,,,,,,,,,,,,,,,,,,,,,,kg,,,
flat-lollipop-monster-6g-x-50ct,Flat Lollipop Monster 6g x 50ct,"",DutchRusk,Uncategorized,"","Lollipops, Novelty",true,Pack Size,Bag,,,,,,,,FLMON50_Bag,0.0,shopify,0,deny,manual,2.99,,true,true,,,,,,https://cdn.shopify.com/s/files/1/0668/0861/1129/files/file_602b9318-f58c-428b-a0cd-1ae2a059add8.jpg?v=1754880091,1,FLMON50,false,,,,,,,,,,,,,,,,,,,,kg,,,active
flat-lollipop-monster-6g-x-50ct,,,,,,,,,Shipper (36 Bag),,,,,,,,FLMON50_Shipper,0.0,shopify,0,deny,manual,107.64,,true,true,,,,,,,,,,,,,,,,,,,,,,,,,,,,,kg,,,
popping-candy-with-lollipop-cola-18g-x20ct-1,Popping Candy With Lollipop - Strawberry 18g x20ct,"",DutchRusk,Uncategorized,"",Lollipops,true,Pack Size,Outer,,,,,,,,STRAWPOP_Outer,0.0,shopify,128,deny,manual,7.20,,true,true,,,,,,https://cdn.shopify.com/s/files/1/0668/0861/1129/files/STRAWPOPPoppingCandywithLollipopStrawberry_9bc000eb-cbaf-4de3-aef7-a8851d6b5592.jpg?v=1755132853,1,"",false,,,,,,,,,,,,,,,,,,,,kg,,,active
popping-candy-with-lollipop-cola-18g-x20ct-1,,,,,,,,,Shipper (12 Outer),,,,,,,,STRAWPOP_Shipper,0.0,shopify,10,deny,manual,86.40,,true,true,,,,,,,,,,,,,,,,,,,,,,,,,,,,,kg,,,
popping-candy-with-lollipop-cola-18g-x20ct,Popping Candy With Lollipop - Cola 18g x20ct,"",DutchRusk,,"",Lollipops,true,Pack Size,Outer,,,,,,,,COLAPOP_Outer,0.0,shopify,137,deny,manual,7.20,,true,true,,,,,,https://cdn.shopify.com/s/files/1/0668/0861/1129/files/file_e9c1336c-75f5-4e90-b082-9939cda63e84.jpg?v=1754879915,1,COLAPOP,false,,,,,,,,,,,,,,,,,,,,kg,,,active
popping-candy-with-lollipop-cola-18g-x20ct,,,,,,,,,Shipper (12 Outer),,,,,,,,COLAPOP_Shipper,0.0,shopify,11,deny,manual,86.40,,true,true,,,,,,,,,,,,,,,,,,,,,,,,,,,,,kg,,,
reeses-mini-cups-70g-x-16ct,Reeses Mini Cups 70g x 16ct,"",Reeses,,"",Novelty,true,Pack Size,Outer,,,,,,,,IUSAHER20_Outer,0.0,shopify,0,deny,manual,51.10,,true,true,,,,,,https://cdn.shopify.com/s/files/1/0668/0861/1129/files/file_3a109d2c-1fba-4049-a6c5-815f4c9a46ba.jpg?v=1754880143,1,IUSAHER20,false,,,,,,,,,,,,,,,,,,,,kg,,,active
tnt-sour-bubble-gum-lollipops-x-48ct,TNT Sour Bubble Gum Lollipops x 48ct,"",TNT,,"","Gum, hide-shipper, Lollipops, Novelty",true,Pack Size,Bag,,,,,,,,SAO210_Bag,0.0,shopify,17,deny,manual,8.15,,true,true,,,,,,https://cdn.shopify.com/s/files/1/0668/0861/1129/files/file_98796b6a-80da-4517-8d59-8c519b35ab06.jpg?v=1754880300,1,SAO210,false,,,,,,,,,,,,,,,,,,,,kg,,,active
tnt-sour-bubble-gum-lollipops-x-48ct,,,,,,,,,Shipper (16 Bag),,,,,,,,SAO210_Shipper,0.0,shopify,1,deny,manual,130.40,,true,true,,,,,,,,,,,,,,,,,,,,,,,,,,,,,kg,,,
shake-and-spray-with-gum-purple-razz-60ml-x-12ct,Shake and Spray With Gum - Purple Razz 60ml x 12ct,"",DutchRusk,,"","Gum, Novelty",true,Pack Size,Outer,,,,,,,,UNC285_Outer,0.0,shopify,28,deny,manual,29.70,,true,true,,,,,,https://cdn.shopify.com/s/files/1/0668/0861/1129/files/file_8d73cb5e-c6ca-4d47-825a-10eb768e1711.jpg?v=1754880344,1,UNC285,false,,,,,,,,,,,,,,,,,,,,kg,,,active
shake-and-spray-with-gum-purple-razz-60ml-x-12ct,,,,,,,,,Shipper (12 Outer),,,,,,,,UNC285_Shipper,0.0,shopify,2,deny,manual,356.40,,true,true,,,,,,,,,,,,,,,,,,,,,,,,,,,,,kg,,,
shake-and-spray-with-gum-blue-razz-60ml-x-12ct,Shake and Spray With Gum - Blue Razz 60ml x 12ct,"",DutchRusk,,"","Gum, Novelty",true,Pack Size,Outer,,,,,,,,UNC280_Outer,0.0,shopify,25,deny,manual,29.70,,true,true,,,,,,https://cdn.shopify.com/s/files/1/0668/0861/1129/files/file_d857dfd9-f2ce-4061-aabf-f28b167ce0f9.jpg?v=1754880342,1,UNC280,false,,,,,,,,,,,,,,,,,,,,kg,,,active
shake-and-spray-with-gum-blue-razz-60ml-x-12ct,,,,,,,,,Shipper (12 Outer),,,,,,,,UNC280_Shipper,0.0,shopify,2,deny,manual,356.40,,true,true,,,,,,,,,,,,,,,,,,,,,,,,,,,,,kg,,,
batteries-maxwell-cr2032-individual,Batteries - Maxell CR2032 - INDIVIDUAL,"",Maxwell,Electronics > Electronics Accessories > Power > Batteries > General Purpose Batteries,"",Batteries,true,Pack Size,Packet,,,,,,,,CR2032HB_Packet,0.0,shopify,0,deny,manual,1.60,,true,true,,,,,,https://cdn.shopify.com/s/files/1/0668/0861/1129/files/file_d3d90efa-cdef-4884-bfd7-8bd646760016.jpg?v=1754879918,1,CR2032HB,false,,,4928,,,,,,,,,,,,,,,,,kg,,,active
popcorn-20kg,Popcorn 20kg,"",DutchRusk,,"",Snacks,false,Pack Size,Bag,,,,,,,,POPCN_Bag,0.0,shopify,0,deny,manual,81.00,,true,true,,,,,,,,,false,,,,,,,,,,,,,,,,,,,,kg,,,draft
ghost-energy-orange-cream-500ml-x-12ct,Ghost Energy - Orange Cream 500ml x 12ct,"",Ghost,,"","Drinks, Energy Drinks",true,Pack Size,Tray,,,,,,,,GH-ERTD5OC_Tray,0.0,shopify,1,deny,manual,63.10,,true,true,,,,,,https://cdn.shopify.com/s/files/1/0668/0861/1129/files/file_295c461f-f1b9-4bf2-8911-1ea66c825b60.jpg?v=1754880102,1,GH-ERTD5OC,false,,,,,,,,,,,,,,,,,,,,kg,,,active
coca-cola-bottle-500ml-x-24ct,Mexican Coca Cola Bottle 500ml x 24ct,"",Coca Cola,,"","Drinks, Soda Drinks",false,Pack Size,Tray,,,,,,,,DR910_Tray,0.0,shopify,0,deny,manual,168.00,,true,true,,,,,,https://cdn.shopify.com/s/files/1/0668/0861/1129/files/file_735170cf-b53d-4a7d-bb0c-db54f0d4b401.jpg?v=1754880056,1,DR910,false,,,,,,,,,,,,,,,,,,,,kg,,,draft
potter-brothers-raspberry-creams-x-10ct,Potter Brothers 130g - Raspberry Creams x 10ct,"",Potter Brothers,Uncategorized,"",show-shipper,true,Pack Size,Bag,,,,,,,,13R_Bag,0.0,shopify,0,deny,manual,4.35,,true,true,,,,,,https://cdn.shopify.com/s/files/1/0668/0861/1129/files/13RPotterBrothersRaspberryCream.jpg?v=1755133034,1,"",false,,,,,,,,,,,,,,,,,,,,kg,,,active
potter-brothers-raspberry-creams-x-10ct,,,,,,,,,Shipper (10 Bag),,,,,,,,13R_Shipper,0.0,shopify,0,deny,manual,43.50,,true,true,,,,,,,,,,,,,,,,,,,,,,,,,,,,,kg,,,
potter-brothers-red-licorice-x-10ct,Potter Brothers 130g - Red Licorice x 10ct,"",Potter Brothers,"Food, Beverages & Tobacco > Food Items > Candy & Chocolate","","Licorice, show-shipper",true,Pack Size,Bag,,,,,,,,09_Bag,0.0,shopify,0,deny,manual,4.35,,true,true,,,,,,https://cdn.shopify.com/s/files/1/0668/0861/1129/files/file_c27c6de2-31f2-4426-8eac-6bb786517f3a.jpg?v=1754876475,1,09,false,,,4748,,,,,,,,,,,,,,,,,kg,,,active
potter-brothers-red-licorice-x-10ct,,,,,,,,,Shipper (10 Bag),,,,,,,,09_Shipper,0.0,shopify,0,deny,manual,43.50,,true,true,,,,,,,,,,,,,,,,,,,,,,,,,,,,,kg,,,
potter-brothers-peanut-clusters-x-10ct,Potter Brothers 130g - Peanut Clusters x 10ct,"",Potter Brothers,Uncategorized,"",show-shipper,true,Pack Size,Bag,,,,,,,,03_Bag,0.0,shopify,28,deny,manual,4.35,,true,true,,,,,,https://cdn.shopify.com/s/files/1/0668/0861/1129/files/file_b86ea366-f041-4f7d-b6c8-df590e0a98c9.jpg?v=1754876380,1,03,false,,,,,,,,,,,,,,,,,,,,kg,,,active
potter-brothers-peanut-clusters-x-10ct,,,,,,,,,Shipper (10 Bag),,,,,,,,03_Shipper,0.0,shopify,2,deny,manual,43.50,,true,true,,,,,,,,,,,,,,,,,,,,,,,,,,,,,kg,,,
potter-brothers-peppermint-creams-x-10ct,Potter Brothers 130g - Peppermint Creams x 10ct,"",Potter Brothers,Uncategorized,"",show-shipper,true,Pack Size,Bag,,,,,,,,12_Bag,0.0,shopify,0,deny,manual,4.35,,true,true,,,,,,https://cdn.shopify.com/s/files/1/0668/0861/1129/files/file_927fe039-7d0f-427b-a3e8-bfc2af63336e.jpg?v=1754879228,1,12,false,,,,,,,,,,,,,,,,,,,,kg,,,active
potter-brothers-peppermint-creams-x-10ct,,,,,,,,,Shipper (10 Bag),,,,,,,,12_Shipper,0.0,shopify,0,deny,manual,43.50,,true,true,,,,,,,,,,,,,,,,,,,,,,,,,,,,,kg,,,
potter-brothers-chewy-caramels-x-10ct,Potter Brothers 130g - Chewy Caramels x 10ct,"",Potter Brothers,Uncategorized,"",show-shipper,true,Pack Size,Bag,,,,,,,,10_Bag,0.0,shopify,12,deny,manual,4.35,,true,true,,,,,,https://cdn.shopify.com/s/files/1/0668/0861/1129/files/file_82c059cc-3091-46ab-ac96-71192145ff58.jpg?v=1754876480,1,10,false,,,,,,,,,,,,,,,,,,,,kg,,,active
potter-brothers-chewy-caramels-x-10ct,,,,,,,,,Shipper (10 Bag),,,,,,,,10_Shipper,0.0,shopify,1,deny,manual,43.50,,true,true,,,,,,,,,,,,,,,,,,,,,,,,,,,,,kg,,,
potter-brothers-russian-fudge-x-10ct,Potter Brothers 130g - Russian Fudge x 10ct,"",Potter Brothers,Uncategorized,"",show-shipper,true,Pack Size,Bag,,,,,,,,11_Bag,0.0,shopify,23,deny,manual,4.35,,true,true,,,,,,https://cdn.shopify.com/s/files/1/0668/0861/1129/files/file_985a86d2-d3d9-479b-baa7-ecd188104c45.jpg?v=1754876619,1,11,false,,,,,,,,,,,,,,,,,,,,kg,,,active
potter-brothers-russian-fudge-x-10ct,,,,,,,,,Shipper (10 Bag),,,,,,,,11_Shipper,0.0,shopify,2,deny,manual,43.50,,true,true,,,,,,,,,,,,,,,,,,,,,,,,,,,,,kg,,,
potter-brothers-hokey-pokey-x-10ct,Potter Brothers 130g - Hokey Pokey x 10ct,"",Potter Brothers,Uncategorized,"",show-shipper,true,Pack Size,Bag,,,,,,,,05_Bag,0.0,shopify,0,deny,manual,4.35,,true,true,,,,,,https://cdn.shopify.com/s/files/1/0668/0861/1129/files/file_c006e144-8734-4d9b-bf86-162108385ffb.jpg?v=1754876455,1,05,false,,,,,,,,,,,,,,,,,,,,kg,,,active
potter-brothers-hokey-pokey-x-10ct,,,,,,,,,Shipper (10 Bag),,,,,,,,05_Shipper,0.0,shopify,0,deny,manual,43.50,,true,true,,,,,,,,,,,,,,,,,,,,,,,,,,,,,kg,,,
potter-brothers-coconut-rough-x-10ct,Potter Brothers 130g - Coconut Rough x 10ct,"",Potter Brothers,Uncategorized,"",show-shipper,true,Pack Size,Bag,,,,,,,,01_Bag,0.0,shopify,0,deny,manual,4.35,,true,true,,,,,,https://cdn.shopify.com/s/files/1/0668/0861/1129/files/file_f44986a5-c4cf-41fa-ba32-32440b41546d.jpg?v=1754876374,1,01,false,,,,,,,,,,,,,,,,,,,,kg,,,active
potter-brothers-coconut-rough-x-10ct,,,,,,,,,Shipper (10 Bag),,,,,,,,01_Shipper,0.0,shopify,0,deny,manual,43.50,,true,true,,,,,,,,,,,,,,,,,,,,,,,,,,,,,kg,,,
awesome-value-gummy-mix-200g-x-15ct,Awesome Value Gummy Mix 200g x 16ct,"",DutchRusk,,"","",true,Pack Size,Bag,,,,,,,,15785_Bag,0.0,shopify,0,deny,manual,2.70,,true,true,,,,,,https://cdn.shopify.com/s/files/1/0668/0861/1129/files/file_e39da9f2-28b9-4d9b-91a6-777823dcda5b.jpg?v=1754879329,1,15785,false,,,,,,,,,,,,,,,,,,,,kg,,,active
awesome-value-gummy-mix-200g-x-15ct,,,,,,,,,Shipper (16 Bag),,,,,,,,15785_Shipper,0.0,shopify,0,deny,manual,43.20,,true,true,,,,,,,,,,,,,,,,,,,,,,,,,,,,,kg,,,
awesome-value-sour-mix-200g-x-15ct,Awesome Value Sour Mix 200g x 15ct,"",DutchRusk,,"","",true,Pack Size,Bag,,,,,,,,15780_Bag,0.0,shopify,18,deny,manual,2.70,,true,true,,,,,,https://cdn.shopify.com/s/files/1/0668/0861/1129/files/file_4aff5027-d454-446a-bfba-026b2f29f341.jpg?v=1754879327,1,15780,false,,,,,,,,,,,,,,,,,,,,kg,,,active
awesome-value-sour-mix-200g-x-15ct,,,,,,,,,Shipper (15 Bag),,,,,,,,15780_Shipper,0.0,shopify,1,deny,manual,40.50,,true,true,,,,,,,,,,,,,,,,,,,,,,,,,,,,,kg,,,
dragon-wacky-wizzard-graffitti-spray-50ml-x-15ct,Dragon Wacky Wizzard Graffitti Spray 50ml x 15ct,"",Dragon,,"","Dragon Novelty, Novelty",false,Pack Size,Outer,,,,,,,,DR248-1_Outer,0.0,shopify,0,deny,manual,19.50,,true,true,,,,,,https://cdn.shopify.com/s/files/1/0668/0861/1129/files/file_052f1385-b976-41e6-893f-5dabadaf5897.jpg?v=1754880030,1,DR248-1,false,,,,,,,,,,,,,,,,,,,,kg,,,draft
dragon-wacky-wizzard-graffitti-spray-50ml-x-15ct,,,,,,,,,Shipper (8 Outer),,,,,,,,DR248-1_Shipper,0.0,shopify,0,deny,manual,156.00,,true,true,,,,,,,,,,,,,,,,,,,,,,,,,,,,,kg,,,
ctc-joo-joos-fantasy-belts-160g-x-12ct,CTC Joo Joos Fantasy Belts 160g x 12ct,"",DutchRusk,,"",Novelty,false,Pack Size,Outer,,,,,,,,101220180_Outer,0.0,shopify,0,deny,manual,32.70,,true,true,,,,,,https://cdn.shopify.com/s/files/1/0668/0861/1129/files/file_b67d305f-7073-4c90-9a4a-25451f873d2c.jpg?v=1754876525,1,101220180,false,,,,,,,,,,,,,,,,,,,,kg,,,draft
reeses-peanut-butter-bar-90g-x-12,Reeses Peanut Butter Bar 90g x 12ct,"",Reeses,,"",Novelty,false,Pack Size,Outer,,,,,,,,HERCH037_Outer,0.0,shopify,0,deny,manual,47.00,,true,true,,,,,,https://cdn.shopify.com/s/files/1/0668/0861/1129/files/file_c193e19d-fe35-4dce-9d8b-ffb1275cae29.jpg?v=1754880111,1,HERCH037,false,,,,,,,,,,,,,,,,,,,,kg,,,draft
chupa-chups-incredible-chew-family-bag-175g-x-50ct,Chupa Chups Incredible Chew Family Bag 175g x 12ct,"",Chupa Chups,Uncategorized,"","hide-bag, Novelty",true,Pack Size,Bag,,,,,,,,101230096_Bag,0.0,shopify,522,deny,manual,3.50,,true,true,,,,,,https://cdn.shopify.com/s/files/1/0668/0861/1129/files/101230096ChupaChupsIncredibleChewsfamilybag_5d784c32-ba04-4c2d-9811-e8fe471e0bdd.jpg?v=1754957469,1,"",false,,,,,,,,,,,,,,,,,,,,kg,,,active
chupa-chups-incredible-chew-family-bag-175g-x-50ct,,,,,,,,,Shipper (12 Bag),,,,,,,,101230096_Shipper,0.0,shopify,43,deny,manual,42.00,,true,true,,,,,,,,,,,,,,,,,,,,,,,,,,,,,kg,,,
a-w-creaming-soda-355ml-x-12ct,A&W Creaming Soda 355ml x 12ct,"",A&W,Uncategorized,"","Drinks, Soda Drinks",true,Pack Size,Tray,,,,,,,,A0013_Tray,0.0,shopify,42,deny,manual,24.95,,true,true,,,,,,https://cdn.shopify.com/s/files/1/0668/0861/1129/files/file_5ee40262-fb43-4b2f-b6e0-00a4d10c43f8.jpg?v=1754879760,1,A0013,false,,,,,,,,,,,,,,,,,,,,kg,,,active
h2-juice-sparkling-guava-500ml-x-16ct,H2 Juice - Sparkling Guava 500ml x 12ct,"",H2 Coco,"Food, Beverages & Tobacco > Beverages","","",true,Pack Size,Tray,,,,,,,,C113_Tray,0.0,shopify,42,deny,manual,33.40,,true,true,,,,,,https://cdn.shopify.com/s/files/1/0668/0861/1129/files/file_c5ab8e41-dcd9-45cc-894a-9455b34e780d.jpg?v=1754879837,1,C113,false,,,413,,,,,,,,,,,,,,,,,kg,,,active
h2-juice-sparkling-passionfruit-500ml-x-16ct,H2 Juice - Sparkling Passionfruit 500ml x 12ct,"",H2 Coco,"Food, Beverages & Tobacco > Beverages","","",true,Pack Size,Tray,,,,,,,,C114_Tray,0.0,shopify,32,deny,manual,33.40,,true,true,,,,,,https://cdn.shopify.com/s/files/1/0668/0861/1129/files/file_a1865868-f413-46b4-8b12-d65d6d58ad8b.jpg?v=1754879840,1,C114,false,,,413,,,,,,,,,,,,,,,,,kg,,,active
mega-sherbet-bottle-36g-x-20ct,Mega Sherbet Bottle 36g x 20ct,"",DutchRusk,Uncategorized,"",Novelty,true,Pack Size,Outer,,,,,,,,UNC275_Outer,0.0,shopify,58,deny,manual,12.75,,true,true,,,,,,https://cdn.shopify.com/s/files/1/0668/0861/1129/files/file_853e680f-54c7-43e8-83ee-d656b934ec6a.jpg?v=1754880339,1,UNC275,false,,,,,,,,,,,,,,,,,,,,kg,,,active
mega-sherbet-bottle-36g-x-20ct,,,,,,,,,Shipper (12 Outer),,,,,,,,UNC275_Shipper,0.0,shopify,4,deny,manual,153.00,,true,true,,,,,,,,,,,,,,,,,,,,,,,,,,,,,kg,,,
pods-snickers-160g-x-15ct,Pods Snickers 160g x 15ct,"",Mars,Uncategorized,"","",false,Pack Size,Shipper,,,,,,,,M0058_Shipper,0.0,shopify,0,deny,manual,98.20,,true,true,,,,,,https://cdn.shopify.com/s/files/1/0668/0861/1129/files/file_99a6cb54-05e5-4495-86a9-4633cf66966a.jpg?v=1754880177,1,M0058,false,,,,,,,,,,,,,,,,,,,,kg,,,draft
whittakers-blocks-250g-mango-coconut-x-12ct,Whittakers Blocks 250g Mango & Coconut x 12ct,"",Whittakers,"Food, Beverages & Tobacco > Food Items > Candy & Chocolate > Chocolate","","Chocolate Blocks, hide-block, hide-shipper, Night n Day Misc",true,Pack Size,Block,,,,,,,,FG0448_Block,0.0,shopify,57,deny,manual,7.77,,true,true,,,,,,https://cdn.shopify.com/s/files/1/0668/0861/1129/files/file_83cd5965-747e-4285-936a-0e2e75a4a351.jpg?v=1754880089,1,FG0448,false,,,4748,,,,,,,,,,,,,,,,,kg,,,active
whittakers-blocks-250g-mango-coconut-x-12ct,,,,,,,,,Outer (12 Block),,,,,,,,FG0448_Outer,0.0,shopify,4,deny,manual,93.24,,true,true,,,,,,,,,,,,,,,,,,,,,,,,,,,,,kg,,,
big-nuts-50g-roasted-salted-cashews-x-30ct,Big Nuts 50g Roasted Salted Cashews x 30ct,"",Big Nuts,,"",Snacks,true,Pack Size,Bag,,,,,,,,104833_Bag,0.0,shopify,20,deny,manual,1.90,,true,true,,,,,,https://cdn.shopify.com/s/files/1/0668/0861/1129/files/file_e2974884-c660-43af-b4e1-5a61485a3da7.jpg?v=1754876602,1,104833,false,,,,,,,,,,,,,,,,,,,,kg,,,active
big-nuts-50g-roasted-salted-cashews-x-30ct,,,,,,,,,Shipper (30 Bag),,,,,,,,104833_Shipper,0.0,shopify,0,deny,manual,57.00,,true,true,,,,,,,,,,,,,,,,,,,,,,,,,,,,,kg,,,
big-nuts-60g-roasted-salted-peanuts-x-30ct,Big Nuts 60g Roasted Salted Peanuts x 30ct,"",Big Nuts,Uncategorized,"",Snacks,true,Pack Size,Bag,,,,,,,,104832_Bag,0.0,shopify,102,deny,manual,1.80,,true,true,,,,,,https://cdn.shopify.com/s/files/1/0668/0861/1129/files/file_9f29fa0d-bb82-4fb6-a004-60e155ac1a85.jpg?v=1754876595,1,104832,false,,,,,,,,,,,,,,,,,,,,kg,,,active
big-nuts-60g-roasted-salted-peanuts-x-30ct,,,,,,,,,Shipper (30 Bag),,,,,,,,104832_Shipper,0.0,shopify,3,deny,manual,54.00,,true,true,,,,,,,,,,,,,,,,,,,,,,,,,,,,,kg,,,
big-nuts-300g-roasted-salted-cashews-x-15ct,Big Nuts 300g Roasted Salted Cashews x 15ct,"",Big Nuts,,"",Snacks,true,Pack Size,Bag,,,,,,,,105191_Bag,0.0,shopify,67,deny,manual,8.65,,true,true,,,,,,https://cdn.shopify.com/s/files/1/0668/0861/1129/files/file_7dd9eab9-593c-4d17-9126-e203de490fb5.jpg?v=1754876613,1,105191,false,,,,,,,,,,,,,,,,,,,,kg,,,active
big-nuts-300g-roasted-salted-cashews-x-15ct,,,,,,,,,Shipper (15 Bag),,,,,,,,105191_Shipper,0.0,shopify,4,deny,manual,129.75,,true,true,,,,,,,,,,,,,,,,,,,,,,,,,,,,,kg,,,
vidal-white-cream-strawberry-bricks-1-7kg,Vidal White Cream Strawberry Bricks 1.7kg,"",Vidal,,"",Bulk Gummies and Lollies,true,Pack Size,Bag,,,,,,,,SWCSB_Bag,0.0,shopify,13,deny,manual,28.40,,true,true,,,,,,https://cdn.shopify.com/s/files/1/0668/0861/1129/files/file_205c8845-d2b0-42cd-b0c2-653ec42fe4c9.jpg?v=1754880322,1,SWCSB,false,,,,,,,,,,,,,,,,,,,,kg,,,active
vidal-white-cream-strawberry-bricks-1-7kg,,,,,,,,,Shipper (6 Bag),,,,,,,,SWCSB_Shipper,0.0,shopify,2,deny,manual,170.40,,true,true,,,,,,,,,,,,,,,,,,,,,,,,,,,,,kg,,,
sam-blue-pops-12g-x-200ct,Sam Blue Pops 12g x 200ct,"",Nowco,,"","Bulk Gummies and Lollies, Lollipops",false,Pack Size,Bag,,,,,,,,SSBP_Bag,0.0,shopify,0,deny,manual,22.60,,true,true,,,,,,https://cdn.shopify.com/s/files/1/0668/0861/1129/files/file_c4c6f64f-eaa7-4ba7-aa6b-606b38420e45.jpg?v=1754880316,1,SSBP,false,,,,,,,,,,,,,,,,,,,,kg,,,draft
sam-blue-pops-12g-x-200ct,,,,,,,,,Shipper (4 Bag),,,,,,,,SSBP_Shipper,0.0,shopify,0,deny,manual,90.40,,true,true,,,,,,,,,,,,,,,,,,,,,,,,,,,,,kg,,,
big-nuts-300g-roasted-salted-peanuts-x-12ct,Big Nuts 300g Roasted Salted Peanuts x 12ct,"",Big Nuts,,"",Snacks,true,Pack Size,Bag,,,,,,,,104834_Bag,0.0,shopify,47,deny,manual,4.30,,true,true,,,,,,https://cdn.shopify.com/s/files/1/0668/0861/1129/files/file_ce2da67c-bfc9-4cfc-9692-713e47413613.jpg?v=1754876608,1,104834,false,,,,,,,,,,,,,,,,,,,,kg,,,active
big-nuts-300g-roasted-salted-peanuts-x-12ct,,,,,,,,,Shipper (12 Bag),,,,,,,,104834_Shipper,0.0,shopify,3,deny,manual,51.60,,true,true,,,,,,,,,,,,,,,,,,,,,,,,,,,,,kg,,,
extra-27g-3-pack-strawberry-x-20ct,Extra 27g 3 pack - Strawberry x 20ct,"",Mars,,"","Gum, Wrigleys",true,Pack Size,Outer,,,,,,,,377620_Outer,0.0,shopify,0,deny,manual,100.75,,true,true,,,,,,https://cdn.shopify.com/s/files/1/0668/0861/1129/files/file_ed617bbd-cde5-4261-aba9-dcd20c91eb5c.jpg?v=1754879451,1,377620,false,,,,,,,,,,,,,,,,,,,,kg,,,active
extra-27g-3-pack-strawberry-x-20ct,,,,,,,,,Shipper (6 Outer),,,,,,,,377620_Shipper,0.0,shopify,0,deny,manual,604.50,,true,true,,,,,,,,,,,,,,,,,,,,,,,,,,,,,kg,,,
extra-27g-3-pack-spearmint-x-20ct,Extra 27g 3 pack - Spearmint x 20ct,"",Mars,,"","Gum, Wrigleys",true,Pack Size,Outer,,,,,,,,377618_Outer,0.0,shopify,8,deny,manual,100.75,,true,true,,,,,,https://cdn.shopify.com/s/files/1/0668/0861/1129/files/file_a7c8a91b-ecd1-4f59-94cc-ffc39d84bc86.jpg?v=1754879448,1,377618,false,,,,,,,,,,,,,,,,,,,,kg,,,active
extra-27g-3-pack-spearmint-x-20ct,,,,,,,,,Shipper (6 Outer),,,,,,,,377618_Shipper,0.0,shopify,1,deny,manual,604.50,,true,true,,,,,,,,,,,,,,,,,,,,,,,,,,,,,kg,,,
extra-27g-3-pack-peppermint-x-20ct,Extra 27g 3 pack - Peppermint x 20ct,"",Mars,Uncategorized,"","Gum, Wrigleys",true,Pack Size,Outer,,,,,,,,377617_Outer,0.0,shopify,11,deny,manual,100.75,,true,true,,,,,,https://cdn.shopify.com/s/files/1/0668/0861/1129/files/file_eda5b71a-5265-4a1b-a78f-b2f15ec5aed3.jpg?v=1754879446,1,377617,false,,,,,,,,,,,,,,,,,,,,kg,,,active
extra-27g-3-pack-peppermint-x-20ct,,,,,,,,,Shipper (6 Outer),,,,,,,,377617_Shipper,0.0,shopify,1,deny,manual,604.50,,true,true,,,,,,,,,,,,,,,,,,,,,,,,,,,,,kg,,,
kit-kat-beach-umbrella,Kit Kat Beach Umbrella,"",Nestle,,"","",false,Pack Size,Each,,,,,,,,NEST03_Each,0.0,shopify,40,deny,manual,0.00,,true,true,,,,,,,,,false,,,,,,,,,,,,,,,,,,,,kg,,,draft
mega-pop-6-slot-cdu,Mega Pop 6 slot STAND ONLY,"",DutchRusk,,"","",false,Pack Size,Each,,,,,,,,MP01_Each,0.0,shopify,0,deny,manual,0.00,,true,true,,,,,,,,,false,,,,,,,,,,,,,,,,,,,,kg,,,draft
kit-kat-travel-briefcase,Kit Kat Travel Briefcase,"",Nestle,,"","",false,Pack Size,Each,,,,,,,,NEST02_Each,0.0,shopify,40,deny,manual,0.00,,true,true,,,,,,,,,false,,,,,,,,,,,,,,,,,,,,kg,,,draft
chupa-chups-dump-bin,Chupa Chups Dump Bin,"",Chupa Chups,Uncategorized,"","",false,Pack Size,Each,,,,,,,,DKSH02_Each,0.0,shopify,5,deny,manual,0.00,,true,true,,,,,,,,,false,,,,,,,,,,,,,,,,,,,,kg,,,draft
chupa-chups-floor-stand,Chupa Chups Floor stand,"",Chupa Chups,Uncategorized,"","",false,Pack Size,Each,,,,,,,,DKSH01_Each,0.0,shopify,0,deny,manual,0.00,,true,true,,,,,,,,,false,,,,,,,,,,,,,,,,,,,,kg,,,draft
c-h-counter-display-stand,C&H Counter display stand,"",Cavendish & Harvey,,"",Novelty,false,Pack Size,Each,,,,,,,,CHSTD_Each,0.0,shopify,1,deny,manual,0.00,,true,true,,,,,,https://cdn.shopify.com/s/files/1/0668/0861/1129/files/file_8b0174f1-4765-49cc-a994-146f20434b53.jpg?v=1754879903,1,CHSTD,false,,,,,,,,,,,,,,,,,,,,kg,,,draft
musashi-cardboard-floor-stand,Musashi Cardboard floor Stand,"",Musashi,,"",Musashi,false,Pack Size,Each,,,,,,,,VIT1_Each,0.0,shopify,0,deny,manual,0.00,,true,true,,,,,,,,,false,,,,,,,,,,,,,,,,,,,,kg,,,draft
chupa-chups-kimmy-unit-1,Chupa Chups Kimmy Unit,"",Chupa Chups,,"","",false,Pack Size,Each,,,,,,,,20064020_Each,0.0,shopify,1,deny,manual,0.00,,true,true,,,,,,https://cdn.shopify.com/s/files/1/0668/0861/1129/files/file_ce8777d8-a025-487a-83f9-e99f623780ff.jpg?v=1754879354,1,20064020,false,,,,,,,,,,,,,,,,,,,,kg,,,draft
m-m-small-counter-bin-1,M&M small counter bin,"",Mars,,"","",false,Pack Size,Each,,,,,,,,MM005_Each,0.0,shopify,8,deny,manual,0.00,,true,true,,,,,,https://cdn.shopify.com/s/files/1/0668/0861/1129/files/file_13376362-8b8b-4e1e-aed5-faf562829f58.jpg?v=1754880199,1,MM005,false,,,,,,,,,,,,,,,,,,,,kg,,,draft
dusky-the-dragon-stand,Dusky the Dragon stand,"",Dragon,,"","",false,Pack Size,Each,,,,,,,,DUSKYSTAND_Each,0.0,shopify,1,deny,manual,0.00,,true,true,,,,,,https://cdn.shopify.com/s/files/1/0668/0861/1129/files/file_f5971390-a483-4e89-a019-a8d71558bfb0.jpg?v=1754880059,1,DUSKYSTAND,false,,,,,,,,,,,,,,,,,,,,kg,,,draft
toy-bubbles-catchable-bubbles-20ml-one-only,Toy - Bubbles - Catchable Bubbles 20ml - ONE ONLY!!!!!!,"",DutchRusk,,"","Novelty, Toys",true,Pack Size,Packet,,,,,,,,99430-1_Packet,0.0,shopify,183,deny,manual,1.30,,true,true,,,,,,https://cdn.shopify.com/s/files/1/0668/0861/1129/files/file_a8bdd44e-6c44-4ce6-9406-d1fb9dd595a1.jpg?v=1754879755,1,99430-1,false,,,,,,,,,,,,,,,,,,,,kg,,,active
rjs-black-knight-medley-500g-bag-x-10ct,RJ's Black Knight Medley 500g BAG x 10ct,"",RJ's,"Food, Beverages & Tobacco > Food Items > Candy & Chocolate","","Family Bags, Licorice, Night n Day Misc, RJ's, show-shipper",true,Pack Size,Bag,,,,,,,,5061_Bag,0.0,shopify,250,deny,manual,5.99,,true,true,,,,,,https://cdn.shopify.com/s/files/1/0668/0861/1129/files/file_07e9bc76-413c-40f2-9134-4354ef0d6a22.jpg?v=1754879619,1,5061,false,,,4748,,,,,,,,,,,,,,,,,kg,,,active
rjs-black-knight-medley-500g-bag-x-10ct,,,,,,,,,Shipper (10 Bag),,,,,,,,5061_Shipper,0.0,shopify,25,deny,manual,59.90,,true,true,,,,,,,,,,,,,,,,,,,,,,,,,,,,,kg,,,
lolliland-twist-and-shake-25g-x-12ct,Lolliland Twist and Shake 25g x 12ct,"",Lolliland,,"",Novelty,false,Pack Size,Outer,,,,,,,,T0888_Outer,0.0,shopify,0,deny,manual,19.95,,true,true,,,,,,,,,false,,,,,,,,,,,,,,,,,,,,kg,,,draft
soda-boss-pineapple-lollies-375ml-x-12ct,Soda Boss Pineapple Lollies 375ml x 12ct,"",Soda Boss,,"","Drinks, Soda Drinks",false,Pack Size,Tray,,,,,,,,S09720_Tray,0.0,shopify,0,deny,manual,22.45,,true,true,,,,,,,,,false,,,,,,,,,,,,,,,,,,,,kg,,,draft
soda-boss-strawberry-gummies-375ml-x-12ct,Soda Boss Strawberry Gummies 375ml x 12ct,"",Soda Boss,,"","Drinks, Soda Drinks",false,Pack Size,Tray,,,,,,,,S09706_Tray,0.0,shopify,0,deny,manual,22.45,,true,true,,,,,,,,,false,,,,,,,,,,,,,,,,,,,,kg,,,draft
soda-boss-peach-rings-375ml-x-12ct,Soda Boss Peach Rings 375ml x 12ct,"",Soda Boss,,"","Drinks, Soda Drinks",false,Pack Size,Tray,,,,,,,,S09876_Tray,0.0,shopify,0,deny,manual,22.45,,true,true,,,,,,,,,false,,,,,,,,,,,,,,,,,,,,kg,,,draft
h2-melon-water-500ml-x-12ct,H2 Melon Water 500ml x 12ct,"",H2 Coco,"Food, Beverages & Tobacco > Beverages","","",true,Pack Size,Shipper,,,,,,,,C0382_Shipper,0.0,shopify,15,deny,manual,29.00,,true,true,,,,,,https://cdn.shopify.com/s/files/1/0668/0861/1129/files/file_39b06618-f0f1-4c01-b353-6624467bfcc0.jpg?v=1754879794,1,C0382,false,,,413,,,,,,,,,,,,,,,,,kg,,,active
h2-coco-water-500ml-x-12ct,H2 Coconut Water 500ml x 12ct,"",H2 Coco,"Food, Beverages & Tobacco > Beverages","","",true,Pack Size,Shipper,,,,,,,,C0381_Shipper,0.0,shopify,50,deny,manual,29.00,,true,true,,,,,,https://cdn.shopify.com/s/files/1/0668/0861/1129/files/file_efd4111b-0440-4a9f-88df-05abd194585c.jpg?v=1754879792,1,C0381,false,,,413,,,,,,,,,,,,,,,,,kg,,,active
drink-fruity-burst-apple-blackcurrant-maui-250ml-x-24,Drink - Fruity Burst Apple Blackcurrant - Maui 250ml x 24,"",Fruity Burst,"Food, Beverages & Tobacco > Beverages > Fruit Flavored Drinks","","Drinks, Fruit Flavored Drinks",false,Pack Size,Shipper,,,,,,,,C0383_Shipper,0.0,shopify,0,deny,manual,36.50,,true,true,,,,,,,,,false,,,8036,,,,,,,,,,,,,,,,,kg,,,draft
drink-fruity-burst-apple-batman-250ml-x-24,Drink - Fruity Burst Wildberry - Batman 250ml x 24,"",Fruity Burst,"Food, Beverages & Tobacco > Beverages > Fruit Flavored Drinks","","Drinks, Fruit Flavored Drinks",true,Pack Size,Shipper,,,,,,,,C0385_Shipper,0.0,shopify,3,deny,manual,36.50,,true,true,,,,,,https://cdn.shopify.com/s/files/1/0668/0861/1129/files/file_7d49f40b-5b57-4218-b8a5-849a51d16497.jpg?v=1754879799,1,C0385,false,,,8036,,,,,,,,,,,,,,,,,kg,,,active
drink-fruity-burst-apple-paw-patrol-250ml-x-24ct,Drink - Fruity Burst Raspberry - Paw Patrol 250ml x 24ct,"",Fruity Burst,"Food, Beverages & Tobacco > Beverages > Fruit Flavored Drinks","","Drinks, Fruit Flavored Drinks",true,Pack Size,Shipper,,,,,,,,C0387_Shipper,0.0,shopify,0,deny,manual,36.50,,true,true,,,,,,https://cdn.shopify.com/s/files/1/0668/0861/1129/files/file_331eda2e-378d-4db5-95df-55b7c00a2bfe.jpg?v=1754879804,1,C0387,false,,,8036,,,,,,,,,,,,,,,,,kg,,,active
drink-fruity-burst-orange-peppa-pig-250ml-x-24,Drink - Fruity Burst Strawberry - Peppa Pig 250ml x 24,"",Fruity Burst,"Food, Beverages & Tobacco > Beverages > Fruit Flavored Drinks","","Drinks, Fruit Flavored Drinks",true,Pack Size,Shipper,,,,,,,,C0389_Shipper,0.0,shopify,4,deny,manual,36.50,,true,true,,,,,,https://cdn.shopify.com/s/files/1/0668/0861/1129/files/file_a661b308-6154-4dca-9a15-9a1e2d54a8aa.jpg?v=1754879812,1,C0389,false,,,8036,,,,,,,,,,,,,,,,,kg,,,active
drink-fruity-burst-apple-blackcurrant-barbie-250ml-x-24ct,Drink - Fruity Burst Raspberry - Barbie 250ml x 24ct,"",Fruity Burst,"Food, Beverages & Tobacco > Beverages > Fruit Flavored Drinks","","Drinks, Fruit Flavored Drinks",true,Pack Size,Shipper,,,,,,,,C0384_Shipper,0.0,shopify,1,deny,manual,36.50,,true,true,,,,,,https://cdn.shopify.com/s/files/1/0668/0861/1129/files/file_535e1ff3-791f-4e90-bdb9-3fabdbe03d87.jpg?v=1754879796,1,C0384,false,,,8036,,,,,,,,,,,,,,,,,kg,,,active
drink-fruity-burst-orange-minions-250ml-x-24,Drink - Fruity Burst Wildberry - Minions 250ml x 24,"",Fruity Burst,"Food, Beverages & Tobacco > Beverages > Fruit Flavored Drinks","","Drinks, Fruit Flavored Drinks",true,Pack Size,Shipper,,,,,,,,C0386_Shipper,0.0,shopify,0,deny,manual,36.50,,true,true,,,,,,https://cdn.shopify.com/s/files/1/0668/0861/1129/files/file_348fa368-8dcd-4bdd-9a57-ab96c10adfb8.jpg?v=1754879802,1,C0386,false,,,8036,,,,,,,,,,,,,,,,,kg,,,active
drink-fruity-burst-orange-superman-250ml-x-24ct,Drink - Fruity Burst Raspberry - Superman 250ml x 24ct,"",Fruity Burst,"Food, Beverages & Tobacco > Beverages > Fruit Flavored Drinks","","Drinks, Fruit Flavored Drinks",true,Pack Size,Shipper,,,,,,,,C0388_Shipper,0.0,shopify,14,deny,manual,36.50,,true,true,,,,,,https://cdn.shopify.com/s/files/1/0668/0861/1129/files/file_308fdb17-4ede-41c4-ab9f-48a74ca67956.jpg?v=1754879807,1,C0388,false,,,8036,,,,,,,,,,,,,,,,,kg,,,active
aloe-mate-aloe-vera-drink-500ml-x-20ct,Aloe Mate Aloe Vera Drink 500ml x 20ct,"",Aloe Mate,,"","Drinks, Herbal Drinks",true,Pack Size,Shipper,,,,,,,,C0393_Shipper,0.0,shopify,14,deny,manual,42.50,,true,true,,,,,,https://cdn.shopify.com/s/files/1/0668/0861/1129/files/file_53021b91-58aa-4442-bbee-2f660f258e81.jpg?v=1754879817,1,C0393,false,,,,,,,,,,,,,,,,,,,,kg,,,active
chi-herbal-drink-400ml-x-12ct,Chi Herbal Drink 400ml x 12ct,"",Chi,,"","Drinks, Herbal Drinks",false,Pack Size,Shipper,,,,,,,,C0009_Shipper,0.0,shopify,0,deny,manual,30.80,,true,true,,,,,,https://cdn.shopify.com/s/files/1/0668/0861/1129/files/file_f5f1d143-2e59-409f-bc5f-136870533a9f.jpg?v=1754879782,1,C0009,false,,,,,,,,,,,,,,,,,,,,kg,,,draft
carnival-mallow-bites-1-3kg,Carnival Mallow Bites 1.3kg,"",DutchRusk,,"","",true,Pack Size,Bag,,,,,,,,CARNIVAL_Bag,0.0,shopify,0,deny,manual,27.50,,true,true,,,,,,https://cdn.shopify.com/s/files/1/0668/0861/1129/files/CARNIVALCarnivalBites.jpg?v=1754022921,1,"",false,,,,,,,,,,,,,,,,,,,,kg,,,active
carnival-mallow-bites-1-3kg,,,,,,,,,Shipper (4 Bag),,,,,,,,CARNIVAL_Shipper,0.0,shopify,0,deny,manual,110.00,,true,true,,,,,,,,,,,,,,,,,,,,,,,,,,,,,kg,,,
telfast-tablets-60mg-x-10ct,Telfast Tablets 60mg x 10ct,"",DutchRusk,Uncategorized,"",Health,true,Pack Size,Packet,,,,,,,,2370379_Packet,0.0,shopify,27,deny,manual,7.50,,true,true,,,,,,https://cdn.shopify.com/s/files/1/0668/0861/1129/files/2370379Telfast60mg.jpg?v=1756698090,1,"",false,,,,,,,,,,,,,,,,,,,,kg,,,active
telfast-tablets-120mg-x-5ct,Telfast Tablets 120mg x 5ct,"",DutchRusk,Uncategorized,"",Health,true,Pack Size,Packet,,,,,,,,2370360_Packet,0.0,shopify,2,deny,manual,7.50,,true,true,,,,,,https://cdn.shopify.com/s/files/1/0668/0861/1129/files/2370360Telfast120mg_9224fe47-1083-4064-8665-1a6538d02704.jpg?v=1756698133,1,"",false,,,518,,,,,,,,,,,,,,,,,kg,,,active
cadbury-creme-eggs-40g-x48ct,Cadbury Creme Eggs 40g x 48ct,"",Cadbury,Uncategorized,"",Easter,true,Pack Size,Outer,,,,,,,,4281012_Outer,0.0,shopify,0,deny,manual,86.20,,true,true,,,,,,https://cdn.shopify.com/s/files/1/0668/0861/1129/files/4281012CREMEEGG.jpg?v=1754022923,1,"",false,,,,,,,,,,,,,,,,,,,,kg,,,active
cadbury-creme-eggs-40g-x48ct,,,,,,,,,Shipper (3 Outer),,,,,,,,4281012_Shipper,0.0,shopify,0,deny,manual,258.60,,true,true,,,,,,,,,,,,,,,,,,,,,,,,,,,,,kg,,,
cadbury-dairy-milk-marshmallow-eggs-35g-x40ct,Cadbury Dairy Milk Marshmallow Eggs 35g x 40ct,"",Cadbury,Uncategorized,"",Easter,true,Pack Size,Outer,,,,,,,,4276180_Outer,0.0,shopify,0,deny,manual,64.00,,true,true,,,,,,https://cdn.shopify.com/s/files/1/0668/0861/1129/files/4276180CadburyMarshmallowEgg.jpg?v=1754022923,1,"",false,,,,,,,,,,,,,,,,,,,,kg,,,active
cadbury-dairy-milk-marshmallow-eggs-35g-x40ct,,,,,,,,,Shipper (4 Outer),,,,,,,,4276180_Shipper,0.0,shopify,0,deny,manual,256.00,,true,true,,,,,,,,,,,,,,,,,,,,,,,,,,,,,kg,,,
monin-caramel-sauce-1-89l-x-4ct,Monin Caramel Sauce 1.89L x 4ct,"",Monin,Uncategorized,"",Monin,true,Pack Size,Shipper,,,,,,,,76621_Shipper,0.0,shopify,0,deny,manual,102.65,,true,true,,,,,,https://cdn.shopify.com/s/files/1/0668/0861/1129/files/76621MoninCaramelSauce1.89l_02561cee-ca5a-48f1-9817-76ce77cd5120.jpg?v=1755124584,1,"",false,,,,,,,,,,,,,,,,,,,,kg,,,active
c-h-wildberry-drops-tin-175g-x9ct,C&H Wildberry Drops Tin 175g x9ct,"",Cavendish & Harvey,,"",Novelty,false,Pack Size,Outer,,,,,,,,CHWBD_Outer,0.0,shopify,0,deny,manual,42.70,,true,true,,,,,,https://cdn.shopify.com/s/files/1/0668/0861/1129/files/C_HWBD75g_Wild_Berry.jpg?v=1754022924,1,"",false,,,,,,,,,,,,,,,,,,,,kg,,,draft
c-h-sour-lemon-drops-tin-200g-x9ct,C&H Sour Lemon Drops Tin 200g x9ct,"",Cavendish & Harvey,,"",Novelty,false,Pack Size,Outer,,,,,,,,CHSLD_Outer,0.0,shopify,0,deny,manual,42.70,,true,true,,,,,,https://cdn.shopify.com/s/files/1/0668/0861/1129/files/C_HSLDSOURLEMONDROPS.jpg?v=1754022925,1,"",false,,,,,,,,,,,,,,,,,,,,kg,,,draft
c-h-sour-cherry-drops-tin-200g-x9ct,C&H Sour Cherry Drops Tin 200g x10ct,"",Cavendish & Harvey,,"",Novelty,true,Pack Size,Outer,,,,,,,,CHSCD_Outer,0.0,shopify,7,deny,manual,42.70,,true,true,,,,,,https://cdn.shopify.com/s/files/1/0668/0861/1129/files/C_HSCDSOURCHERRYDROPS.jpg?v=1754022925,1,"",false,,,,,,,,,,,,,,,,,,,,kg,,,active
c-h-mixed-fruit-drops-tin-200g-x-9ct,C&H Mixed Fruit Drops Tin 200g x 9ct,"",Cavendish & Harvey,,"",Novelty,false,Pack Size,Outer,,,,,,,,CHMFD_Outer,0.0,shopify,0,deny,manual,42.70,,true,true,,,,,,https://cdn.shopify.com/s/files/1/0668/0861/1129/files/C_HMFDTinMixedFruitDrops200g.jpg?v=1754022926,1,"",false,,,,,,,,,,,,,,,,,,,,kg,,,draft
monin-dark-chocolate-sauce-1-89l-x-4ct,Monin Dark Chocolate Sauce 1.89L x 4ct,"",Monin,,"",Monin,true,Pack Size,Shipper,,,,,,,,76620_Shipper,0.0,shopify,0,deny,manual,85.40,,true,true,,,,,,https://cdn.shopify.com/s/files/1/0668/0861/1129/files/76620MoninDARKCHOCOLATE1.89L.jpg?v=1754022927,1,"",false,,,,,,,,,,,,,,,,,,,,kg,,,active
wonka-nerds-85g-gummy-cluster-very-berry-x-12ct,Wonka Nerds 85g Gummy Clusters Very Berry x 12ct,"",Wonka,,"","Novelty, Theatre Box",true,Pack Size,Outer,,,,,,,,WO123_Outer,0.0,shopify,60,deny,manual,51.50,,true,true,,,,,,https://cdn.shopify.com/s/files/1/0668/0861/1129/files/WO123WonkaNerdsGummyClusterVeryBerry85g.jpg?v=1754022928,1,"",false,,,,,,,,,,,,,,,,,,,,kg,,,active
juicy-fruits-fruit-candy-142g-x-12ct,Juicy Fruits Fruit Candy 142g x 12ct,"",DutchRusk,,"",Novelty,false,Pack Size,Outer,,,,,,,,J02123_Outer,0.0,shopify,0,deny,manual,41.00,,true,true,,,,,,https://cdn.shopify.com/s/files/1/0668/0861/1129/files/J02123JuicyFruitsChewyCandy142g.jpg?v=1754022929,1,"",false,,,,,,,,,,,,,,,,,,,,kg,,,draft
tncc-dinosaurs-family-bag-220g-x-18ct-1,TNCC Dinosaurs Family Bag 220g x 18ct,"",TNCC,,"","Family Bags, Night n Day Misc, Pascall, TNCC",true,Pack Size,Bag,,,,,,,,4303650_Bag,0.0,shopify,259,deny,manual,3.95,,true,true,,,,,,https://cdn.shopify.com/s/files/1/0668/0861/1129/files/4303650TNCCDINOSAURS.jpg?v=1754022929,1,"",false,,,,,,,,,,,,,,,,,,,,kg,,,active
tncc-dinosaurs-family-bag-220g-x-18ct-1,,,,,,,,,Shipper (18 Bag),,,,,,,,4303650_Shipper,0.0,shopify,14,deny,manual,71.10,,true,true,,,,,,,,,,,,,,,,,,,,,,,,,,,,,kg,,,
tncc-sour-patch-kids-watermelon-190g-x-20ct-1,TNCC Sour Patch Kids Watermelon 190g x 20ct,"",TNCC,,"","Family Bags, hide-bag, Night n Day Misc, Pascall, TNCC",true,Pack Size,Bag,,,,,,,,4303684_Bag,0.0,shopify,312,deny,manual,3.95,,true,true,,,,,,https://cdn.shopify.com/s/files/1/0668/0861/1129/files/4303684SourPatchWatermelon190g.jpg?v=1754022930,1,"",false,,,,,,,,,,,,,,,,,,,,kg,,,active
tncc-sour-patch-kids-watermelon-190g-x-20ct-1,,,,,,,,,Shipper (20 Bag),,,,,,,,4303684_Shipper,0.0,shopify,15,deny,manual,79.00,,true,true,,,,,,,,,,,,,,,,,,,,,,,,,,,,,kg,,,
tncc-sour-patch-kids-berry-190g-x-20ct-1,TNCC Sour Patch Kids Berry 190g x 20ct,"",TNCC,Uncategorized,"","Family Bags, hide-bag, Night n Day Misc, Pascall, TNCC",true,Pack Size,Bag,,,,,,,,4303584_Bag,0.0,shopify,566,deny,manual,3.95,,true,true,,,,,,https://cdn.shopify.com/s/files/1/0668/0861/1129/files/4303584SourPatch220gBerry.jpg?v=1754022931,1,"",false,,,,,,,,,,,,,,,,,,,,kg,,,active
tncc-sour-patch-kids-berry-190g-x-20ct-1,,,,,,,,,Shipper (20 Bag),,,,,,,,4303584_Shipper,0.0,shopify,28,deny,manual,79.00,,true,true,,,,,,,,,,,,,,,,,,,,,,,,,,,,,kg,,,
dr-pepper-cola-330ml-x-12ct,Dr Pepper Cola 355ml x 12ct,"",Dr Pepper,,"","Drinks, Soda Drinks",true,Pack Size,Tray,,,,,,,,D0012-1_Tray,0.0,shopify,0,deny,manual,24.95,,true,true,,,,,,https://cdn.shopify.com/s/files/1/0668/0861/1129/files/D0012-1DrPepper355ml.jpg?v=1754022932,1,"",false,,,,,,,,,,,,,,,,,,,,kg,,,active
borofone-micro-usb-charging-cable-green,Borofone Micro USB Charging Cable - Green,"",Borofone,,"",Charging Cables,true,Pack Size,Each,,,,,,,,P0114_Each,0.0,shopify,68,deny,manual,3.50,,true,true,,,,,,https://cdn.shopify.com/s/files/1/0668/0861/1129/files/P0114BorofoneMicroUSBChargingCable.jpg?v=1754022935,1,"",false,,,,,,,,,,,,,,,,,,,,kg,,,active
toffee-apple-chewy-candy-12g-x72ct,Toffee Apple Chewy Candy 12g x72ct,"",Sweetmans,Uncategorized,"","",false,Pack Size,Outer,,,,,,,,Z0258_Outer,0.0,shopify,0,deny,manual,8.20,,true,true,,,,,,https://cdn.shopify.com/s/files/1/0668/0861/1129/files/Z0258ToffeeAppleChewyCandy.jpg?v=1754022937,1,"",false,,,,,,,,,,,,,,,,,,,,kg,,,draft
tncc-reduced-sugar-snakes-230g-x-16ct,TNCC 25% Reduced Sugar Snakes 230g x 16ct,"",TNCC,,"","Family Bags, Night n Day Misc, Pascall, TNCC",true,Pack Size,Bag,,,,,,,,4303981_Bag,0.0,shopify,324,deny,manual,3.95,,true,true,,,,,,https://cdn.shopify.com/s/files/1/0668/0861/1129/files/4303981TNCCSnakesReducedSugar260G-1.jpg?v=1754022938,1,"",false,,,,,,,,,,,,,,,,,,,,kg,,,active
tncc-reduced-sugar-snakes-230g-x-16ct,,,,,,,,,Shipper (16 Bag),,,,,,,,4303981_Shipper,0.0,shopify,20,deny,manual,63.20,,true,true,,,,,,,,,,,,,,,,,,,,,,,,,,,,,kg,,,
zombie-chews-sour-strawberry-12g-x72ct,Zombie Chews Sour Strawberry 28g x72ct,"",DutchRusk,Uncategorized,"","Novelty, Zombie Chews",true,Pack Size,Outer,,,,,,,,Z0002_Outer,0.0,shopify,32,deny,manual,27.75,,true,true,,,,,,https://cdn.shopify.com/s/files/1/0668/0861/1129/files/file_15a80d4e-dbab-49d5-b49a-2e1d8afe9a07.jpg?v=1754880378,1,Z0002,false,,,,,,,,,,,,,,,,,,,,kg,,,active
zombie-chews-sour-strawberry-12g-x72ct,,,,,,,,,Shipper (9 Outer),,,,,,,,Z0002_Shipper,0.0,shopify,5,deny,manual,166.50,,true,true,,,,,,,,,,,,,,,,,,,,,,,,,,,,,kg,,,
dr-pepper-cherry-cola-330ml-x-12ct,Dr Pepper Cherry Cola 355ml x 12ct,"",Dr Pepper,Uncategorized,"","Drinks, Soda Drinks",true,Pack Size,Tray,,,,,,,,D0001_Tray,0.0,shopify,45,deny,manual,24.95,,true,true,,,,,,https://cdn.shopify.com/s/files/1/0668/0861/1129/files/D0001DrPepperCherryCola_2.jpg?v=1757019012,1,"",false,,,,,,,,,,,,,,,,,,,,kg,,,active
pop-n-good-kettle-sweet-and-salty-popcorn-150g-x-8ct,Pop N Good Kettle Sweet and Salty Popcorn 150g x 8ct,"",Pop N Good,"Food, Beverages & Tobacco > Food Items > Snack Foods > Popcorn","","Night n Day Misc, Popcorn, Snacks",true,Pack Size,Bag,,,,,,,,1159D_Bag,0.0,shopify,76,deny,manual,2.75,,true,true,,,,,,https://cdn.shopify.com/s/files/1/0668/0861/1129/files/1159DKettleSweet_N_SaltyPopcorn150g_93649.jpg?v=1754022940,1,"",false,,,1534,,,,,,,,,,,,,,,,,kg,,,active
pop-n-good-kettle-sweet-and-salty-popcorn-150g-x-8ct,,,,,,,,,Shipper (8 Bag),,,,,,,,1159D_Shipper,0.0,shopify,9,deny,manual,22.00,,true,true,,,,,,,,,,,,,,,,,,,,,,,,,,,,,kg,,,
sour-patch-kids-tropical-theatre-100g-x-12ct,Sour Patch Kids Tropical Theatre 100g x 12ct,"",Sour Patch Kids,,"",Theatre Box,false,Pack Size,Outer,,,,,,,,S0218_Outer,0.0,shopify,0,deny,manual,40.00,,true,true,,,,,,https://cdn.shopify.com/s/files/1/0668/0861/1129/files/S0218SourPatchKidsTropical.jpg?v=1754022941,1,"",false,,,,,,,,,,,,,,,,,,,,kg,,,draft
pez-barbie-x-6ct,PEZ Barbie x 6ct,"",PEZ,,"",Novelty,true,Pack Size,Outer,,,,,,,,PEZBAR_Outer,0.0,shopify,7,deny,manual,21.85,,true,true,,,,,,https://cdn.shopify.com/s/files/1/0668/0861/1129/files/PEZBARPEZBarbie.jpg?v=1754022942,1,"",false,,,,,,,,,,,,,,,,,,,,kg,,,active
pez-barbie-x-6ct,,,,,,,,,Shipper (6 Outer),,,,,,,,PEZBAR_Shipper,0.0,shopify,1,deny,manual,131.10,,true,true,,,,,,,,,,,,,,,,,,,,,,,,,,,,,kg,,,
warhead-wedgies-99g-x-12ct,Warhead Wedgies 99g x 12ct,"",Warheads,,"",Novelty,false,Pack Size,Outer,,,,,,,,W0137_Outer,0.0,shopify,0,deny,manual,39.60,,true,true,,,,,,https://cdn.shopify.com/s/files/1/0668/0861/1129/files/W0137WarheadsWedgies.jpg?v=1754022942,1,"",false,,,,,,,,,,,,,,,,,,,,kg,,,draft
mega-pop-70g-1-mega-pop-per-purchase,Mega Pop 70g - 1 Mega Pop per purchase,"",Lolliland,"Food, Beverages & Tobacco > Food Items > Candy & Chocolate > Candy","","hide-each, Lollipops, Novelty",true,Pack Size,Each,,,,,,,,M0156_Each,0.0,shopify,864,deny,manual,2.25,,true,true,,,,,,https://cdn.shopify.com/s/files/1/0668/0861/1129/files/M0156MegaPop.jpg?v=1754022943,1,"",false,,,4748,,,,,,,,,,,,,,,,,kg,,,active
mega-pop-70g-1-mega-pop-per-purchase,,,,,,,,,Shipper (40 Each),,,,,,,,M0156_Shipper,0.0,shopify,21,deny,manual,90.00,,true,true,,,,,,,,,,,,,,,,,,,,,,,,,,,,,kg,,,
wonka-nerds-bottle-cap-142g-x-10ct,Wonka Nerds Bottle Cap 142g x 10ct,"",Wonka,,"","Novelty, Theatre Box",false,Pack Size,Outer,,,,,,,,N0051_Outer,0.0,shopify,0,deny,manual,41.60,,true,true,,,,,,https://cdn.shopify.com/s/files/1/0668/0861/1129/files/N0051WonkaNerdsBottleCaps.jpg?v=1754022943,1,"",false,,,,,,,,,,,,,,,,,,,,kg,,,draft
resealable-lolly-bags-75mm-x-100mm-x-100ct,Resealable Lolly Bags 75mm x 100mm x 100ct,"",DutchRusk,,"",Seal Bags,true,Pack Size,Packet,,,,,,,,S0018_Packet,0.0,shopify,3160,deny,manual,2.00,,true,true,,,,,,https://cdn.shopify.com/s/files/1/0668/0861/1129/files/S0018LollyBag75mmx100mm.jpg?v=1754022944,1,"",false,,,,,,,,,,,,,,,,,,,,kg,,,active
resealable-lolly-bags-75mm-x-100mm-x-100ct,,,,,,,,,Shipper (10 Packet),,,,,,,,S0018_Shipper,0.0,shopify,316,deny,manual,20.00,,true,true,,,,,,,,,,,,,,,,,,,,,,,,,,,,,kg,,,
resealable-lolly-bags-100mm-x-130mm-x-100ct,Resealable Lolly Bags 100mm x 130mm x 100ct,"",DutchRusk,,"",Seal Bags,true,Pack Size,Packet,,,,,,,,S0024_Packet,0.0,shopify,1483,deny,manual,2.50,,true,true,,,,,,https://cdn.shopify.com/s/files/1/0668/0861/1129/files/S0024LollyBags100mmx130mm.jpg?v=1754022944,1,"",false,,,,,,,,,,,,,,,,,,,,kg,,,active
resealable-lolly-bags-100mm-x-130mm-x-100ct,,,,,,,,,Shipper (10 Packet),,,,,,,,S0024_Shipper,0.0,shopify,148,deny,manual,25.00,,true,true,,,,,,,,,,,,,,,,,,,,,,,,,,,,,kg,,,
resealable-lolly-bags-75mm-x-130mm-x-100ct,Resealable Lolly Bags 75mm x 130mm x 100ct,"",DutchRusk,,"",Seal Bags,true,Pack Size,Packet,,,,,,,,S0019_Packet,0.0,shopify,1366,deny,manual,2.20,,true,true,,,,,,https://cdn.shopify.com/s/files/1/0668/0861/1129/files/S0019LollyBag75mmx130mm.jpg?v=1754022945,1,"",false,,,,,,,,,,,,,,,,,,,,kg,,,active
resealable-lolly-bags-75mm-x-130mm-x-100ct,,,,,,,,,Shipper (10 Packet),,,,,,,,S0019_Shipper,0.0,shopify,136,deny,manual,22.00,,true,true,,,,,,,,,,,,,,,,,,,,,,,,,,,,,kg,,,
worldwide-travel-adapater-plug,Worldwide Travel Adapter Plug,"",DutchRusk,,"",Charging Cables,true,Pack Size,Each,,,,,,,,C0373_Each,0.0,shopify,0,deny,manual,6.00,,true,true,,,,,,https://cdn.shopify.com/s/files/1/0668/0861/1129/files/C0373WorldwideTravelAdapterPlug.jpg?v=1754022946,1,"",false,,,,,,,,,,,,,,,,,,,,kg,,,active
boro-usb-double-car-charger,Borofone USB Double Car Charger,"",Borofone,,"","Charging Cables, Miscellaneous",true,Pack Size,Each,,,,,,,,I0015_Each,0.0,shopify,94,deny,manual,6.00,,true,true,,,,,,https://cdn.shopify.com/s/files/1/0668/0861/1129/files/I0015BorofoneDoubleCarCharger.jpg?v=1754022946,1,"",false,,,,,,,,,,,,,,,,,,,,kg,,,active
boro-micro-usb-charging-cable-yellow,Borofone Type C Charger Cable - Yellow,"",Borofone,,"",Charging Cables,true,Pack Size,Each,,,,,,,,C0371_Each,0.0,shopify,209,deny,manual,3.50,,true,true,,,,,,https://cdn.shopify.com/s/files/1/0668/0861/1129/files/C0371BorofoneTypeCChargingCable.jpg?v=1754022947,1,"",false,,,,,,,,,,,,,,,,,,,,kg,,,active
boro-iphone-charging-cable-green,Borofone I-Phone Charging Cable - Yellow,"",Borofone,,"",Charging Cables,true,Pack Size,Each,,,,,,,,I0014_Each,0.0,shopify,188,deny,manual,3.50,,true,true,,,,,,https://cdn.shopify.com/s/files/1/0668/0861/1129/files/I0014BorofoneI-Phonechargingcable.jpg?v=1754022948,1,"",false,,,,,,,,,,,,,,,,,,,,kg,,,active
bazooka-blue-raspberry-14g-x-60g,Bazooka - Blue Raspberry 14g x 60ct,"",Bazooka,,"",Novelty,false,Pack Size,Outer,,,,,,,,B0162_Outer,0.0,shopify,0,deny,manual,28.00,,true,true,,,,,,https://cdn.shopify.com/s/files/1/0668/0861/1129/files/B0162BazookaBlueRaspberyChewBar.jpg?v=1754022948,1,"",false,,,,,,,,,,,,,,,,,,,,kg,,,draft
scanlens-madness-sour-popping-candy-9-5g-x-20ct,Scanlens Madness Sour Popping Candy 9.5g x 20ct,"",DutchRusk,,"",Novelty,false,Pack Size,Outer,,,,,,,,101228889_Outer,0.0,shopify,0,deny,manual,9.55,,true,true,,,,,,https://cdn.shopify.com/s/files/1/0668/0861/1129/files/101228889MadnessPoppingCandyDip.jpg?v=1754022949,1,"",false,,,,,,,,,,,,,,,,,,,,kg,,,draft
scanlens-madness-sour-popping-candy-9-5g-x-20ct,,,,,,,,,Shipper (12 Outer),,,,,,,,101228889_Shipper,0.0,shopify,0,deny,manual,0.00,,true,true,,,,,,,,,,,,,,,,,,,,,,,,,,,,,kg,,,
tncc-jelly-babies-220g-x-18ct,TNCC Jelly Babies 220g x 18ct,"",TNCC,,"","Family Bags, Night n Day Misc, Pascall, TNCC",true,Pack Size,Bag,,,,,,,,4303961_Bag,0.0,shopify,220,deny,manual,3.95,,true,true,,,,,,https://cdn.shopify.com/s/files/1/0668/0861/1129/files/4303961TNCCJellyBabies.jpg?v=1754022949,1,"",false,,,,,,,,,,,,,,,,,,,,kg,,,active
tncc-jelly-babies-220g-x-18ct,,,,,,,,,Shipper (18 Bag),,,,,,,,4303961_Shipper,0.0,shopify,12,deny,manual,71.10,,true,true,,,,,,,,,,,,,,,,,,,,,,,,,,,,,kg,,,
cadbury-favourites-265g,Cadbury Favourites 265g,"",Cadbury,,"","",false,Pack Size,Unit,,,,,,,,FAV280G_Unit,0.0,shopify,0,deny,manual,10.35,,true,true,,,,,,https://cdn.shopify.com/s/files/1/0668/0861/1129/files/FAV280GFavouriteschocolates280g.jpg?v=1754022950,1,"",false,,,,,,,,,,,,,,,,,,,,kg,,,draft
cadbury-favourites-265g,,,,,,,,,Shipper (9 Unit),,,,,,,,FAV280G_Shipper,0.0,shopify,0,deny,manual,93.15,,true,true,,,,,,,,,,,,,,,,,,,,,,,,,,,,,kg,,,
toy-kaleidoscope-x-12ct,Toy - Kaleidoscope x 12ct,"",DutchRusk,,"","Novelty, Toys",false,Pack Size,Outer,,,,,,,,651952_Outer,0.0,shopify,0,deny,manual,26.40,,true,true,,,,,,https://cdn.shopify.com/s/files/1/0668/0861/1129/files/651952Kaleidoscope.jpg?v=1754022950,1,"",false,,,,,,,,,,,,,,,,,,,,kg,,,draft
pop-n-good-light-n-buttery-popcorn-150g-x-8ct-new-count,Pop N Good Light N Buttery Popcorn 150g x 8ct NEW COUNT,<p>8 bags per shipper</p>,Pop N Good,"Food, Beverages & Tobacco > Food Items > Snack Foods > Popcorn","","Night n Day Misc, Popcorn, show-shipper, Snacks",true,Pack Size,Bag,,,,,,,,1165D_Bag,0.0,shopify,223,deny,manual,2.75,,true,true,,,,,,https://cdn.shopify.com/s/files/1/0668/0861/1129/files/1165DLIGHTNBUTTERY150.jpg?v=1754022951,1,"",false,,,1534,,,,,,,,,,,,,,,,,kg,,,active
pop-n-good-light-n-buttery-popcorn-150g-x-8ct-new-count,,,,,,,,,Shipper (8 Bag),,,,,,,,1165D_Shipper,0.0,shopify,27,deny,manual,22.00,,true,true,,,,,,,,,,,,,,,,,,,,,,,,,,,,,kg,,,
pop-n-good-buttermax-popcorn-150g-x-8ct-new-count,Pop N Good Buttermax Popcorn 150g x 8ct - NEW COUNT,"",Pop N Good,"Food, Beverages & Tobacco > Food Items > Snack Foods > Popcorn","","hide-bag, Night n Day Misc, Popcorn, show-shipper, Snacks",true,Pack Size,Bag,,,,,,,,1167D_Bag,0.0,shopify,410,deny,manual,2.75,,true,true,,,,,,https://cdn.shopify.com/s/files/1/0668/0861/1129/files/1167DBUTTERMAXpopcorn150.jpg?v=1754022952,1,"",false,,,1534,,,,,,,,,,,,,,,,,kg,,,active
pop-n-good-buttermax-popcorn-150g-x-8ct-new-count,,,,,,,,,Shipper (8 Bag),,,,,,,,1167D_Shipper,0.0,shopify,51,deny,manual,22.00,,true,true,,,,,,,,,,,,,,,,,,,,,,,,,,,,,kg,,,
licorice-choc-coated-raspberry-log-wrapped-63g-x-54ct,Choc Coated Raspberry Lic Log Wrapped 63g x 54ct,"",DutchRusk,"Food, Beverages & Tobacco > Food Items > Candy & Chocolate","","Licorice, Novelty",true,Pack Size,Shipper,,,,,,,,CHOCRASP_Shipper,0.0,shopify,32,deny,manual,105.00,,true,true,,,,,,https://cdn.shopify.com/s/files/1/0668/0861/1129/files/CHOCRASPChocCoatedRaspberryLog.jpg?v=1754022952,1,"",false,,,4748,,,,,,,,,,,,,,,,,kg,,,active
cosmic-twist-pops-80g-x-24ct,Cosmic Twist Pops 80g x 24ct,"",DutchRusk,,"","Lollipops, Novelty",true,Pack Size,Outer,,,,,,,,101023542_Outer,0.0,shopify,12,deny,manual,37.50,,true,true,,,,,,https://cdn.shopify.com/s/files/1/0668/0861/1129/files/101023542CosmicTwistPop80g.jpg?v=1754022953,1,"",false,,,,,,,,,,,,,,,,,,,,kg,,,active
cosmic-twist-pops-80g-x-24ct,,,,,,,,,Shipper (4 Outer),,,,,,,,101023542_Shipper,0.0,shopify,3,deny,manual,150.00,,true,true,,,,,,,,,,,,,,,,,,,,,,,,,,,,,kg,,,
licorice-choc-coated-log-wrapped-63g-x-54ct,Choc Coated Black Lic Log Wrapped 63g x 54ct,"",DutchRusk,"Food, Beverages & Tobacco > Food Items > Candy & Chocolate","","Licorice, Novelty",true,Pack Size,Shipper,,,,,,,,CHOCLOG_Shipper,0.0,shopify,31,deny,manual,105.00,,true,true,,,,,,https://cdn.shopify.com/s/files/1/0668/0861/1129/files/CHOCLOGChocCoatedLicLog.jpg?v=1754022953,1,"",false,,,4748,,,,,,,,,,,,,,,,,kg,,,active
lollipops-berry-pops-6g-2-4kg-x-400ct,Lollipops - Berry Pops 6g - 2kg x 330ct,"",DutchRusk,,"","2kg, Lollipops, Novelty",true,Pack Size,Bag,,,,,,,,SSMBP_Bag,0.0,shopify,7,deny,manual,22.90,,true,true,,,,,,https://cdn.shopify.com/s/files/1/0668/0861/1129/files/SSMBPSamitoBerryPops.jpg?v=1754022954,1,"",false,,,,,,,,,,,,,,,,,,,,kg,,,active
lollipops-berry-pops-6g-2-4kg-x-400ct,,,,,,,,,Shipper (4 Bag),,,,,,,,SSMBP_Shipper,0.0,shopify,1,deny,manual,91.60,,true,true,,,,,,,,,,,,,,,,,,,,,,,,,,,,,kg,,,
lollipops-starlight-pops-6g-2-6kg-x-430ct,Lollipops - Lampiao Starlight Pops 6g - 2.5kg x 430ct,"",DutchRusk,,"","Lollipops, Novelty",true,Pack Size,Bag,,,,,,,,SSLP_Bag,0.0,shopify,13,deny,manual,24.60,,true,true,,,,,,https://cdn.shopify.com/s/files/1/0668/0861/1129/files/SSLPStarlightPops.jpg?v=1754022954,1,"",false,,,,,,,,,,,,,,,,,,,,kg,,,active
lollipops-starlight-pops-6g-2-6kg-x-430ct,,,,,,,,,Shipper (4 Bag),,,,,,,,SSLP_Shipper,0.0,shopify,3,deny,manual,98.40,,true,true,,,,,,,,,,,,,,,,,,,,,,,,,,,,,kg,,,
2kg-wild-berries-x-425ct,2kg Wild Berries x 425ct,"",DutchRusk,,"","2kg, Bulk Gummies and Lollies",true,Pack Size,Bag,,,,,,,,SWB_Bag,0.0,shopify,9,deny,manual,22.65,,true,true,,,,,,https://cdn.shopify.com/s/files/1/0668/0861/1129/files/SWBWildBerries.jpg?v=1754022955,1,"",false,,,,,,,,,,,,,,,,,,,,kg,,,active
2kg-wild-berries-x-425ct,,,,,,,,,Shipper (6 Bag),,,,,,,,SWB_Shipper,0.0,shopify,1,deny,manual,135.90,,true,true,,,,,,,,,,,,,,,,,,,,,,,,,,,,,kg,,,
milk-chocolate-hearts-1kg-gold-x-140ct,Milk Chocolate Hearts 1kg - Gold x 140ct,"",DutchRusk,,"","1kg, Bulk Gummies and Lollies, Novelty",true,Pack Size,Bag,,,,,,,,BCHHG_Bag,0.0,shopify,13,deny,manual,43.50,,true,true,,,,,,https://cdn.shopify.com/s/files/1/0668/0861/1129/files/BCHHGMilkChocHeartsGold.jpg?v=1754022956,1,"",false,,,,,,,,,,,,,,,,,,,,kg,,,active
milk-chocolate-hearts-1kg-gold-x-140ct,,,,,,,,,Shipper (6 Bag),,,,,,,,BCHHG_Shipper,0.0,shopify,2,deny,manual,261.00,,true,true,,,,,,,,,,,,,,,,,,,,,,,,,,,,,kg,,,
milk-chocolate-hearts-1kg-red-x-140ct,Milk Chocolate Hearts 1kg - Red x 140ct,"",DutchRusk,,"","1kg, Bulk Gummies and Lollies, Novelty",true,Pack Size,Bag,,,,,,,,BCHHR_Bag,0.0,shopify,12,deny,manual,43.50,,true,true,,,,,,https://cdn.shopify.com/s/files/1/0668/0861/1129/files/BCHHRMilkChocHeartsRed.jpg?v=1754022956,1,"",false,,,,,,,,,,,,,,,,,,,,kg,,,active
milk-chocolate-hearts-1kg-red-x-140ct,,,,,,,,,Shipper (6 Bag),,,,,,,,BCHHR_Shipper,0.0,shopify,2,deny,manual,261.00,,true,true,,,,,,,,,,,,,,,,,,,,,,,,,,,,,kg,,,
2kg-fruit-jellies-x-330ct,2kg Fruit Jellies x 330ct,"",DutchRusk,,"","2kg, Bulk Gummies and Lollies",true,Pack Size,Bag,,,,,,,,SFJ_Bag,0.0,shopify,6,deny,manual,26.00,,true,true,,,,,,https://cdn.shopify.com/s/files/1/0668/0861/1129/files/SFJFruitJellies.jpg?v=1754022957,1,"",false,,,,,,,,,,,,,,,,,,,,kg,,,active
2kg-fruit-jellies-x-330ct,,,,,,,,,Shipper (6 Bag),,,,,,,,SFJ_Shipper,0.0,shopify,1,deny,manual,156.00,,true,true,,,,,,,,,,,,,,,,,,,,,,,,,,,,,kg,,,
2kg-hard-jubes-x-420ct,2kg Hard Jubes x 420ct,"",DutchRusk,,"","2kg, Bulk Gummies and Lollies",true,Pack Size,Bag,,,,,,,,SHJ_Bag,0.0,shopify,6,deny,manual,24.85,,true,true,,,,,,https://cdn.shopify.com/s/files/1/0668/0861/1129/files/SHJHardJubes.jpg?v=1754022957,1,"",false,,,,,,,,,,,,,,,,,,,,kg,,,active
2kg-hard-jubes-x-420ct,,,,,,,,,Shipper (6 Bag),,,,,,,,SHJ_Shipper,0.0,shopify,1,deny,manual,149.10,,true,true,,,,,,,,,,,,,,,,,,,,,,,,,,,,,kg,,,
puffy-mallow-twists-blue-and-white-approx-255ct,Puffy Mallow Twists Blue and White approx 255ct 800g,"",DutchRusk,,"","",true,Pack Size,Outer,,,,,,,,BMTB_Outer,0.0,shopify,14,deny,manual,15.60,,true,true,,,,,,https://cdn.shopify.com/s/files/1/0668/0861/1129/files/BMTBMarshmallowTwistBlue_White.jpg?v=1754022958,1,"",false,,,,,,,,,,,,,,,,,,,,kg,,,active
puffy-mallow-twists-blue-and-white-approx-255ct,,,,,,,,,Shipper (8 Outer),,,,,,,,BMTB_Shipper,0.0,shopify,1,deny,manual,124.80,,true,true,,,,,,,,,,,,,,,,,,,,,,,,,,,,,kg,,,
sharepack-kit-kat-11-bars-in-bag-12-bags-per-box,Sharepack - Kit Kat - 11 bars in bag  12 bags per box,"",Nestle,,"",Sharepacks,true,Pack Size,Shipper,,,,,,,,12553943_Shipper,0.0,shopify,21,deny,manual,67.10,,true,true,,,,,,https://cdn.shopify.com/s/files/1/0668/0861/1129/files/12553943KitKatFunPack.jpg?v=1754022959,1,"",false,,,,,,,,,,,,,,,,,,,,kg,,,active
nestle-block-rolo-170g-x-12ct,Nestle Block - Rolo 170g x 12ct,"",Nestle,,"","Chocolate Blocks, hide-block, hide-shipper, Night n Day Misc",true,Pack Size,Block,,,,,,,,12569376_Block,0.0,shopify,177,deny,manual,5.78,,true,true,,,,,,https://cdn.shopify.com/s/files/1/0668/0861/1129/files/12569376NestleRoloBlock.jpg?v=1754022959,1,"",false,,,,,,,,,,,,,,,,,,,,kg,,,active
nestle-block-rolo-170g-x-12ct,,,,,,,,,Outer (12 Block),,,,,,,,12569376_Outer,0.0,shopify,14,deny,manual,69.36,,true,true,,,,,,,,,,,,,,,,,,,,,,,,,,,,,kg,,,
nestle-block-rolo-170g-x-12ct,,,,,,,,,Shipper (60 Block),,,,,,,,12569376_Shipper,0.0,shopify,2,deny,manual,346.80,,true,true,,,,,,,,,,,,,,,,,,,,,,,,,,,,,kg,,,
nestle-block-milky-bar-cookies-170g-x-12ct,Nestle Block - Milky Bar Cookies 170g x 12ct,"",Nestle,,"","Chocolate Blocks, hide-block, hide-shipper, Night n Day Misc",true,Pack Size,Block,,,,,,,,12549539_Block,0.0,shopify,51,deny,manual,5.78,,true,true,,,,,,https://cdn.shopify.com/s/files/1/0668/0861/1129/files/12549539NestleMilkyBarCookies.jpg?v=1754022960,1,"",false,,,,,,,,,,,,,,,,,,,,kg,,,active
nestle-block-milky-bar-cookies-170g-x-12ct,,,,,,,,,Outer (12 Block),,,,,,,,12549539_Outer,0.0,shopify,4,deny,manual,69.36,,true,true,,,,,,,,,,,,,,,,,,,,,,,,,,,,,kg,,,
nestle-block-milky-bar-cookies-170g-x-12ct,,,,,,,,,Shipper (60 Block),,,,,,,,12549539_Shipper,0.0,shopify,0,deny,manual,346.80,,true,true,,,,,,,,,,,,,,,,,,,,,,,,,,,,,kg,,,
cadbury-roses-225g,Cadbury Roses 225g,"",Cadbury,Uncategorized,"","",true,Pack Size,Unit,,,,,,,,ROSES225G_Unit,0.0,shopify,0,deny,manual,6.99,,true,true,,,,,,https://cdn.shopify.com/s/files/1/0668/0861/1129/files/ROSES225GRosesChocolates225g.jpg?v=1754022960,1,"",false,,,,,,,,,,,,,,,,,,,,kg,,,active
tncc-sour-squirms-family-bag-220g-x-16ct,TNCC Sour Squirms Family Bag 220g x 16ct,"",TNCC,,"","Family Bags, Night n Day Misc, Pascall, TNCC",true,Pack Size,Bag,,,,,,,,4303986_Bag,0.0,shopify,593,deny,manual,3.95,,true,true,,,,,,https://cdn.shopify.com/s/files/1/0668/0861/1129/files/4303986TNCCSQUIRMS.jpg?v=1754022961,1,"",false,,,,,,,,,,,,,,,,,,,,kg,,,active
tncc-sour-squirms-family-bag-220g-x-16ct,,,,,,,,,Shipper (16 Bag),,,,,,,,4303986_Shipper,0.0,shopify,37,deny,manual,63.20,,true,true,,,,,,,,,,,,,,,,,,,,,,,,,,,,,kg,,,
tncc-party-mix-family-bag-220g-x-16ct,TNCC Party Mix Family Bag 220g x 16ct,"",TNCC,,"","Family Bags, Night n Day Misc, Pascall, TNCC",true,Pack Size,Bag,,,,,,,,4303685_Bag,0.0,shopify,715,deny,manual,3.95,,true,true,,,,,,https://cdn.shopify.com/s/files/1/0668/0861/1129/files/4303685TNCCPARTYMIX.jpg?v=1754022961,1,"",false,,,,,,,,,,,,,,,,,,,,kg,,,active
tncc-party-mix-family-bag-220g-x-16ct,,,,,,,,,Shipper (16 Bag),,,,,,,,4303685_Shipper,0.0,shopify,44,deny,manual,63.20,,true,true,,,,,,,,,,,,,,,,,,,,,,,,,,,,,kg,,,
dragon-2kg-fighter-jets-x-400ct,Dragon 2kg Gummy Fighter Jets,"",Dragon,,"","2kg, Bulk Gummies and Lollies, Dragon 2KG, Night n Day Misc",true,Pack Size,Bag,,,,,,,,DR-8855_Bag,0.0,shopify,76,deny,manual,19.25,,true,true,,,,,,https://cdn.shopify.com/s/files/1/0668/0861/1129/files/DR-8855Dragon2kgFighterJets.jpg?v=1754022963,1,"",false,,,,,,,,,,,,,,,,,,,,kg,,,active
dragon-2kg-fighter-jets-x-400ct,,,,,,,,,Shipper (6 Bag),,,,,,,,DR-8855_Shipper,0.0,shopify,12,deny,manual,115.50,,true,true,,,,,,,,,,,,,,,,,,,,,,,,,,,,,kg,,,
pez-pikachu-figures-x-6ct,PEZ Pikachu Figures x 6ct,"",PEZ,,"",Novelty,false,Pack Size,Outer,,,,,,,,PEZPIK_Outer,0.0,shopify,0,deny,manual,21.85,,true,true,,,,,,https://cdn.shopify.com/s/files/1/0668/0861/1129/files/PEZPIKPezPikachu.jpg?v=1754022963,1,"",false,,,,,,,,,,,,,,,,,,,,kg,,,draft
pez-pikachu-figures-x-6ct,,,,,,,,,Shipper (6 Outer),,,,,,,,PEZPIK_Shipper,0.0,shopify,0,deny,manual,131.10,,true,true,,,,,,,,,,,,,,,,,,,,,,,,,,,,,kg,,,
pez-marvel-figures-x-6ct,PEZ Marvel Figures x 6ct,"",PEZ,,"",Novelty,false,Pack Size,Outer,,,,,,,,PEZMAV_Outer,0.0,shopify,0,deny,manual,21.85,,true,true,,,,,,https://cdn.shopify.com/s/files/1/0668/0861/1129/files/PEZMAVPEZMarvel.jpg?v=1754022964,1,"",false,,,,,,,,,,,,,,,,,,,,kg,,,draft
pez-marvel-figures-x-6ct,,,,,,,,,Shipper (6 Outer),,,,,,,,PEZMAV_Shipper,0.0,shopify,0,deny,manual,131.10,,true,true,,,,,,,,,,,,,,,,,,,,,,,,,,,,,kg,,,
pez-sonic-figures-x-6ct,PEZ Sonic Figures x 6ct,"",PEZ,,"",Novelty,true,Pack Size,Outer,,,,,,,,PEZSON_Outer,0.0,shopify,17,deny,manual,21.85,,true,true,,,,,,https://cdn.shopify.com/s/files/1/0668/0861/1129/files/PEZSONPEZSonic.jpg?v=1754022965,1,"",false,,,,,,,,,,,,,,,,,,,,kg,,,active
pez-sonic-figures-x-6ct,,,,,,,,,Shipper (6 Outer),,,,,,,,PEZSON_Shipper,0.0,shopify,2,deny,manual,131.10,,true,true,,,,,,,,,,,,,,,,,,,,,,,,,,,,,kg,,,
trolli-hot-dog-9g-x60ct,Trolli Hot Dog 9g x 60ct,"",Trolli,,"",Novelty,true,Pack Size,Outer,,,,,,,,101213071_Outer,0.0,shopify,74,deny,manual,16.80,,true,true,,,,,,https://cdn.shopify.com/s/files/1/0668/0861/1129/files/101213071TrolliHotDog9g.jpg?v=1754022965,1,"",false,,,,,,,,,,,,,,,,,,,,kg,,,active
trolli-hot-dog-9g-x60ct,,,,,,,,,Shipper (6 Outer),,,,,,,,101213071_Shipper,0.0,shopify,12,deny,manual,100.80,,true,true,,,,,,,,,,,,,,,,,,,,,,,,,,,,,kg,,,
sharepack-smarties-11-bars-in-bag-10-bags-per-box,Sharepack - Smarties - 11 bars in bag  10 bags per box,"",Nestle,,"",Sharepacks,true,Pack Size,Shipper,,,,,,,,12554046_Shipper,0.0,shopify,20,deny,manual,56.00,,true,true,,,,,,https://cdn.shopify.com/s/files/1/0668/0861/1129/files/12554046SmartiesFunPack140g.jpg?v=1754022966,1,"",false,,,,,,,,,,,,,,,,,,,,kg,,,active
kofresh-aloe-vera-drink-500ml-x-20ct,Kofresh Aloe Vera Drink 500ml x 20ct,"",DutchRusk,,"","Drinks, Herbal Drinks",false,Pack Size,Shipper,,,,,,,,A0001_Shipper,0.0,shopify,0,deny,manual,40.60,,true,true,,,,,,https://cdn.shopify.com/s/files/1/0668/0861/1129/files/A0001AloeVeraDrink500ml.jpg?v=1754022966,1,"",false,,,,,,,,,,,,,,,,,,,,kg,,,draft
hersheys-milk-chocolate-43g-x-36ct,Hersheys Milk Chocolate 43g x 36ct,"",Hersheys,Uncategorized,"","Night n Day Misc, Novelty",true,Pack Size,Outer,,,,,,,,H0009_Outer,0.0,shopify,0,deny,manual,75.80,,true,true,,,,,,https://cdn.shopify.com/s/files/1/0668/0861/1129/files/H0009HersheysMilkChoc.jpg?v=1754022967,1,"",false,,,,,,,,,,,,,,,,,,,,kg,,,active
sour-patch-kids-watermelon-theatre-100g-x-12ct,Sour Patch Kids Watermelon Theatre 100g x 12ct,"",Sour Patch Kids,Uncategorized,"",Theatre Box,false,Pack Size,Outer,,,,,,,,S0217_Outer,0.0,shopify,0,deny,manual,40.00,,true,true,,,,,,https://cdn.shopify.com/s/files/1/0668/0861/1129/files/S0217SourPatchKidsWatermelon.jpg?v=1754022967,1,"",false,,,,,,,,,,,,,,,,,,,,kg,,,draft
sour-patch-kids-extreme-theatre-box-100g-x-12ct,Sour Patch Kids Extreme Theatre Box 100g x 12ct,"",Sour Patch Kids,,"","Novelty, Theatre Box",false,Pack Size,Outer,,,,,,,,S0215_Outer,0.0,shopify,0,deny,manual,40.00,,true,true,,,,,,https://cdn.shopify.com/s/files/1/0668/0861/1129/files/S0215SourPatchKidsExtreme.jpg?v=1754022968,1,"",false,,,,,,,,,,,,,,,,,,,,kg,,,draft
toy-avengers-figures-1,Toy - Avengers Figures,"",DutchRusk,,"","Novelty, Toys",true,Pack Size,Each,,,,,,,,99935-1_Each,0.0,shopify,0,deny,manual,2.20,,true,true,,,,,,https://cdn.shopify.com/s/files/1/0668/0861/1129/files/99935-1AvengersFigures.jpg?v=1754022968,1,"",false,,,,,,,,,,,,,,,,,,,,kg,,,active
reeses-nutrageous-47g-x-18ct,Reeses Nutrageous 47g x 18ct,"",Reeses,,"","Night n Day Misc, Novelty",true,Pack Size,Outer,,,,,,,,R00901_Outer,0.0,shopify,0,deny,manual,35.25,,true,true,,,,,,https://cdn.shopify.com/s/files/1/0668/0861/1129/files/R00901ReesesNutrageous47g.jpg?v=1754022969,1,"",false,,,,,,,,,,,,,,,,,,,,kg,,,active
reeses-nutrageous-47g-x-18ct,,,,,,,,,Shipper (18 Outer),,,,,,,,R00901_Shipper,0.0,shopify,0,deny,manual,634.50,,true,true,,,,,,,,,,,,,,,,,,,,,,,,,,,,,kg,,,
reeses-xl-peanut-butter-bar-120g-x-12ct,Reeses XL Peanut Butter Bar 120g x 12ct,"",Reeses,,"","Chocolate Blocks, hide-block, hide-shipper, Novelty",false,Pack Size,Outer,,,,,,,,R0108_Outer,0.0,shopify,0,deny,manual,55.15,,true,true,,,,,,https://cdn.shopify.com/s/files/1/0668/0861/1129/files/R0108ReesesXLPeanutButterBar120g.jpg?v=1754022970,1,"",false,,,,,,,,,,,,,,,,,,,,kg,,,draft
reeses-xl-peanut-butter-bar-120g-x-12ct,,,,,,,,,Shipper (18 Outer),,,,,,,,R0108_Shipper,0.0,shopify,0,deny,manual,0.00,,true,true,,,,,,,,,,,,,,,,,,,,,,,,,,,,,kg,,,
tootsie-crows-184g-x-12ct,Tootsie Crows 184g x 12ct,"",Tootsie,,"",Novelty,false,Pack Size,Outer,,,,,,,,C0379_Outer,0.0,shopify,0,deny,manual,34.00,,true,true,,,,,,https://cdn.shopify.com/s/files/1/0668/0861/1129/files/C0379TootsieCrows.jpg?v=1754022970,1,"",false,,,,,,,,,,,,,,,,,,,,kg,,,draft
nestle-block-kit-kat-160g-x-12ct,Nestle Block - Kit Kat 160g x 12ct,"",Nestle,,"","Chocolate Blocks, hide-block, hide-shipper, Night n Day Misc",true,Pack Size,Block,,,,,,,,12549622_Block,0.0,shopify,78,deny,manual,5.78,,true,true,,,,,,https://cdn.shopify.com/s/files/1/0668/0861/1129/files/12549622NestleKitKatblock.jpg?v=1754022971,1,"",false,,,,,,,,,,,,,,,,,,,,kg,,,active
nestle-block-kit-kat-160g-x-12ct,,,,,,,,,Outer (12 Block),,,,,,,,12549622_Outer,0.0,shopify,6,deny,manual,69.36,,true,true,,,,,,,,,,,,,,,,,,,,,,,,,,,,,kg,,,
nestle-block-kit-kat-160g-x-12ct,,,,,,,,,Shipper (72 Block),,,,,,,,12549622_Shipper,0.0,shopify,1,deny,manual,416.16,,true,true,,,,,,,,,,,,,,,,,,,,,,,,,,,,,kg,,,
nestle-chokito-50g-x36ct,Nestle Chokito 55g x 36ct,"",Nestle,,"","hide-shipper, Nestle Single Bars, Night n Day Misc",true,Pack Size,Outer,,,,,,,,12565559_Outer,0.0,shopify,47,deny,manual,67.50,,true,true,,,,,,https://cdn.shopify.com/s/files/1/0668/0861/1129/files/12565559NestleChokito.jpg?v=1754022971,1,"",false,,,,,,,,,,,,,,,,,,,,kg,,,active
nestle-chokito-50g-x36ct,,,,,,,,,Shipper (6 Outer),,,,,,,,12565559_Shipper,0.0,shopify,7,deny,manual,405.00,,true,true,,,,,,,,,,,,,,,,,,,,,,,,,,,,,kg,,,
nestle-kit-kat-chunky-gooey-caramel-48g-x-36ct,Nestle Kit Kat Chunky Gooey Caramel 48g x 36ct,"",Nestle,,"","hide-shipper, Nestle Single Bars, Night n Day Misc",true,Pack Size,Outer,,,,,,,,12516805_Outer,0.0,shopify,34,deny,manual,67.50,,true,true,,,,,,https://cdn.shopify.com/s/files/1/0668/0861/1129/files/12516805KITKATCHUNKCARAMEL.jpg?v=1754022973,1,"",false,,,,,,,,,,,,,,,,,,,,kg,,,active
nestle-kit-kat-chunky-gooey-caramel-48g-x-36ct,,,,,,,,,Shipper (6 Outer),,,,,,,,12516805_Shipper,0.0,shopify,5,deny,manual,405.00,,true,true,,,,,,,,,,,,,,,,,,,,,,,,,,,,,kg,,,
tncc-sour-patch-kids-190g-x-20ct-1,TNCC Sour Patch Kids 190g x 20ct,"",TNCC,Uncategorized,"","Family Bags, hide-bag, Night n Day Misc, Pascall, TNCC",true,Pack Size,Bag,,,,,,,,4303679_Bag,0.0,shopify,671,deny,manual,3.95,,true,true,,,,,,https://cdn.shopify.com/s/files/1/0668/0861/1129/files/4303679SourPatch220g.jpg?v=1754022973,1,"",false,,,,,,,,,,,,,,,,,,,,kg,,,active
tncc-sour-patch-kids-190g-x-20ct-1,,,,,,,,,Shipper (20 Bag),,,,,,,,4303679_Shipper,0.0,shopify,33,deny,manual,79.00,,true,true,,,,,,,,,,,,,,,,,,,,,,,,,,,,,kg,,,
vidal-sour-multicolour-bricks-1-6kg,Vidal Sour Multicolour Bricks 250ct 1.6kg,"",Vidal,,"",Bulk Gummies and Lollies,true,Pack Size,Outer,,,,,,,,SVSCB-1_Outer,0.0,shopify,4,deny,manual,29.80,,true,true,,,,,,https://cdn.shopify.com/s/files/1/0668/0861/1129/files/SVSCB-1VidalMulticolourBrick.jpg?v=1754022974,1,"",false,,,,,,,,,,,,,,,,,,,,kg,,,active
vidal-sour-multicolour-bricks-1-6kg,,,,,,,,,Shipper (6 Outer),,,,,,,,SVSCB-1_Shipper,0.0,shopify,0,deny,manual,178.80,,true,true,,,,,,,,,,,,,,,,,,,,,,,,,,,,,kg,,,
puffy-mallow-twists-pink-and-white-approx-255ct,Puffy Mallow Twists Pink and White approx 255ct 800g,"",Puffy Mallows,,"",Novelty,true,Pack Size,Outer,,,,,,,,BMTP_Outer,0.0,shopify,3,deny,manual,15.60,,true,true,,,,,,https://cdn.shopify.com/s/files/1/0668/0861/1129/files/BMTPMallowTwistsPink.jpg?v=1754022974,1,"",false,,,,,,,,,,,,,,,,,,,,kg,,,active
puffy-mallow-twists-pink-and-white-approx-255ct,,,,,,,,,Shipper (8 Outer),,,,,,,,BMTP_Shipper,0.0,shopify,0,deny,manual,124.80,,true,true,,,,,,,,,,,,,,,,,,,,,,,,,,,,,kg,,,
puffy-mallow-poles-pink-and-white-approx-125ct,Puffy Mallow Poles Pink and White approx 125ct 950g,"",Puffy Mallows,,"",Novelty,true,Pack Size,Outer,,,,,,,,BPMPP_Outer,0.0,shopify,1,deny,manual,15.60,,true,true,,,,,,https://cdn.shopify.com/s/files/1/0668/0861/1129/files/BPMPPMallowPolesPink.jpg?v=1754022975,1,"",false,,,,,,,,,,,,,,,,,,,,kg,,,active
puffy-mallow-poles-pink-and-white-approx-125ct,,,,,,,,,Shipper (6 Outer),,,,,,,,BPMPP_Shipper,0.0,shopify,0,deny,manual,93.60,,true,true,,,,,,,,,,,,,,,,,,,,,,,,,,,,,kg,,,
puffy-mallow-poles-blue-and-white-approx-125ct,Puffy Mallow Poles Blue and White approx 125ct 950g,"",Puffy Mallows,,"",Novelty,true,Pack Size,Outer,,,,,,,,BPMPB_Outer,0.0,shopify,15,deny,manual,15.60,,true,true,,,,,,https://cdn.shopify.com/s/files/1/0668/0861/1129/files/BPMPBMallowPolesBlue.jpg?v=1754022975,1,"",false,,,,,,,,,,,,,,,,,,,,kg,,,active
puffy-mallow-poles-blue-and-white-approx-125ct,,,,,,,,,Shipper (6 Outer),,,,,,,,BPMPB_Shipper,0.0,shopify,2,deny,manual,93.60,,true,true,,,,,,,,,,,,,,,,,,,,,,,,,,,,,kg,,,
dragon-gummy-burger-pops-20g-x-20ct,Dragon Gummy Burger Pops 20g x 20ct,"",Dragon,,"","Dragon Novelty, Night n Day Misc, Novelty",true,Pack Size,Outer,,,,,,,,DR3921_Outer,0.0,shopify,46,deny,manual,13.60,,true,true,,,,,,https://cdn.shopify.com/s/files/1/0668/0861/1129/files/DR3921DragonBurgerPops.jpg?v=1754022977,1,"",false,,,,,,,,,,,,,,,,,,,,kg,,,active
dragon-gummy-burger-pops-20g-x-20ct,,,,,,,,,Shipper (12 Outer),,,,,,,,DR3921_Shipper,0.0,shopify,3,deny,manual,163.20,,true,true,,,,,,,,,,,,,,,,,,,,,,,,,,,,,kg,,,
toy-squishy-mouse-in-cheese-x-12ct,Toy - Squishy Mouse In Cheese x 12ct,"",DutchRusk,,"","Novelty, Toys",false,Pack Size,Outer,,,,,,,,652329_Outer,0.0,shopify,0,deny,manual,18.70,,true,true,,,,,,https://cdn.shopify.com/s/files/1/0668/0861/1129/files/652329PopUpMouse.jpg?v=1754022977,1,"",false,,,,,,,,,,,,,,,,,,,,kg,,,draft
toy-squishy-teddy-x-12ct,Toy - Squishy Teddy x 12ct,"",DutchRusk,,"","Novelty, Toys",true,Pack Size,Outer,,,,,,,,652331_Outer,0.0,shopify,8,deny,manual,21.50,,true,true,,,,,,https://cdn.shopify.com/s/files/1/0668/0861/1129/files/652331SquishyTeddy.jpg?v=1754022978,1,"",false,,,,,,,,,,,,,,,,,,,,kg,,,active
toy-squishy-bat-x-12ct,Toy - Squishy Bat x 12ct,"",DutchRusk,,"","Novelty, Toys",true,Pack Size,Outer,,,,,,,,652334_Outer,0.0,shopify,4,deny,manual,21.50,,true,true,,,,,,https://cdn.shopify.com/s/files/1/0668/0861/1129/files/652334SquishyBats.jpg?v=1754022978,1,"",false,,,,,,,,,,,,,,,,,,,,kg,,,active
toy-squishy-poo-in-toilet-x-12ct,Toy - Squishy Poo In Toilet x 12ct,"",DutchRusk,,"","Novelty, Toys",true,Pack Size,Outer,,,,,,,,652333_Outer,0.0,shopify,10,deny,manual,18.70,,true,true,,,,,,https://cdn.shopify.com/s/files/1/0668/0861/1129/files/652333Squishypooontoile.jpg?v=1754022979,1,"",false,,,,,,,,,,,,,,,,,,,,kg,,,active
vidal-strawberry-bites-250ct,Vidal Strawberry Bites 250ct 1.6kg,"",Vidal,,"","Licorice, Novelty",true,Pack Size,Outer,,,,,,,,SSLB_Outer,0.0,shopify,1,deny,manual,24.90,,true,true,,,,,,https://cdn.shopify.com/s/files/1/0668/0861/1129/files/SSLBStrawberryLicoriceBites.jpg?v=1754022979,1,"",false,,,,,,,,,,,,,,,,,,,,kg,,,active
vidal-strawberry-bites-250ct,,,,,,,,,Shipper (6 Outer),,,,,,,,SSLB_Shipper,0.0,shopify,0,deny,manual,149.40,,true,true,,,,,,,,,,,,,,,,,,,,,,,,,,,,,kg,,,
swirly-pops-12g-x-24ct,Candy Showcase Swirly Pops TUB 12g x 24ct,"",DutchRusk,Uncategorized,"","Lollipops, Novelty",true,Pack Size,Outer,,,,,,,,RSRP_Outer,0.0,shopify,17,deny,manual,8.10,,true,true,,,,,,https://cdn.shopify.com/s/files/1/0668/0861/1129/files/RSRPSwirlyPop.jpg?v=1754022980,1,"",false,,,,,,,,,,,,,,,,,,,,kg,,,active
swirly-pops-12g-x-24ct,,,,,,,,,Shipper (12 Outer),,,,,,,,RSRP_Shipper,0.0,shopify,1,deny,manual,97.20,,true,true,,,,,,,,,,,,,,,,,,,,,,,,,,,,,kg,,,
puffy-mallow-poles-assorted-approx-125ct,Puffy Mallow Poles Assorted approx 125ct 950g,"",Puffy Mallow,,"",Novelty,true,Pack Size,Outer,,,,,,,,BPMPA_Outer,0.0,shopify,5,deny,manual,15.60,,true,true,,,,,,https://cdn.shopify.com/s/files/1/0668/0861/1129/files/BPMPApuffymallowpolesAssorted1.jpg?v=1754022981,1,"",false,,,,,,,,,,,,,,,,,,,,kg,,,active
puffy-mallow-poles-assorted-approx-125ct,,,,,,,,,Shipper (6 Outer),,,,,,,,BPMPA_Shipper,0.0,shopify,0,deny,manual,93.60,,true,true,,,,,,,,,,,,,,,,,,,,,,,,,,,,,kg,,,
tootsie-fruit-chews-99g-x-12ct,Tootsie Fruit Chews 99g x 12ct,"",Tootsie,,"",Theatre Box,false,Pack Size,Outer,,,,,,,,C0378_Outer,0.0,shopify,0,deny,manual,34.00,,true,true,,,,,,https://cdn.shopify.com/s/files/1/0668/0861/1129/files/C0378TootsieFruitChews.jpg?v=1754022981,1,"",false,,,,,,,,,,,,,,,,,,,,kg,,,draft
tootsie-pop-drops-99g-x-12ct,Tootsie Pop Drops 99g x 12ct,"",Tootsie,,"",Theatre Box,false,Pack Size,Outer,,,,,,,,C0377_Outer,0.0,shopify,0,deny,manual,34.00,,true,true,,,,,,https://cdn.shopify.com/s/files/1/0668/0861/1129/files/C0377TootsiePopDrops.jpg?v=1754022982,1,"",false,,,,,,,,,,,,,,,,,,,,kg,,,draft
dots-tropical-184g-x-12ct,Dots Tropical 184g x 12ct,"",Dots,,"",Theatre Box,false,Pack Size,Outer,,,,,,,,D0195_Outer,0.0,shopify,0,deny,manual,34.00,,true,true,,,,,,https://cdn.shopify.com/s/files/1/0668/0861/1129/files/D0195DotsTropical.jpg?v=1754022982,1,"",false,,,,,,,,,,,,,,,,,,,,kg,,,draft
dots-original-184g-x-12ct,Dots Original 184g x 12ct,"",Dots,,"",Theatre Box,false,Pack Size,Outer,,,,,,,,D0194_Outer,0.0,shopify,0,deny,manual,34.00,,true,true,,,,,,https://cdn.shopify.com/s/files/1/0668/0861/1129/files/D0194TootsieDots.jpg?v=1754022983,1,"",false,,,,,,,,,,,,,,,,,,,,kg,,,draft
vidal-sour-strawberry-bricks-250ct,Vidal Sour Strawberry Bricks 120ct 1kg,"",Vidal,,"","1kg, Bulk Gummies and Lollies, Novelty",true,Pack Size,Outer,,,,,,,,SVSSB_Outer,0.0,shopify,0,deny,manual,14.90,,true,true,,,,,,https://cdn.shopify.com/s/files/1/0668/0861/1129/files/SVSSBVidalSourStrawberryBricks.jpg?v=1754022983,1,"",false,,,,,,,,,,,,,,,,,,,,kg,,,active
vidal-sour-strawberry-bricks-250ct,,,,,,,,,Shipper (12 Outer),,,,,,,,SVSSB_Shipper,0.0,shopify,0,deny,manual,178.80,,true,true,,,,,,,,,,,,,,,,,,,,,,,,,,,,,kg,,,
nerds-rope-tropical-26g-x-24ct,Nerds Rope Tropical 26g x 24ct,"",Wonka,Uncategorized,"","Archie Brothers, Novelty",true,Pack Size,Outer,,,,,,,,U0023_Outer,0.0,shopify,32,deny,manual,52.00,,true,true,,,,,,https://cdn.shopify.com/s/files/1/0668/0861/1129/files/U0023NerdsRopeTropical.jpg?v=1754022984,1,"",false,,,,,,,,,,,,,,,,,,,,kg,,,active
cadbury-christmas-marshmallow-santa-35g-x-40ct-1,Cadbury Christmas Marshmallow Santa 35g x 40ct,"",Cadbury,Uncategorized,"","",true,Pack Size,Outer,,,,,,,,4276212_Outer,0.0,shopify,0,deny,manual,57.40,,true,true,,,,,,https://cdn.shopify.com/s/files/1/0668/0861/1129/files/4276212SANTAMARSHMALLOW.jpg?v=1754022984,1,"",false,,,,,,,,,,,,,,,,,,,,kg,,,active
cadbury-christmas-marshmallow-santa-35g-x-40ct-1,,,,,,,,,Shipper (4 Outer),,,,,,,,4276212_Shipper,0.0,shopify,0,deny,manual,229.60,,true,true,,,,,,,,,,,,,,,,,,,,,,,,,,,,,kg,,,
vidal-bubblegum-blue-raspberry-x-230ct,Vidal Bubblegum - Blue Raspberry 250ct  1.5kg,"",Vidal,,"",Novelty,true,Pack Size,Outer,,,,,,,,SBRB_Outer,0.0,shopify,0,deny,manual,23.65,,true,true,,,,,,https://cdn.shopify.com/s/files/1/0668/0861/1129/files/SBRBBlueRaspberryBubblegum1.jpg?v=1754022985,1,"",false,,,,,,,,,,,,,,,,,,,,kg,,,active
vidal-bubblegum-blue-raspberry-x-230ct,,,,,,,,,Shipper (6 Outer),,,,,,,,SBRB_Shipper,0.0,shopify,0,deny,manual,141.90,,true,true,,,,,,,,,,,,,,,,,,,,,,,,,,,,,kg,,,
vidal-bubblegum-strawberry-x-230ct,Vidal Bubblegum - Strawberry 250ct 1.5kg,"",Vidal,,"",Novelty,true,Pack Size,Outer,,,,,,,,SSB_Outer,0.0,shopify,3,deny,manual,23.65,,true,true,,,,,,https://cdn.shopify.com/s/files/1/0668/0861/1129/files/SSBVidalStrawberryGum.jpg?v=1754022986,1,"",false,,,,,,,,,,,,,,,,,,,,kg,,,active
vidal-bubblegum-strawberry-x-230ct,,,,,,,,,Shipper (6 Outer),,,,,,,,SSB_Shipper,0.0,shopify,0,deny,manual,141.90,,true,true,,,,,,,,,,,,,,,,,,,,,,,,,,,,,kg,,,
vidal-bubblegum-melon-x-230ct,Vidal Bubblegum - Melon 250ct 1.4kg,"",Vidal,,"",Novelty,true,Pack Size,Outer,,,,,,,,SMB_Outer,0.0,shopify,21,deny,manual,23.65,,true,true,,,,,,https://cdn.shopify.com/s/files/1/0668/0861/1129/files/SMBVidalMelonGum.jpg?v=1754022986,1,"",false,,,,,,,,,,,,,,,,,,,,kg,,,active
vidal-bubblegum-melon-x-230ct,,,,,,,,,Shipper (6 Outer),,,,,,,,SMB_Shipper,0.0,shopify,3,deny,manual,141.90,,true,true,,,,,,,,,,,,,,,,,,,,,,,,,,,,,kg,,,
vidal-filled-skulls-150ct,Vidal Filled Skulls Tub x 75ct,"",Vidal,,"",Novelty,true,Pack Size,Outer,,,,,,,,SFISK_Outer,0.0,shopify,11,deny,manual,14.30,,true,true,,,,,,https://cdn.shopify.com/s/files/1/0668/0861/1129/files/SFISKfilledskulls1.jpg?v=1754022987,1,"",false,,,,,,,,,,,,,,,,,,,,kg,,,active
vidal-filled-skulls-150ct,,,,,,,,,Shipper (12 Outer),,,,,,,,SFISK_Shipper,0.0,shopify,0,deny,manual,171.60,,true,true,,,,,,,,,,,,,,,,,,,,,,,,,,,,,kg,,,
vidal-filled-brains-150ct,Vidal Filled Brains Tub x 75ct,"",Vidal,,"",Novelty,true,Pack Size,Outer,,,,,,,,SFIB_Outer,0.0,shopify,13,deny,manual,14.30,,true,true,,,,,,https://cdn.shopify.com/s/files/1/0668/0861/1129/files/SFIBFilledBrains3.jpg?v=1754022987,1,"",false,,,,,,,,,,,,,,,,,,,,kg,,,active
vidal-filled-brains-150ct,,,,,,,,,Shipper (12 Outer),,,,,,,,SFIB_Shipper,0.0,shopify,1,deny,manual,171.60,,true,true,,,,,,,,,,,,,,,,,,,,,,,,,,,,,kg,,,
vidal-passionfruit-bites-250ct,Vidal Passionfruit Bites 250ct 1.5kg,"",Vidal,,"","Licorice, Novelty",true,Pack Size,Outer,,,,,,,,SPFLB_Outer,0.0,shopify,5,deny,manual,24.90,,true,true,,,,,,https://cdn.shopify.com/s/files/1/0668/0861/1129/files/SPFLBPassionFruitBites1.jpg?v=1754022988,1,"",false,,,,,,,,,,,,,,,,,,,,kg,,,active
vidal-passionfruit-bites-250ct,,,,,,,,,Shipper (6 Outer),,,,,,,,SPFLB_Shipper,0.0,shopify,0,deny,manual,149.40,,true,true,,,,,,,,,,,,,,,,,,,,,,,,,,,,,kg,,,
mallow-twist-multicolour-270ct,Mallow Twist Multicolour 270ct 800g,"",DutchRusk,,"","",true,Pack Size,Outer,,,,,,,,BMTMC_Outer,0.0,shopify,16,deny,manual,15.60,,true,true,,,,,,https://cdn.shopify.com/s/files/1/0668/0861/1129/files/BMTMCMallowTwist.jpg?v=1754022988,1,"",false,,,,,,,,,,,,,,,,,,,,kg,,,active
mallow-twist-multicolour-270ct,,,,,,,,,Shipper (8 Outer),,,,,,,,BMTMC_Shipper,0.0,shopify,2,deny,manual,124.80,,true,true,,,,,,,,,,,,,,,,,,,,,,,,,,,,,kg,,,
chupa-chups-lollipop-melody-pop-fruit-x-48ct,Chupa Chups Lollipop Melody Pop Fruit x 48ct,"",Chupa Chups,,"","Lollipops, Novelty",true,Pack Size,Outer,,,,,,,,101217405_Outer,0.0,shopify,27,deny,manual,29.45,,true,true,,,,,,https://cdn.shopify.com/s/files/1/0668/0861/1129/files/101217405MELODYPOPS.jpg?v=1754022989,1,"",false,,,,,,,,,,,,,,,,,,,,kg,,,active
chupa-chups-lollipop-melody-pop-fruit-x-48ct,,,,,,,,,Shipper (6 Outer),,,,,,,,101217405_Shipper,0.0,shopify,4,deny,manual,176.70,,true,true,,,,,,,,,,,,,,,,,,,,,,,,,,,,,kg,,,
rainbow-1kg-jelly-babies-x-200ct,Rainbow 1kg Jelly Babies x 200ct,"",Rainbow,,"","1kg, Bulk Gummies and Lollies, Night n Day Misc, Rainbow",true,Pack Size,Bag,,,,,,,,15019_Bag,0.0,shopify,96,deny,manual,9.50,,true,true,,,,,,https://cdn.shopify.com/s/files/1/0668/0861/1129/files/15019RainbowJellyBabies.jpg?v=1754022990,1,"",false,,,,,,,,,,,,,,,,,,,,kg,,,active
rainbow-1kg-jelly-babies-x-200ct,,,,,,,,,Shipper (6 Bag),,,,,,,,15019_Shipper,0.0,shopify,16,deny,manual,57.00,,true,true,,,,,,,,,,,,,,,,,,,,,,,,,,,,,kg,,,
cadbury-180g-dream-block-x-15ct,Cadbury 180g Dream Block x 16ct,"",Cadbury,,"","Cadbury Blocks, Chocolate Blocks, hide-block, hide-shipper",true,Pack Size,Block,,,,,,,,4299134_Block,0.0,shopify,267,deny,manual,4.72,,true,true,,,,,,https://cdn.shopify.com/s/files/1/0668/0861/1129/files/4299134CadburyDream180gblock.jpg?v=1754022990,1,"",false,,,,,,,,,,,,,,,,,,,,kg,,,active
cadbury-180g-dream-block-x-15ct,,,,,,,,,Outer (16 Block),,,,,,,,4299134_Outer,0.0,shopify,16,deny,manual,75.52,,true,true,,,,,,,,,,,,,,,,,,,,,,,,,,,,,kg,,,
cadbury-180g-dream-block-x-15ct,,,,,,,,,Shipper (64 Block),,,,,,,,4299134_Shipper,0.0,shopify,4,deny,manual,302.08,,true,true,,,,,,,,,,,,,,,,,,,,,,,,,,,,,kg,,,
dragon-fruity-ice-150g-x-40ct,Dragon Fruity Ice 150g x 40ct,"",Dragon,Uncategorized,"","Dragon Novelty, Night n Day Misc, Novelty",true,Pack Size,Shipper,,,,,,,,DR333-2_Shipper,0.0,shopify,80,deny,manual,44.99,,true,true,,,,,,https://cdn.shopify.com/s/files/1/0668/0861/1129/files/DR333-2DragonFruityIce.jpg?v=1773878931,1,"",false,,,,,,,,,,,,,,,,,,,,kg,,,active
tango-blue-raspberry-chewbites-30g-x-40ct,Tango Blue Raspberry Chewbies 30g x 40ct,"",DutchRusk,,"",Novelty,false,Pack Size,Outer,,,,,,,,Z0028_Outer,0.0,shopify,0,deny,manual,23.60,,true,true,,,,,,https://cdn.shopify.com/s/files/1/0668/0861/1129/files/Z0028TangoBlueRaspberryChewbies.jpg?v=1754022991,1,"",false,,,,,,,,,,,,,,,,,,,,kg,,,draft
tango-blue-raspberry-chewbites-30g-x-40ct,,,,,,,,,Shipper (12 Outer),,,,,,,,Z0028_Shipper,0.0,shopify,0,deny,manual,0.00,,true,true,,,,,,,,,,,,,,,,,,,,,,,,,,,,,kg,,,
tango-apple-chewbites-30g-x-40ct,Tango Apple Chewbies 30g x 40ct,"",DutchRusk,,"",Novelty,false,Pack Size,Outer,,,,,,,,Z0026_Outer,0.0,shopify,0,deny,manual,23.60,,true,true,,,,,,https://cdn.shopify.com/s/files/1/0668/0861/1129/files/Z0026TangoAppleChewbies.jpg?v=1754022992,1,"",false,,,,,,,,,,,,,,,,,,,,kg,,,draft
tango-apple-chewbites-30g-x-40ct,,,,,,,,,Shipper (12 Outer),,,,,,,,Z0026_Shipper,0.0,shopify,0,deny,manual,0.00,,true,true,,,,,,,,,,,,,,,,,,,,,,,,,,,,,kg,,,
tango-orange-chewbites-30g-x-40ct,Tango Orange Chewbies 30g x 40ct,"",DutchRusk,,"",Novelty,false,Pack Size,Outer,,,,,,,,Z0027_Outer,0.0,shopify,0,deny,manual,23.60,,true,true,,,,,,https://cdn.shopify.com/s/files/1/0668/0861/1129/files/Z0027TangoOrangeChewbies.jpg?v=1754022992,1,"",false,,,,,,,,,,,,,,,,,,,,kg,,,draft
tango-orange-chewbites-30g-x-40ct,,,,,,,,,Shipper (12 Outer),,,,,,,,Z0027_Shipper,0.0,shopify,0,deny,manual,0.00,,true,true,,,,,,,,,,,,,,,,,,,,,,,,,,,,,kg,,,
toy-with-candy-jackpot-machine-x-12ct,Toy With Candy - Jackpot Machine x 12ct,"",DutchRusk,,"","Novelty, Toys",true,Pack Size,Outer,,,,,,,,C0363_Outer,0.0,shopify,76,deny,manual,15.50,,true,true,,,,,,https://cdn.shopify.com/s/files/1/0668/0861/1129/files/C0363JackpotMachine.jpg?v=1754022993,1,"",false,,,,,,,,,,,,,,,,,,,,kg,,,active
zombie-chews-tutti-fruitti-28g-x72ct,Zombie Chews Tutti Fruitti 28g x72ct,"",DutchRusk,Uncategorized,"","Novelty, Zombie Chews",false,Pack Size,Outer,,,,,,,,Z0007_Outer,0.0,shopify,0,deny,manual,26.75,,true,true,,,,,,https://cdn.shopify.com/s/files/1/0668/0861/1129/files/file_af78e9f3-5073-4abe-9cff-ea1433808e9a.jpg?v=1754880380,1,Z0007,false,,,,,,,,,,,,,,,,,,,,kg,,,draft
zombie-chews-tutti-fruitti-28g-x72ct,,,,,,,,,Shipper (9 Outer),,,,,,,,Z0007_Shipper,0.0,shopify,0,deny,manual,160.50,,true,true,,,,,,,,,,,,,,,,,,,,,,,,,,,,,kg,,,
toy-with-candy-gun-pop-x-12ct,Toy With Candy - Gun Pop x 12ct,"",DutchRusk,,"","Lollipops, Novelty, Toys",false,Pack Size,Outer,,,,,,,,C0370_Outer,0.0,shopify,0,deny,manual,18.00,,true,true,,,,,,https://cdn.shopify.com/s/files/1/0668/0861/1129/files/C0370CandyGun.jpg?v=1754022994,1,"",false,,,,,,,,,,,,,,,,,,,,kg,,,draft
toy-with-candy-helicopter-x-12ct,Toy With Candy - Helicopter x 12ct,"",DutchRusk,,"","Novelty, Toys",false,Pack Size,Outer,,,,,,,,C0369_Outer,0.0,shopify,0,deny,manual,18.00,,true,true,,,,,,https://cdn.shopify.com/s/files/1/0668/0861/1129/files/C0369helicopter.jpg?v=1754022994,1,"",false,,,,,,,,,,,,,,,,,,,,kg,,,draft
pringles-118g-chipotle-sour-cream-x12ct,Pringles 118g Chipotle Sour Cream x12ct,"",Pringles,,"","Chips, Snacks",true,Pack Size,Shipper,,,,,,,,86467122560_Shipper,0.0,shopify,0,deny,manual,44.45,,true,true,,,,,,https://cdn.shopify.com/s/files/1/0668/0861/1129/files/86467122560PringlesChipotleSourCream.jpg?v=1754022996,1,"",false,,,,,,,,,,,,,,,,,,,,kg,,,active
toastie-coconut-bar-80g-x-25ct,Rocky Road Toastie Coconut Bar 80g x 25ct,"",DutchRusk,,"","",true,Pack Size,Outer,,,,,,,,TOASTIE_Outer,0.0,shopify,17,deny,manual,48.95,,true,true,,,,,,https://cdn.shopify.com/s/files/1/0668/0861/1129/files/file_545651ae-f858-4c16-89d2-0cb34bb76bcf.jpg?v=1754880325,1,TOASTIE,false,,,,,,,,,,,,,,,,,,,,kg,,,active
pronto-usb-3-in-1-charging-cable,Pronto USB 3 In 1 Charging Cable,"",Pronto,,"",Charging Cables,true,Pack Size,Each,,,,,,,,PRONTO2_Each,0.0,shopify,475,deny,manual,8.00,,true,true,,,,,,https://cdn.shopify.com/s/files/1/0668/0861/1129/files/PRONTO2ProntoUSB3in1ChargingCable.jpg?v=1754022997,1,"",false,,,,,,,,,,,,,,,,,,,,kg,,,active
chupa-chups-fizzy-drink-pops-90g-x-8ct,Chupa Chups Fizzy Drink Pops 90g x 8ct,"",Chupa Chups,,"","Drinks, Lollipops, Novelty",true,Pack Size,Outer,,,,,,,,101028385_Outer,0.0,shopify,31,deny,manual,20.25,,true,true,,,,,,https://cdn.shopify.com/s/files/1/0668/0861/1129/files/file_fc0dd70f-dbed-4b8f-a348-2823648e8b71.jpg?v=1754876504,1,101028385,false,,,,,,,,,,,,,,,,,,,,kg,,,active
chupa-chups-fizzy-drink-pops-90g-x-8ct,,,,,,,,,Shipper (6 Outer),,,,,,,,101028385_Shipper,0.0,shopify,5,deny,manual,121.50,,true,true,,,,,,,,,,,,,,,,,,,,,,,,,,,,,kg,,,
toy-with-candy-dinosaur-in-airplane-fan-x-12ct,Toy With Candy - Dinosaur in Airplane Fan x 12ct,"",DutchRusk,,"","Novelty, Toys",false,Pack Size,Outer,,,,,,,,C0367_Outer,0.0,shopify,0,deny,manual,24.00,,true,true,,,,,,https://cdn.shopify.com/s/files/1/0668/0861/1129/files/C0367DinosaurFan.jpg?v=1754022998,1,"",false,,,,,,,,,,,,,,,,,,,,kg,,,draft
zombie-chews-sour-cola-28g-x72ct,Zombie Chews Sour Cola 28g x72ct,"",DutchRusk,,"",Novelty,true,Pack Size,Outer,,,,,,,,Z0005_Outer,0.0,shopify,44,deny,manual,27.75,,true,true,,,,,,https://cdn.shopify.com/s/files/1/0668/0861/1129/files/Z0005ZOMBIECOLA.jpg?v=1754022999,1,"",false,,,,,,,,,,,,,,,,,,,,kg,,,active
zombie-chews-sour-cola-28g-x72ct,,,,,,,,,Shipper (9 Outer),,,,,,,,Z0005_Shipper,0.0,shopify,7,deny,manual,166.50,,true,true,,,,,,,,,,,,,,,,,,,,,,,,,,,,,kg,,,
musashi-energy-500ml-lemonade-x-12ct,Musashi Energy 500ml - Lemonade x 12ct,"",Musashi,"Food, Beverages & Tobacco > Beverages > Sports & Energy Drinks > Energy Drinks","","Musashi, Musashi Energy Cans",true,Pack Size,Tray,,,,,,,,32756_Tray,0.0,shopify,53,deny,manual,37.50,,true,true,,,,,,https://cdn.shopify.com/s/files/1/0668/0861/1129/files/32756MusashiEnergy500ml.jpg?v=1754022999,1,"",false,,,5723,,,,,,,,,,,,,,,,,kg,,,active
ctc-graffiti-splash-70ml-x-12ct,CTC Graffiti Splash 70ml x 12ct,"",DutchRusk,,"",Novelty,true,Pack Size,Outer,,,,,,,,101139935_Outer,0.0,shopify,29,deny,manual,24.75,,true,true,,,,,,https://cdn.shopify.com/s/files/1/0668/0861/1129/files/101139935CTCGraffitSplash.jpg?v=1754023000,1,"",false,,,,,,,,,,,,,,,,,,,,kg,,,active
ctc-graffiti-splash-70ml-x-12ct,,,,,,,,,Shipper (8 Outer),,,,,,,,101139935_Shipper,0.0,shopify,3,deny,manual,198.00,,true,true,,,,,,,,,,,,,,,,,,,,,,,,,,,,,kg,,,
ctc-candy-liquid-shots-68ml-x-12ct,CTC Candy Liquid Shots 68ml x 12ct,"",DutchRusk,,"",Novelty,false,Pack Size,Outer,,,,,,,,101139934_Outer,0.0,shopify,0,deny,manual,0.00,,true,true,,,,,,https://cdn.shopify.com/s/files/1/0668/0861/1129/files/file_063ae199-8f39-4d57-8c7a-977ed4435062.jpg?v=1754876521,1,101139934,false,,,,,,,,,,,,,,,,,,,,kg,,,draft
ctc-candy-liquid-shots-68ml-x-12ct,,,,,,,,,Shipper (8 Outer),,,,,,,,101139934_Shipper,0.0,shopify,0,deny,manual,0.00,,true,true,,,,,,,,,,,,,,,,,,,,,,,,,,,,,kg,,,
oreo-128g-original-x-20ct,Oreo 128g Original x 20ct,"",Cadbury,,"","Cookies, hide-packet, Kingpin Queenstown, Oreo, Xtreme Wairau",false,Pack Size,Packet,,,,,,,,4304703_Packet,0.0,shopify,500,deny,manual,1.40,,true,true,,,,,,https://cdn.shopify.com/s/files/1/0668/0861/1129/files/4304703Oreo128goriginal.jpg?v=1754023001,1,"",false,,,,,,,,,,,,,,,,,,,,kg,,,draft
oreo-128g-original-x-20ct,,,,,,,,,Shipper (20 Packet),,,,,,,,4304703_Shipper,0.0,shopify,25,deny,manual,28.00,,true,true,,,,,,,,,,,,,,,,,,,,,,,,,,,,,kg,,,
44g-snickers-x-50ct,44g Snickers x 50ct,"",Mars,Uncategorized,"","hide-shipper, Mars Single Bars",true,Pack Size,Outer,,,,,,,,454043_Outer,0.0,shopify,83,deny,manual,78.20,,true,true,,,,,,https://cdn.shopify.com/s/files/1/0668/0861/1129/files/454043Snickers44g.jpg?v=1754023002,1,"",false,,,,,,,,,,,,,,,,,,,,kg,,,active
44g-snickers-x-50ct,,,,,,,,,Shipper (4 Outer),,,,,,,,454043_Shipper,0.0,shopify,20,deny,manual,312.80,,true,true,,,,,,,,,,,,,,,,,,,,,,,,,,,,,kg,,,
64g-mars-2-pak-new-size-x-25ct,64g Mars 2 Pak Kingsize  x 25ct,"",Mars,,"",Mars Share Bar Chocolates,true,Pack Size,Outer,,,,,,,,453991_Outer,0.0,shopify,50,deny,manual,70.30,,true,true,,,,,,https://cdn.shopify.com/s/files/1/0668/0861/1129/files/453991Mars2pak64g.jpg?v=1754023003,1,"",false,,,,,,,,,,,,,,,,,,,,kg,,,active
64g-mars-2-pak-new-size-x-25ct,,,,,,,,,Shipper (4 Outer),,,,,,,,453991_Shipper,0.0,shopify,12,deny,manual,281.20,,true,true,,,,,,,,,,,,,,,,,,,,,,,,,,,,,kg,,,
47g-mars-new-size-x-50ct,47g Mars x 50ct,"",Mars,Uncategorized,"","hide-shipper, Kingpin Queenstown, Mars Single Bars, Xtreme Wairau, Zone Bowling Henderson, Zone Bowling Manukau",true,Pack Size,Outer,,,,,,,,451125_Outer,0.0,shopify,41,deny,manual,78.20,,true,true,,,,,,https://cdn.shopify.com/s/files/1/0668/0861/1129/files/451125Mars47g.jpg?v=1754023003,1,"",false,,,,,,,,,,,,,,,,,,,,kg,,,active
47g-mars-new-size-x-50ct,,,,,,,,,Shipper (4 Outer),,,,,,,,451125_Shipper,0.0,shopify,10,deny,manual,312.80,,true,true,,,,,,,,,,,,,,,,,,,,,,,,,,,,,kg,,,
eftpos-rolls-large-80mmx-80mm-x-10ct,Eftpos Rolls - LARGE 80mmx 80mm x 10ct,"",DutchRusk,Office Supplies > General Office Supplies > Paper Products > Receipt & Adding Machine Paper Rolls,"",Miscellaneous,true,Pack Size,Packet,,,,,,,,E0003_Packet,0.0,shopify,37,deny,manual,19.10,,true,true,,,,,,https://cdn.shopify.com/s/files/1/0668/0861/1129/files/E0003EftoosRoll-LARGE.jpg?v=1754023004,1,"",false,,,5919,,,,,,,,,,,,,,,,,kg,,,active
eftpos-rolls-large-80mmx-80mm-x-10ct,,,,,,,,,Shipper (5 Packet),,,,,,,,E0003_Shipper,0.0,shopify,7,deny,manual,95.50,,true,true,,,,,,,,,,,,,,,,,,,,,,,,,,,,,kg,,,
whittakers-blocks-250g-hazella-x-12ct,Whittakers Blocks 250g Hazella x 12ct,"",Whittakers,,"","Chocolate Blocks, hide-block, hide-shipper, Night n Day Misc",true,Pack Size,Block,,,,,,,,WHIT29_Block,0.0,shopify,29,deny,manual,7.77,,true,true,,,,,,https://cdn.shopify.com/s/files/1/0668/0861/1129/files/WHIT29WhittakersHazella.jpg?v=1754023005,1,"",false,,,,,,,,,,,,,,,,,,,,kg,,,active
whittakers-blocks-250g-hazella-x-12ct,,,,,,,,,Outer (12 Block),,,,,,,,WHIT29_Outer,0.0,shopify,2,deny,manual,93.24,,true,true,,,,,,,,,,,,,,,,,,,,,,,,,,,,,kg,,,
eftpos-roll-small-57mm-x-37mm-x10ct,Eftpos Roll - SMALL 57mm x 38mm  x 10ct,"",DutchRusk,Office Supplies > General Office Supplies > Paper Products > Receipt & Adding Machine Paper Rolls,"","",true,Pack Size,Packet,,,,,,,,E0036_Packet,0.0,shopify,137,deny,manual,5.05,,true,true,,,,,,https://cdn.shopify.com/s/files/1/0668/0861/1129/files/E0036EftposRoll-SMALL.jpg?v=1754023005,1,"",false,,,5919,,,,,,,,,,,,,,,,,kg,,,active
eftpos-roll-small-57mm-x-37mm-x10ct,,,,,,,,,Shipper (10 Packet),,,,,,,,E0036_Shipper,0.0,shopify,13,deny,manual,50.50,,true,true,,,,,,,,,,,,,,,,,,,,,,,,,,,,,kg,,,
trolli-pizza-xxl-45g-x12ct,Trolli Pizza XXL 45g x12ct,"",Trolli,,"",Novelty,true,Pack Size,Outer,,,,,,,,101132634_Outer,0.0,shopify,29,deny,manual,23.40,,true,true,,,,,,https://cdn.shopify.com/s/files/1/0668/0861/1129/files/101132634TrolliXXLPizza.jpg?v=1754023006,1,"",false,,,,,,,,,,,,,,,,,,,,kg,,,active
trolli-pizza-xxl-45g-x12ct,,,,,,,,,Shipper (4 Outer),,,,,,,,101132634_Shipper,0.0,shopify,7,deny,manual,93.60,,true,true,,,,,,,,,,,,,,,,,,,,,,,,,,,,,kg,,,
pronto-usb-dual-car-charger,Pronto USB Dual Car Charger,"",Pronto,,"","Charging Cables, Miscellaneous",true,Pack Size,Each,,,,,,,,PRONTO1_Each,0.0,shopify,359,deny,manual,10.75,,true,true,,,,,,https://cdn.shopify.com/s/files/1/0668/0861/1129/files/PRONTO1ProntoUSBDualCarCharger.jpg?v=1754023007,1,"",false,,,,,,,,,,,,,,,,,,,,kg,,,active
c4-watermelon-burst-energy-drink-473ml-x12ct,C4 Watermelon Burst Energy Drink 473ml x12ct,"",C4,,"","Drinks, Energy Drinks",false,Pack Size,Tray,,,,,,,,C4SERTDWB_Tray,0.0,shopify,0,deny,manual,59.00,,true,true,,,,,,https://cdn.shopify.com/s/files/1/0668/0861/1129/files/C4SERTDWBC4WatermelonBurst.jpg?v=1754023007,1,"",false,,,,,,,,,,,,,,,,,,,,kg,,,draft
c4-peach-mango-energy-drink-473ml-x12ct,C4 Peach Mango Energy Drink 473ml x12ct,"",C4,,"","Drinks, Energy Drinks",false,Pack Size,Tray,,,,,,,,C4SERTDPM_Tray,0.0,shopify,0,deny,manual,59.00,,true,true,,,,,,https://cdn.shopify.com/s/files/1/0668/0861/1129/files/C4SERTDPMC4PeachMango.jpg?v=1754023008,1,"",false,,,,,,,,,,,,,,,,,,,,kg,,,draft
c4-icy-blue-razz-energy-drink-473ml-x12ct,C4 Icy Blue Razz Energy Drink 473ml x12ct,"",C4,,"","Drinks, Energy Drinks",false,Pack Size,Tray,,,,,,,,C4SERTDIBR_Tray,0.0,shopify,0,deny,manual,59.00,,true,true,,,,,,https://cdn.shopify.com/s/files/1/0668/0861/1129/files/C4SERTDIBRC4IcyBlueRazz.jpg?v=1754023009,1,"",false,,,,,,,,,,,,,,,,,,,,kg,,,draft
toy-with-candy-new-racer-x-12ct,Toy With Candy - New Racer x 12ct,"",DutchRusk,,"","Novelty, Toys",true,Pack Size,Outer,,,,,,,,C0357_Outer,0.0,shopify,87,deny,manual,10.30,,true,true,,,,,,https://cdn.shopify.com/s/files/1/0668/0861/1129/files/C0357NewRacer.jpg?v=1754023009,1,"",false,,,,,,,,,,,,,,,,,,,,kg,,,active
eclipse-mints-40g-tin-grape-x-12ct,Eclipse Mints 40g Tin - Grape x 12ct,"",Mars,,"","Gum, Night n Day Misc, Wrigleys",true,Pack Size,Outer,,,,,,,,425582_Outer,0.0,shopify,34,deny,manual,41.60,,true,true,,,,,,https://cdn.shopify.com/s/files/1/0668/0861/1129/files/425582Eclipse40gGrape.jpg?v=1754023010,1,"",false,,,,,,,,,,,,,,,,,,,,kg,,,active
eclipse-mints-40g-tin-grape-x-12ct,,,,,,,,,Shipper (10 Outer),,,,,,,,425582_Shipper,0.0,shopify,3,deny,manual,416.00,,true,true,,,,,,,,,,,,,,,,,,,,,,,,,,,,,kg,,,
toy-bubbles-dinosaur-35ml-x-24ct,Toy - Bubbles - Dinosaur 35ml x 24ct,"",DutchRusk,,"","Novelty, Toys",true,Pack Size,Outer,,,,,,,,97837_Outer,0.0,shopify,1,deny,manual,25.25,,true,true,,,,,,https://cdn.shopify.com/s/files/1/0668/0861/1129/files/97837BubblesDinosaur.jpg?v=1754023010,1,"",false,,,,,,,,,,,,,,,,,,,,kg,,,active
trolli-mini-burger-9g-x-60ct,Trolli Mini Burger 9g x 60ct,"",Trolli,,"",Novelty,true,Pack Size,Outer,,,,,,,,101210910_Outer,0.0,shopify,137,deny,manual,16.80,,true,true,,,,,,https://cdn.shopify.com/s/files/1/0668/0861/1129/files/101210910TrolliMiniBurger9g.jpg?v=1754023011,1,"",false,,,,,,,,,,,,,,,,,,,,kg,,,active
trolli-mini-burger-9g-x-60ct,,,,,,,,,Shipper (6 Outer),,,,,,,,101210910_Shipper,0.0,shopify,22,deny,manual,100.80,,true,true,,,,,,,,,,,,,,,,,,,,,,,,,,,,,kg,,,
nuromol-duo-action-tabs-200mg-x12ct,Nuromol Dual Action Tabs  x12ct,"",Nurofen,Health & Beauty > Health Care > Medicine & Drugs,"",Health,false,Pack Size,Packet,,,,,,,,3253478_Packet,0.0,shopify,0,deny,manual,12.20,,true,true,,,,,,https://cdn.shopify.com/s/files/1/0668/0861/1129/files/3253478NuromolDualActionTabls12ct.jpg?v=1754023012,1,"",false,,,518,,,,,,,,,,,,,,,,,kg,,,draft
nuromol-duo-action-tabs-200mg-x12ct,,,,,,,,,Outer (12 Packet),,,,,,,,3253478_Outer,0.0,shopify,0,deny,manual,146.40,,true,true,,,,,,,,,,,,,,,,,,,,,,,,,,,,,kg,,,
nuromol-duo-action-tabs-200mg-x12ct,,,,,,,,,Shipper (144 Packet),,,,,,,,3253478_Shipper,0.0,shopify,0,deny,manual,1756.80,,true,true,,,,,,,,,,,,,,,,,,,,,,,,,,,,,kg,,,
coconut-water-natural-kara-500ml-x-12ct,Coconut Water - Natural Kara 500ml x 12ct,"",Kara,,"","",false,Pack Size,Shipper,,,,,,,,COCWC_Shipper,0.0,shopify,0,deny,manual,26.55,,true,true,,,,,,https://cdn.shopify.com/s/files/1/0668/0861/1129/files/COCWCKaraCoconutWater500ml.jpg?v=1754023013,1,"",false,,,,,,,,,,,,,,,,,,,,kg,,,draft
nurofen-zavance-pain-relief-tablets-12ea,Nurofen Zavance Tablets 12ea,"",Nurofen,,"",Health,true,Pack Size,Packet,,,,,,,,3253464_Packet,0.0,shopify,0,deny,manual,7.40,,true,true,,,,,,https://cdn.shopify.com/s/files/1/0668/0861/1129/files/3253464NurofenZavanceTablets12pk.jpg?v=1754023013,1,"",false,,,,,,,,,,,,,,,,,,,,kg,,,active
nurofen-zavance-pain-relief-tablets-12ea,,,,,,,,,Outer (12 Packet),,,,,,,,3253464_Outer,0.0,shopify,0,deny,manual,88.80,,true,true,,,,,,,,,,,,,,,,,,,,,,,,,,,,,kg,,,
nurofen-zavance-pain-relief-tablets-12ea,,,,,,,,,Shipper (144 Packet),,,,,,,,3253464_Shipper,0.0,shopify,0,deny,manual,1065.60,,true,true,,,,,,,,,,,,,,,,,,,,,,,,,,,,,kg,,,
toy-with-candy-spinning-carousel-x-12ct,Toy With Candy - Flashing Carousel x 12ct,"",DutchRusk,,"","Novelty, Toys",true,Pack Size,Outer,,,,,,,,C0361_Outer,0.0,shopify,159,deny,manual,18.50,,true,true,,,,,,https://cdn.shopify.com/s/files/1/0668/0861/1129/files/C0361SpinningCarousel.jpg?v=1754023014,1,"",false,,,,,,,,,,,,,,,,,,,,kg,,,active
toy-with-candy-gumball-machine-x-12ct,Toy With Candy - Gumball Machine x 12ct,"",DutchRusk,,"","Gum, Novelty, Toys",true,Pack Size,Outer,,,,,,,,C0362_Outer,0.0,shopify,26,deny,manual,14.50,,true,true,,,,,,https://cdn.shopify.com/s/files/1/0668/0861/1129/files/C0362GumballMachine.jpg?v=1754023015,1,"",false,,,,,,,,,,,,,,,,,,,,kg,,,active
toy-with-candy-fashion-scooter-x-12ct,Toy With Candy - Fashion Scooter x 12ct,"",DutchRusk,,"","Novelty, Toys",true,Pack Size,Outer,,,,,,,,C0368_Outer,0.0,shopify,14,deny,manual,15.50,,true,true,,,,,,https://cdn.shopify.com/s/files/1/0668/0861/1129/files/C0368FashionScooter.jpg?v=1754023016,1,"",false,,,,,,,,,,,,,,,,,,,,kg,,,active
donovans-milk-chocolate-drops-250g-x-8ct-1,Donovans Milk Chocolate Drops 250g x 8ct,"",Donovans,Uncategorized,"","",false,Pack Size,Bag,,,,,,,,33491-1_Bag,0.0,shopify,0,deny,manual,9.55,,true,true,,,,,,https://cdn.shopify.com/s/files/1/0668/0861/1129/files/file_2e9b9456-4a0c-4da5-a7f3-f87b318a07e9.jpg?v=1754879434,1,33491-1,false,,,,,,,,,,,,,,,,,,,,kg,,,draft
donovans-milk-chocolate-drops-250g-x-8ct-1,,,,,,,,,Shipper (8 Bag),,,,,,,,33491-1_Shipper,0.0,shopify,0,deny,manual,76.40,,true,true,,,,,,,,,,,,,,,,,,,,,,,,,,,,,kg,,,
toy-with-candy-face-changing-doll-x-12ct,Toy With Candy - Face Changing Doll x 12ct,"",DutchRusk,,"","Novelty, Toys",true,Pack Size,Outer,,,,,,,,C0366_Outer,0.0,shopify,0,deny,manual,18.00,,true,true,,,,,,https://cdn.shopify.com/s/files/1/0668/0861/1129/files/C0366FaceChangingDoll.jpg?v=1754023017,1,"",false,,,,,,,,,,,,,,,,,,,,kg,,,active
toy-with-candy-boxing-monkey-x-12ct,Toy With Candy - Boxing Monkey x 12ct,"",DutchRusk,,"","Novelty, Toys",true,Pack Size,Outer,,,,,,,,C0365_Outer,0.0,shopify,170,deny,manual,13.00,,true,true,,,,,,https://cdn.shopify.com/s/files/1/0668/0861/1129/files/C0365BoxingMonkey.jpg?v=1754023017,1,"",false,,,,,,,,,,,,,,,,,,,,kg,,,active
toy-with-candy-dino-lollipop-gun-x-10ct,Toy With Candy - Dino Lollipop Gun x 10ct,"",DutchRusk,,"","Lollipops, Novelty, Toys",true,Pack Size,Outer,,,,,,,,C0364_Outer,0.0,shopify,163,deny,manual,11.50,,true,true,,,,,,https://cdn.shopify.com/s/files/1/0668/0861/1129/files/C0364DinoLollipopGun.jpg?v=1754023018,1,"",false,,,,,,,,,,,,,,,,,,,,kg,,,active
bic-lighters-printed-blown-glass-x-50ct-1,Bic Lighters Printed  - Out of this World x 50ct,"",Bic,,"",Lighters,false,Pack Size,Outer,,,,,,,,504356_Outer,0.0,shopify,0,deny,manual,80.00,,true,true,,,,,,https://cdn.shopify.com/s/files/1/0668/0861/1129/files/504356BicLightersOutofthisWorld.jpg?v=1754023018,1,"",false,,,,,,,,,,,,,,,,,,,,kg,,,draft
coconut-water-natural-kara-1-litre-x-12ct,Coconut Water - Natural Kara 1 litre x 12ct,"",Kara,,"","",true,Pack Size,Shipper,,,,,,,,COCW1_Shipper,0.0,shopify,0,deny,manual,42.00,,true,true,,,,,,https://cdn.shopify.com/s/files/1/0668/0861/1129/files/COCW1CoconutWater.jpg?v=1754023019,1,"",false,,,,,,,,,,,,,,,,,,,,kg,,,active
bic-lighters-printed-tattoo-x-50ct,Bic Lighters Printed  - Tattoo x 50ct,"",Bic,,"",Lighters,false,Pack Size,Outer,,,,,,,,504354_Outer,0.0,shopify,0,deny,manual,80.00,,true,true,,,,,,https://cdn.shopify.com/s/files/1/0668/0861/1129/files/504354BicLightersTattoo.jpg?v=1754023019,1,"",false,,,,,,,,,,,,,,,,,,,,kg,,,draft
bic-lighters-printed-indulgent-x-50ct,Bic Lighters Printed  - Indulgent x 50ct,"",Bic,,"",Lighters,false,Pack Size,Outer,,,,,,,,504355_Outer,0.0,shopify,0,deny,manual,80.00,,true,true,,,,,,https://cdn.shopify.com/s/files/1/0668/0861/1129/files/504355BicLightersIndulgence.jpg?v=1754023020,1,"",false,,,,,,,,,,,,,,,,,,,,kg,,,draft
bic-lighters-printed-animal-lover-x-50ct,Bic Lighters Printed  - Animal Lover x 50ct,"",Bic,,"",Lighters,false,Pack Size,Outer,,,,,,,,504353_Outer,0.0,shopify,0,deny,manual,80.00,,true,true,,,,,,https://cdn.shopify.com/s/files/1/0668/0861/1129/files/504353BicLightersAnimalLovers.jpg?v=1754023020,1,"",false,,,,,,,,,,,,,,,,,,,,kg,,,draft
bic-lighters-printed-blown-glass-x-50ct,Bic Lighters Printed  - Blown Glass x 50ct,"",Bic,,"",Lighters,false,Pack Size,Outer,,,,,,,,504346_Outer,0.0,shopify,0,deny,manual,80.00,,true,true,,,,,,https://cdn.shopify.com/s/files/1/0668/0861/1129/files/504346BicLightersBlownGlass.jpg?v=1754023020,1,"",false,,,,,,,,,,,,,,,,,,,,kg,,,draft
musashi-protein-wafer-bar-40g-chocolate-x-12ct,Musashi Protein Wafer Bar 40g - Chocolate x 12ct,"",Musashi,,"","Musashi, Protein Bars",true,Pack Size,Outer,,,,,,,,37301_Outer,0.0,shopify,15,deny,manual,41.30,,true,true,,,,,,https://cdn.shopify.com/s/files/1/0668/0861/1129/files/37301MusashiWaferChocolate.jpg?v=1754023021,1,"",false,,,,,,,,,,,,,,,,,,,,kg,,,active
musashi-protein-wafer-bar-40g-chocolate-x-12ct,,,,,,,,,Shipper (9 Outer),,,,,,,,37301_Shipper,0.0,shopify,1,deny,manual,371.70,,true,true,,,,,,,,,,,,,,,,,,,,,,,,,,,,,kg,,,
whittakers-blocks-250g-caramalised-blondie-x-12ct,Whittakers Blocks 250g Caramalised Blondie x 12ct,"",Whittakers,,"","Chocolate Blocks, hide-block, hide-shipper, Night n Day Misc",true,Pack Size,Block,,,,,,,,WHIT065_Block,0.0,shopify,181,deny,manual,7.77,,true,true,,,,,,https://cdn.shopify.com/s/files/1/0668/0861/1129/files/WHIT065WhittakersCaramelisedBlondie.jpg?v=1754023022,1,"",false,,,,,,,,,,,,,,,,,,,,kg,,,active
whittakers-blocks-250g-caramalised-blondie-x-12ct,,,,,,,,,Outer (12 Block),,,,,,,,WHIT065_Outer,0.0,shopify,15,deny,manual,93.24,,true,true,,,,,,,,,,,,,,,,,,,,,,,,,,,,,kg,,,
musashi-protein-bar-60g-caramel-brownie-x-12ct,Musashi Protein Bar 60g - Choc Caramel Brownie x 12ct,"",Musashi,,"","Musashi, Protein Bars",true,Pack Size,Outer,,,,,,,,32350_Outer,0.0,shopify,1,deny,manual,45.95,,true,true,,,,,,https://cdn.shopify.com/s/files/1/0668/0861/1129/files/32350MusashiProteinBarSaltedCaramelBrownie.jpg?v=1754023023,1,"",false,,,,,,,,,,,,,,,,,,,,kg,,,active
musashi-protein-bar-60g-caramel-brownie-x-12ct,,,,,,,,,Shipper (8 Outer),,,,,,,,32350_Shipper,0.0,shopify,0,deny,manual,367.60,,true,true,,,,,,,,,,,,,,,,,,,,,,,,,,,,,kg,,,
musashi-protein-wafer-bar-40g-vanilla-x-12ct,Musashi Protein Wafer Bar 40g - Vanilla x 12ct,"",Musashi,,"","Musashi, Protein Bars",true,Pack Size,Outer,,,,,,,,37318_Outer,0.0,shopify,13,deny,manual,41.30,,true,true,,,,,,https://cdn.shopify.com/s/files/1/0668/0861/1129/files/37318MusashiWaferVanilla.jpg?v=1754023024,1,"",false,,,,,,,,,,,,,,,,,,,,kg,,,active
musashi-protein-wafer-bar-40g-vanilla-x-12ct,,,,,,,,,Shipper (9 Outer),,,,,,,,37318_Shipper,0.0,shopify,1,deny,manual,371.70,,true,true,,,,,,,,,,,,,,,,,,,,,,,,,,,,,kg,,,
64g-snickers-2-pak-x-25ct,64g Snickers 2 Pak Kingsize x 25ct,"",Mars,Uncategorized,"",Mars Share Bar Chocolates,true,Pack Size,Outer,,,,,,,,454044_Outer,0.0,shopify,113,deny,manual,70.30,,true,true,,,,,,https://cdn.shopify.com/s/files/1/0668/0861/1129/files/454044Snickers2Pak64g.jpg?v=1754023025,1,"",false,,,,,,,,,,,,,,,,,,,,kg,,,active
64g-snickers-2-pak-x-25ct,,,,,,,,,Shipper (4 Outer),,,,,,,,454044_Shipper,0.0,shopify,28,deny,manual,281.20,,true,true,,,,,,,,,,,,,,,,,,,,,,,,,,,,,kg,,,
bic-lighters-printed-astrology-x-50ct,Bic Lighters Printed  - Astrology x 50ct,"",Bic,,"",Lighters,true,Pack Size,Outer,,,,,,,,504359_Outer,0.0,shopify,0,deny,manual,80.00,,true,true,,,,,,https://cdn.shopify.com/s/files/1/0668/0861/1129/files/504359BicLightersAstrology.jpg?v=1754023026,1,"",false,,,,,,,,,,,,,,,,,,,,kg,,,active
musashi-protein-bar-60g-jam-donut-x-12ct,Musashi Protein Bar 60g - Jam Donut x 12ct,"",Musashi,,"","Musashi, Protein Bars",true,Pack Size,Outer,,,,,,,,38742_Outer,0.0,shopify,8,deny,manual,45.95,,true,true,,,,,,https://cdn.shopify.com/s/files/1/0668/0861/1129/files/38742MusashiJamDonutbar.jpg?v=1754023026,1,"",false,,,,,,,,,,,,,,,,,,,,kg,,,active
musashi-protein-bar-60g-jam-donut-x-12ct,,,,,,,,,Shipper (8 Outer),,,,,,,,38742_Shipper,0.0,shopify,1,deny,manual,367.60,,true,true,,,,,,,,,,,,,,,,,,,,,,,,,,,,,kg,,,
rainbow-1kg-sour-mix,Rainbow 1Kg Sour MIx,"",Rainbow,,"","1kg, Bulk Gummies and Lollies, Night n Day Misc",true,Pack Size,Bag,,,,,,,,15034_Bag,0.0,shopify,4,deny,manual,10.30,,true,true,,,,,,https://cdn.shopify.com/s/files/1/0668/0861/1129/files/15034Rainbow1kgSourMix.jpg?v=1754023027,1,"",false,,,,,,,,,,,,,,,,,,,,kg,,,active
rainbow-1kg-sour-mix,,,,,,,,,Shipper (6 Bag),,,,,,,,15034_Shipper,0.0,shopify,0,deny,manual,61.80,,true,true,,,,,,,,,,,,,,,,,,,,,,,,,,,,,kg,,,
ctc-electro-fusion-x-18ct,CTC Electro Fusion x 18ct,"",DutchRusk,Uncategorized,"",Novelty,false,Pack Size,Outer,,,,,,,,101203096_Outer,0.0,shopify,0,deny,manual,34.90,,true,true,,,,,,https://cdn.shopify.com/s/files/1/0668/0861/1129/files/101203096CTCElectroFusion.jpg?v=1768948614,1,"",false,,,,,,,,,,,,,,,,,,,,kg,,,draft
ctc-electro-fusion-x-18ct,,,,,,,,,Shipper (8 Outer),,,,,,,,101203096_Shipper,0.0,shopify,0,deny,manual,279.20,,true,true,,,,,,,,,,,,,,,,,,,,,,,,,,,,,kg,,,
delicious-island-salted-peanuts-tin-150g-x-48ct,Delicious Island Salted Peanuts Tin 130g,"",DutchRusk,,"",Snacks,true,Pack Size,Each,,,,,,,,A0042_Each,0.0,shopify,10,deny,manual,1.28,,true,true,,,,,,https://cdn.shopify.com/s/files/1/0668/0861/1129/files/A0042DeliciousIslandPeanuts.jpg?v=1754023028,1,"",false,,,,,,,,,,,,,,,,,,,,kg,,,active
delicious-island-salted-peanuts-tin-150g-x-48ct,,,,,,,,,Shipper (48 Each),,,,,,,,A0042_Shipper,0.0,shopify,0,deny,manual,61.44,,true,true,,,,,,,,,,,,,,,,,,,,,,,,,,,,,kg,,,
nurofen-tablets-12pk,Nurofen Tablets 12pk,"",Nurofen,,"",Health,true,Pack Size,Packet,,,,,,,,3253487_Packet,0.0,shopify,50,deny,manual,5.60,,true,true,,,,,,https://cdn.shopify.com/s/files/1/0668/0861/1129/files/3253487NurofenTablets12pk.jpg?v=1754023029,1,"",false,,,,,,,,,,,,,,,,,,,,kg,,,active
nurofen-tablets-12pk,,,,,,,,,Outer (12 Packet),,,,,,,,3253487_Outer,0.0,shopify,4,deny,manual,67.20,,true,true,,,,,,,,,,,,,,,,,,,,,,,,,,,,,kg,,,
nurofen-tablets-12pk,,,,,,,,,Shipper (144 Packet),,,,,,,,3253487_Shipper,0.0,shopify,0,deny,manual,806.40,,true,true,,,,,,,,,,,,,,,,,,,,,,,,,,,,,kg,,,
mars-mms-130g-brownies-x-18ct,Mars - MMs 130g Brownies x 18ct,"",Mars,Uncategorized,"","Family Bags, hide-bag, M&M Bags, Night n Day Misc, Timezone",true,Pack Size,Bag,,,,,,,,433198_Bag,0.0,shopify,0,deny,manual,4.50,,true,true,,,,,,https://cdn.shopify.com/s/files/1/0668/0861/1129/files/433198M_M_sBrownie130g.jpg?v=1754023029,1,"",false,,,,,,,,,,,,,,,,,,,,kg,,,active
mars-mms-130g-brownies-x-18ct,,,,,,,,,Shipper (18 Bag),,,,,,,,433198_Shipper,0.0,shopify,0,deny,manual,81.00,,true,true,,,,,,,,,,,,,,,,,,,,,,,,,,,,,kg,,,
dragon-2kg-sour-watermelon-x-400ct,Dragon 2kg Sour Watermelon,"",Dragon,Uncategorized,"","2kg, Bulk Gummies and Lollies, Dragon 2KG, Night n Day Misc",true,Pack Size,Bag,,,,,,,,DR-8807_Bag,0.0,shopify,103,deny,manual,19.25,,true,true,,,,,,https://cdn.shopify.com/s/files/1/0668/0861/1129/files/DR-8807Dragon2kgSourWatermelons.jpg?v=1754023030,1,"",false,,,,,,,,,,,,,,,,,,,,kg,,,active
dragon-2kg-sour-watermelon-x-400ct,,,,,,,,,Shipper (6 Bag),,,,,,,,DR-8807_Shipper,0.0,shopify,17,deny,manual,115.50,,true,true,,,,,,,,,,,,,,,,,,,,,,,,,,,,,kg,,,
trolli-sour-gecko-19g-x-40ct,Trolli Sour Gecko 19g x 40ct,"",Trolli,,"",Novelty,true,Pack Size,Outer,,,,,,,,100570093_Outer,0.0,shopify,114,deny,manual,16.00,,true,true,,,,,,https://cdn.shopify.com/s/files/1/0668/0861/1129/files/100570093TROLLIGECKO.jpg?v=1754023031,1,"",false,,,,,,,,,,,,,,,,,,,,kg,,,active
trolli-sour-gecko-19g-x-40ct,,,,,,,,,Shipper (6 Outer),,,,,,,,100570093_Shipper,0.0,shopify,19,deny,manual,96.00,,true,true,,,,,,,,,,,,,,,,,,,,,,,,,,,,,kg,,,
carousel-assorted-toffees-2kg-x320ct,Carousel Assorted Toffees 2Kg x 320ct,"",Carousel,Uncategorized,"","2kg, Bulk Gummies and Lollies",true,Pack Size,Bag,,,,,,,,1680_Bag,0.0,shopify,31,deny,manual,19.95,,true,true,,,,,,https://cdn.shopify.com/s/files/1/0668/0861/1129/files/1680ASSTTOFFEE2kgKG.jpg?v=1754023031,1,"",false,,,,,,,,,,,,,,,,,,,,kg,,,active
carousel-assorted-toffees-2kg-x320ct,,,,,,,,,Shipper (4 Bag),,,,,,,,1680_Shipper,0.0,shopify,7,deny,manual,79.80,,true,true,,,,,,,,,,,,,,,,,,,,,,,,,,,,,kg,,,
zombie-chews-sour-grape-28g-x-72ct,Zombie Chews Sour Grape 28g x 72ct,"",DutchRusk,"Food, Beverages & Tobacco > Food Items > Candy & Chocolate > Candy","","Novelty, Zombie Chews",true,Pack Size,Outer,,,,,,,,100519054_Outer,0.0,shopify,41,deny,manual,27.75,26.75,true,true,,,,,,https://cdn.shopify.com/s/files/1/0668/0861/1129/files/100519054ZombieChewsSourGrape.jpg?v=1754023034,1,"",false,,,4748,,,,,,,,,,,,,,,,,kg,,,active
zombie-chews-sour-grape-28g-x-72ct,,,,,,,,,Shipper (9 Outer),,,,,,,,100519054_Shipper,0.0,shopify,6,deny,manual,166.50,,true,true,,,,,,,,,,,,,,,,,,,,,,,,,,,,,kg,,,
zombie-chews-sour-apple-28g-x-72ct,Zombie Chews Sour Apple 28g x 72ct,"",DutchRusk,Uncategorized,"","Novelty, Zombie Chews",false,Pack Size,Outer,,,,,,,,100518433_Outer,0.0,shopify,9,deny,manual,26.75,26.75,true,true,,,,,,https://cdn.shopify.com/s/files/1/0668/0861/1129/files/100518433ZOMBIESOURAPPLE.jpg?v=1754023034,1,"",false,,,,,,,,,,,,,,,,,,,,kg,,,draft
zombie-chews-sour-apple-28g-x-72ct,,,,,,,,,Shipper (9 Outer),,,,,,,,100518433_Shipper,0.0,shopify,1,deny,manual,240.75,,true,true,,,,,,,,,,,,,,,,,,,,,,,,,,,,,kg,,,
zombie-chews-sour-blue-raspberry-28g-x-72ct,Zombie Chews Sour Blue Rasp 28g x 72ct,"",DutchRusk,Uncategorized,"","Novelty, Zombie Chews",true,Pack Size,Outer,,,,,,,,100517799_Outer,0.0,shopify,41,deny,manual,27.75,26.75,true,true,,,,,,https://cdn.shopify.com/s/files/1/0668/0861/1129/files/100517799ZOMBIESOURBLUERASPBERRY.jpg?v=1754023035,1,"",false,,,,,,,,,,,,,,,,,,,,kg,,,active
zombie-chews-sour-blue-raspberry-28g-x-72ct,,,,,,,,,Shipper (9 Outer),,,,,,,,100517799_Shipper,0.0,shopify,6,deny,manual,166.50,,true,true,,,,,,,,,,,,,,,,,,,,,,,,,,,,,kg,,,
batteries-energizer-aaa-4pack,Batteries - Energizer  AAA 4pack,"<span data-mce-fragment=""1"">4 batteries per pack</span>",Energizer,Electronics > Electronics Accessories > Power > Batteries > General Purpose Batteries,"",Batteries,true,Pack Size,Packet,,,,,,,,E92BP4-1_Packet,0.0,shopify,120,deny,manual,5.50,,true,true,,,,,,https://cdn.shopify.com/s/files/1/0668/0861/1129/files/E92BP4-1EnergizerAAA4Pack.jpg?v=1754023035,1,"",false,,,4928,,,,,,,,,,,,,,,,,kg,,,active
batteries-energizer-aaa-2pack,Batteries - Energizer AAA 2pack,"<span data-mce-fragment=""1"">2 batteries per pack</span>",Energizer,Electronics > Electronics Accessories > Power > Batteries > General Purpose Batteries,"",Batteries,true,Pack Size,Packet,,,,,,,,E92BP2-1_Packet,0.0,shopify,113,deny,manual,4.00,,true,true,,,,,,https://cdn.shopify.com/s/files/1/0668/0861/1129/files/E92BP2-1EnergizerAAA2pack.jpg?v=1754023036,1,"",false,,,4928,,,,,,,,,,,,,,,,,kg,,,active
batteries-energizer-aa-2pak,Batteries - Energizer  AA 2 pack,"",Energizer,Electronics > Electronics Accessories > Power > Batteries > General Purpose Batteries,"",Batteries,true,Pack Size,Packet,,,,,,,,E91BP2-1_Packet,0.0,shopify,27,deny,manual,4.00,,true,true,,,,,,https://cdn.shopify.com/s/files/1/0668/0861/1129/files/E91BP2-1EnergizerAA2pack.jpg?v=1754023036,1,"",false,,,4928,,,,,,,,,,,,,,,,,kg,,,active
bic-lighters-printed-bob-marley-x-50ct,Bic Lighters Printed  - Bob Marley x 50ct,"",Bic,,"",Lighters,false,Pack Size,Outer,,,,,,,,504374_Outer,0.0,shopify,0,deny,manual,80.00,,true,true,,,,,,https://cdn.shopify.com/s/files/1/0668/0861/1129/files/504374lighterbobmarley.jpg?v=1754023037,1,"",false,,,,,,,,,,,,,,,,,,,,kg,,,draft
bic-lighters-printed-music-x-50ct,Bic Lighters Printed  - Music x 50ct,"",Bic,,"",Lighters,false,Pack Size,Outer,,,,,,,,504347_Outer,0.0,shopify,0,deny,manual,80.00,,true,true,,,,,,https://cdn.shopify.com/s/files/1/0668/0861/1129/files/504347lightermusic.jpg?v=1754023037,1,"",false,,,,,,,,,,,,,,,,,,,,kg,,,draft
bic-lighters-printed-skulls-x-50ct,Bic Lighters Printed  - Skulls x 50ct,"",Bic,,"",Lighters,true,Pack Size,Outer,,,,,,,,503750_Outer,0.0,shopify,30,deny,manual,80.00,,true,true,,,,,,https://cdn.shopify.com/s/files/1/0668/0861/1129/files/503750lighterskulls.jpg?v=1754023037,1,"",false,,,,,,,,,,,,,,,,,,,,kg,,,active
bic-lighters-printed-vintage-x-50ct,Bic Lighters Printed  - Vintage x 50ct,"",Bic,,"",Lighters,false,Pack Size,Outer,,,,,,,,503748_Outer,0.0,shopify,0,deny,manual,80.00,,true,true,,,,,,https://cdn.shopify.com/s/files/1/0668/0861/1129/files/503748lighterhippy.jpg?v=1754023038,1,"",false,,,,,,,,,,,,,,,,,,,,kg,,,draft
bic-lighters-printed-paint-splash-x-50ct,Bic Lighters Printed  - Paint Splash x 50ct,"",Bic,,"",Lighters,false,Pack Size,Outer,,,,,,,,503747_Outer,0.0,shopify,0,deny,manual,80.00,,true,true,,,,,,https://cdn.shopify.com/s/files/1/0668/0861/1129/files/503747lighterpaints.jpg?v=1754023038,1,"",false,,,,,,,,,,,,,,,,,,,,kg,,,draft
bic-lighters-printed-tiles-x-50ct,Bic Lighters Printed  - Tiles x 50ct,"",Bic,,"",Lighters,false,Pack Size,Outer,,,,,,,,503744_Outer,0.0,shopify,0,deny,manual,80.00,,true,true,,,,,,https://cdn.shopify.com/s/files/1/0668/0861/1129/files/503744lightertiles.jpg?v=1754023038,1,"",false,,,,,,,,,,,,,,,,,,,,kg,,,draft
pringles-134g-original-x12ct,Pringles 134g Original x12ct,"",Pringles,,"","Chips, Snacks",true,Pack Size,Shipper,,,,,,,,8646711869_Shipper,0.0,shopify,3,deny,manual,44.45,,true,true,,,,,,https://cdn.shopify.com/s/files/1/0668/0861/1129/files/8646711869PringlesOriginal134g.jpg?v=1754023039,1,"",false,,,,,,,,,,,,,,,,,,,,kg,,,active
toy-unicorn-bracelet-x-12ct,Toy - Unicorn Bracelet x 12ct,"",DutchRusk,,"","Novelty, Toys",true,Pack Size,Outer,,,,,,,,651557_Outer,0.0,shopify,0,deny,manual,13.90,,true,true,,,,,,https://cdn.shopify.com/s/files/1/0668/0861/1129/files/651557.jpg?v=1754023039,1,"",false,,,,,,,,,,,,,,,,,,,,kg,,,active
toy-unicorn-bracelet-x-12ct,,,,,,,,,Shipper (12 Outer),,,,,,,,651557_Shipper,0.0,shopify,0,deny,manual,166.80,,true,true,,,,,,,,,,,,,,,,,,,,,,,,,,,,,kg,,,
hi-chew-bag-plusfruit-70g-x-18ct,Hi-Chew Bag PlusFruit 70g x 18ct,"",Hi-Chew,"Food, Beverages & Tobacco > Food Items > Candy & Chocolate > Candy","","Family Bags, Hi-Chew Bags, hide-bag, Night n Day Misc",true,Pack Size,Bag,,,,,,,,DN90236_Bag,0.0,shopify,302,deny,manual,2.57,,true,true,,,,,,https://cdn.shopify.com/s/files/1/0668/0861/1129/files/DN90236HI-CHEWPlusFruit.jpg?v=1754023040,1,"",false,,,4748,,,,,,,,,,,,,,,,,kg,,,active
hi-chew-bag-plusfruit-70g-x-18ct,,,,,,,,,Shipper (18 Bag),,,,,,,,DN90236_Shipper,0.0,shopify,16,deny,manual,46.26,,true,true,,,,,,,,,,,,,,,,,,,,,,,,,,,,,kg,,,
hi-chew-bag-superfrut-mix-90g-x-18ct,Hi-Chew Bag Superfruit Mix 90g x 18ct,"",Hi-Chew,"Food, Beverages & Tobacco > Food Items > Candy & Chocolate > Candy","","Family Bags, Hi-Chew Bags, hide-bag",true,Pack Size,Bag,,,,,,,,DN90235_Bag,0.0,shopify,699,deny,manual,2.57,,true,true,,,,,,https://cdn.shopify.com/s/files/1/0668/0861/1129/files/DN90235HI-CHEWSuperFruitMix.jpg?v=1754023040,1,"",false,,,4748,,,,,,,,,,,,,,,,,kg,,,active
hi-chew-bag-superfrut-mix-90g-x-18ct,,,,,,,,,Shipper (18 Bag),,,,,,,,DN90235_Shipper,0.0,shopify,38,deny,manual,46.26,,true,true,,,,,,,,,,,,,,,,,,,,,,,,,,,,,kg,,,
balloons-water-balloons-x-150ct,Balloons - Water Balloons x 150ct,"",DutchRusk,Arts & Entertainment > Party & Celebration > Party Supplies,"","Novelty, Party",true,Pack Size,Packet,,,,,,,,98888_Packet,0.0,shopify,0,deny,manual,1.50,,true,true,,,,,,https://cdn.shopify.com/s/files/1/0668/0861/1129/files/98888WaterBalloons.jpg?v=1754023041,1,"",false,,,96,,,,,,,,,,,,,,,,,kg,,,active
chi-original-1-25-lt-x-12ct,Chi Original 1.25 lt x 12ct,"",Chi,,"","Drinks, Herbal Drinks",false,Pack Size,Shipper,,,,,,,,CHIOR_Shipper,0.0,shopify,0,deny,manual,48.40,,true,true,,,,,,https://cdn.shopify.com/s/files/1/0668/0861/1129/files/CHIORChi1.25L.jpg?v=1754023041,1,"",false,,,,,,,,,,,,,,,,,,,,kg,,,draft
assorted-mini-flat-lollipop-6g-x-200ct,Florestal Assorted Mini Flat Lollipop 6g x 200ct,"",DutchRusk,,"","Lollipops, Novelty",true,Pack Size,Outer,,,,,,,,FL141_Outer,0.0,shopify,0,deny,manual,11.95,,true,true,,,,,,https://cdn.shopify.com/s/files/1/0668/0861/1129/files/FL141AssortedFlatLollipop6g.jpg?v=1754023042,1,"",false,,,,,,,,,,,,,,,,,,,,kg,,,active
assorted-mini-flat-lollipop-6g-x-200ct,,,,,,,,,Shipper (10 Outer),,,,,,,,FL141_Shipper,0.0,shopify,0,deny,manual,119.50,,true,true,,,,,,,,,,,,,,,,,,,,,,,,,,,,,kg,,,
toy-high-bounce-balls-x-48ct,Toy - High Bounce Balls x 48ct,"",DutchRusk,,"","Novelty, Toys",true,Pack Size,Outer,,,,,,,,RBB7315_Outer,0.0,shopify,0,deny,manual,38.00,,true,true,,,,,,https://cdn.shopify.com/s/files/1/0668/0861/1129/files/RBB7315BouncyBall.jpg?v=1754023042,1,"",false,,,,,,,,,,,,,,,,,,,,kg,,,active
toy-bubbles-shark-35ml-x-24ct,Toy - Bubbles - Shark 35ml x 24ct,"",DutchRusk,,"","Novelty, Toys",true,Pack Size,Outer,,,,,,,,99672_Outer,0.0,shopify,0,deny,manual,25.25,,true,true,,,,,,https://cdn.shopify.com/s/files/1/0668/0861/1129/files/99672BubblesShark.jpg?v=1754023042,1,"",false,,,,,,,,,,,,,,,,,,,,kg,,,active
toy-yoyo-light-up-emojis-x-12ct,Toy - Yoyo Light Up Emojis x 12ct,"",DutchRusk,,"","Novelty, Toys",false,Pack Size,Outer,,,,,,,,98441_Outer,0.0,shopify,0,deny,manual,18.00,,true,true,,,,,,https://cdn.shopify.com/s/files/1/0668/0861/1129/files/98441Lightupemojiyoyo.jpg?v=1754023043,1,"",false,,,,,,,,,,,,,,,,,,,,kg,,,draft
donovans-milk-chocolate-drops-250g-x-8ct,Donovans Milk Chocolate Drops 250g x 8ct,"",Donovans,,"","",true,Pack Size,Shipper,,,,,,,,33491_Shipper,0.0,shopify,0,deny,manual,76.45,,true,true,,,,,,https://cdn.shopify.com/s/files/1/0668/0861/1129/files/file_3a1e97fc-d073-4d48-af50-f16e7c67eb9c.jpg?v=1754879432,1,33491,false,,,,,,,,,,,,,,,,,,,,kg,,,active
wonka-nerds-85g-gummy-cluster-x-12ct,Wonka Nerds 85g Gummy Cluster Rainbow x 12ct,"",Wonka,,"","Novelty, Theatre Box",false,Pack Size,Outer,,,,,,,,WO122_Outer,0.0,shopify,0,deny,manual,51.50,,true,true,,,,,,https://cdn.shopify.com/s/files/1/0668/0861/1129/files/WO122WonkaNerdsClusters.jpg?v=1754023046,1,"",false,,,,,,,,,,,,,,,,,,,,kg,,,draft
toy-bubbles-unicorn-35ml-x-24ct,Toy - Bubbles - Unicorn 35ml x 24ct,"",DutchRusk,,"","Novelty, Toys",false,Pack Size,Outer,,,,,,,,97942_Outer,0.0,shopify,0,deny,manual,25.25,,true,true,,,,,,https://cdn.shopify.com/s/files/1/0668/0861/1129/files/97942BubblesUnicorn.jpg?v=1754023046,1,"",false,,,,,,,,,,,,,,,,,,,,kg,,,draft
candles-pink-x-24ct,Candles - Pink x 24ct,"",DutchRusk,Arts & Entertainment > Party & Celebration > Party Supplies,"","Novelty, Party",true,Pack Size,Packet,,,,,,,,99709_Packet,0.0,shopify,235,deny,manual,1.75,,true,true,,,,,,https://cdn.shopify.com/s/files/1/0668/0861/1129/files/99709PinkCandles.jpg?v=1754023046,1,"",false,,,96,,,,,,,,,,,,,,,,,kg,,,active
hand-fan-justice-league-10g-x-12ct,Hand Fan - Justice League 10g x 12ct,"",DutchRusk,,"",Novelty,false,Pack Size,Outer,,,,,,,,UNCL165_Outer,0.0,shopify,0,deny,manual,28.30,,true,true,,,,,,https://cdn.shopify.com/s/files/1/0668/0861/1129/files/UNCL165JusticeLeagueHandyFan.jpg?v=1754023048,1,"",false,,,,,,,,,,,,,,,,,,,,kg,,,draft
hand-fan-justice-league-10g-x-12ct,,,,,,,,,Shipper (9 Outer),,,,,,,,UNCL165_Shipper,0.0,shopify,0,deny,manual,254.70,,true,true,,,,,,,,,,,,,,,,,,,,,,,,,,,,,kg,,,
candles-blue-x-24ct,Candles - Blue x 24ct,"",DutchRusk,Arts & Entertainment > Party & Celebration > Party Supplies > Birthday Candles,"","Novelty, Party",true,Pack Size,Packet,,,,,,,,99708_Packet,0.0,shopify,249,deny,manual,1.75,,true,true,,,,,,https://cdn.shopify.com/s/files/1/0668/0861/1129/files/99708BlueCandles.jpg?v=1754023049,1,"",false,,,4730,,,,,,,,,,,,,,,,,kg,,,active
candles-neon-x-24ct,Candles - Neon x 24ct,"",DutchRusk,Arts & Entertainment > Party & Celebration > Party Supplies,"","Novelty, Party",true,Pack Size,Packet,,,,,,,,SCB6199_Packet,0.0,shopify,0,deny,manual,1.25,,true,true,,,,,,https://cdn.shopify.com/s/files/1/0668/0861/1129/files/SCB6199NeonCandles.jpg?v=1754023049,1,"",false,,,96,,,,,,,,,,,,,,,,,kg,,,active
bundaberg-passionfruit-375ml-x-12ct,Bundaberg Passionfruit 375ml x 12ct,"",Bundaberg,,"","Drinks, Soda Drinks",true,Pack Size,Shipper,,,,,,,,1019_Shipper,0.0,shopify,17,deny,manual,29.50,,true,true,,,,,,https://cdn.shopify.com/s/files/1/0668/0861/1129/files/1019BUNDABERGPASSIONFRUIT.jpg?v=1754023050,1,"",false,,,,,,,,,,,,,,,,,,,,kg,,,active
mayceys-bananas,Mayceys Bananas,"",Mayceys,,"","",false,Pack Size,Outer,,,,,,,,SBAN_Outer,0.0,shopify,0,deny,manual,13.50,,true,true,,,,,,,,,false,,,,,,,,,,,,,,,,,,,,kg,,,draft
mayceys-bananas,,,,,,,,,Shipper (12 Outer),,,,,,,,SBAN_Shipper,0.0,shopify,0,deny,manual,162.00,,true,true,,,,,,,,,,,,,,,,,,,,,,,,,,,,,kg,,,
junior-caramels-102g-x-12ct,Junior Caramels 102g x 12ct,"",Junior Caramels,,"",Theatre Box,false,Pack Size,Outer,,,,,,,,J0064_Outer,0.0,shopify,0,deny,manual,40.00,,true,true,,,,,,https://cdn.shopify.com/s/files/1/0668/0861/1129/files/J0064JuniorCaramels102g.jpg?v=1754023050,1,"",false,,,,,,,,,,,,,,,,,,,,kg,,,draft
mike-and-ike-mega-sour-mix-141g-x-12ct,Mike and Ike Mega Sour Mix 120g x 12ct,"",Mike & Like,"Food, Beverages & Tobacco > Food Items > Candy & Chocolate > Candy","","Novelty, Theatre Box",true,Pack Size,Outer,,,,,,,,MIKE005_Outer,0.0,shopify,5,deny,manual,40.05,,true,true,,,,,,https://cdn.shopify.com/s/files/1/0668/0861/1129/files/MIKE005MikeandIkeMegaSourMix141g.jpg?v=1754023051,1,"",false,,,4748,,,,,,,,,,,,,,,,,kg,,,active
hersheys-cookies-and-cream-43g-x-36ct,Hersheys Cookies and Cream 43g x 36ct,"",Hersheys,Uncategorized,"","Kingpin Queenstown, Novelty, Xtreme Wairau",true,Pack Size,Outer,,,,,,,,H0007_Outer,0.0,shopify,0,deny,manual,56.80,,true,true,,,,,,https://cdn.shopify.com/s/files/1/0668/0861/1129/files/H0007COOKIESNCREAM.jpg?v=1754023051,1,"",false,,,,,,,,,,,,,,,,,,,,kg,,,active
hersheys-cookies-and-cream-43g-x-36ct,,,,,,,,,Shipper (12 Outer),,,,,,,,H0007_Shipper,0.0,shopify,0,deny,manual,681.60,,true,true,,,,,,,,,,,,,,,,,,,,,,,,,,,,,kg,,,
musashi-protein-shake-375ml-strawberry-x-6ct,Musashi Protein Shake 375ml - Strawberry x 6ct,"",Musashi,,"","Drinks, Musashi, Night n Day Misc, Protein Drinks",true,Pack Size,Outer,,,,,,,,35635-6_Outer,0.0,shopify,28,deny,manual,25.90,,true,true,,,,,,https://cdn.shopify.com/s/files/1/0668/0861/1129/files/35635-6MusashiProteinStrawberry.jpg?v=1754023052,1,"",false,,,,,,,,,,,,,,,,,,,,kg,,,active
lolliland-gun-pop-10g-x-12ct,Lolliland Gun Pop 10g x 12ct,"",Lolliland,,"","Lollipops, Novelty",false,Pack Size,Outer,,,,,,,,L0163_Outer,0.0,shopify,0,deny,manual,23.50,,true,true,,,,,,https://cdn.shopify.com/s/files/1/0668/0861/1129/files/L0163FunFrenzyGunPop.jpg?v=1754023052,1,"",false,,,,,,,,,,,,,,,,,,,,kg,,,draft
lolliland-unicorn-sprinner-23g-x-12ct,Lolliland Unicorn Sprinner 23g x 12ct,"",Lolliland,,"",Novelty,false,Pack Size,Outer,,,,,,,,G0002_Outer,0.0,shopify,0,deny,manual,16.80,,true,true,,,,,,https://cdn.shopify.com/s/files/1/0668/0861/1129/files/G0002FunFrenzyUnicornSpinnerPop.jpg?v=1754023053,1,"",false,,,,,,,,,,,,,,,,,,,,kg,,,draft
lolliland-giant-tongue-spray-105ml-x-12ct,Lolliland Giant Tongue Spray 105ml x 12ct,"",Lolliland,,"",Novelty,false,Pack Size,Outer,,,,,,,,L0161_Outer,0.0,shopify,0,deny,manual,16.80,,true,true,,,,,,https://cdn.shopify.com/s/files/1/0668/0861/1129/files/L0161LollilandGiantTongueSpray.jpg?v=1754023053,1,"",false,,,,,,,,,,,,,,,,,,,,kg,,,draft
lolliland-magic-potion-95g-x-12ct,WORTHY PRODUCTSLolliland Magic Potion 95g x 12ct,"",Lolliland,,"",Novelty,false,Pack Size,Outer,,,,,,,,L0164_Outer,0.0,shopify,0,deny,manual,16.10,,true,true,,,,,,https://cdn.shopify.com/s/files/1/0668/0861/1129/files/L0164LollilandMagicPotion.jpg?v=1754023054,1,"",false,,,,,,,,,,,,,,,,,,,,kg,,,draft
koola-bears-240ml-x-36ct,Koola Bears 240ml x 36ct,"",DutchRusk,,"","Drinks, Novelty",true,Pack Size,Outer,,,,,,,,AIT46_Outer,0.0,shopify,30,deny,manual,58.00,,true,true,,,,,,https://cdn.shopify.com/s/files/1/0668/0861/1129/files/AIT46KoolaBears.jpg?v=1754023054,1,"",false,,,,,,,,,,,,,,,,,,,,kg,,,active
oreo-131g-neapolitan-x-20ct,Oreo 131g Neapolitan x 20ct,<p>20 packets per shipper</p>,Cadbury,,"","Cookies, hide-packet, Kingpin Queenstown, Oreo, Xtreme Wairau",false,Pack Size,Packet,,,,,,,,4301520_Packet,0.0,shopify,0,deny,manual,1.30,,true,true,,,,,,https://cdn.shopify.com/s/files/1/0668/0861/1129/files/4301520OreoNeapolitan.jpg?v=1754023055,1,"",false,,,,,,,,,,,,,,,,,,,,kg,,,draft
oreo-131g-neapolitan-x-20ct,,,,,,,,,Shipper (20 Packet),,,,,,,,4301520_Shipper,0.0,shopify,0,deny,manual,26.00,,true,true,,,,,,,,,,,,,,,,,,,,,,,,,,,,,kg,,,
jack-links-12g-beef-stick-peppered-x-25ct,Jack Links 12g Beef Stick Peppered x 25ct,"",Jack Links,,"","",true,Pack Size,Outer,,,,,,,,100518867_Outer,0.0,shopify,23,deny,manual,25.50,,true,true,,,,,,https://cdn.shopify.com/s/files/1/0668/0861/1129/files/100518867JackLinks12gBeefStickPeppered.jpg?v=1754023055,1,"",false,,,,,,,,,,,,,,,,,,,,kg,,,active
jack-links-12g-beef-stick-peppered-x-25ct,,,,,,,,,Shipper (12 Outer),,,,,,,,100518867_Shipper,0.0,shopify,1,deny,manual,306.00,,true,true,,,,,,,,,,,,,,,,,,,,,,,,,,,,,kg,,,
vanilla-creme-wafers,Vanilla Creme Wafers,"",DutchRusk,"Food, Beverages & Tobacco > Food Items > Bakery > Cookies","",Snacks,true,Pack Size,Packet,,,,,,,,VAN001_Packet,0.0,shopify,0,deny,manual,1.50,,true,true,,,,,,https://cdn.shopify.com/s/files/1/0668/0861/1129/files/VAN001VanillaCremeWafers.jpg?v=1754023056,1,"",false,,,2229,,,,,,,,,,,,,,,,,kg,,,active
delmaine-strawberry-syrup-1-17kg-x-4ct,Delmaine Strawberry Syrup 1.17kg x 4ct,"",Delmaine,,"","",false,Pack Size,Shipper,,,,,,,,DEL002_Shipper,0.0,shopify,0,deny,manual,41.95,,true,true,,,,,,,,,false,,,,,,,,,,,,,,,,,,,,kg,,,draft
super-hiper-acido-metro-20cm-x-15ct,Super Hiper Acido Metro 20cm x 15ct,"",DutchRusk,,"",Novelty,false,Pack Size,Outer,,,,,,,,CONSHLEM_Outer,0.0,shopify,0,deny,manual,8.85,,true,true,,,,,,https://cdn.shopify.com/s/files/1/0668/0861/1129/files/CONSHLEMSuperHiperAcidoSticks20cm.jpg?v=1754023056,1,"",false,,,,,,,,,,,,,,,,,,,,kg,,,draft
super-hiper-acido-metro-20cm-x-15ct,,,,,,,,,Shipper (32 Outer),,,,,,,,CONSHLEM_Shipper,0.0,shopify,0,deny,manual,283.20,,true,true,,,,,,,,,,,,,,,,,,,,,,,,,,,,,kg,,,
coloured-flat-lollipop-15g-x-134ct,Florestal Coloured Flat Lollipop 15g x 134ct,"",DutchRusk,,"","Lollipops, Novelty",true,Pack Size,Outer,,,,,,,,FL134_Outer,0.0,shopify,30,deny,manual,16.50,,true,true,,,,,,https://cdn.shopify.com/s/files/1/0668/0861/1129/files/FL134ColouredFlatLollipops.jpg?v=1754023057,1,"",false,,,,,,,,,,,,,,,,,,,,kg,,,active
coloured-flat-lollipop-15g-x-134ct,,,,,,,,,Shipper (8 Outer),,,,,,,,FL134_Shipper,0.0,shopify,3,deny,manual,132.00,,true,true,,,,,,,,,,,,,,,,,,,,,,,,,,,,,kg,,,
newport-butane-refill-250ml-x-6ct,Newport Butane Refill 250ml x 6ct,"",DutchRusk,Hardware > Tools > Lighters & Matches > Gas Lighters,"",Lighters,false,Pack Size,Outer,,,,,,,,NPGAS_Outer,0.0,shopify,0,deny,manual,35.94,,true,true,,,,,,https://cdn.shopify.com/s/files/1/0668/0861/1129/files/NPGASNewportButaneRefill250ml.jpg?v=1754023057,1,"",false,,,503774,,,,,,,,,,,,,,,,,kg,,,draft
toy-fidget-loopy-animal-dolphin,Toy - Fidget - Loopy Animal Dolphin,"",DutchRusk,,"","Novelty, Toys",true,Pack Size,Unit,,,,,,,,652226_Unit,0.0,shopify,22,deny,manual,1.00,,true,true,,,,,,https://cdn.shopify.com/s/files/1/0668/0861/1129/files/652226FidgeLoopyAnimalDolphine.jpg?v=1754023058,1,"",false,,,,,,,,,,,,,,,,,,,,kg,,,active
toy-fidget-loopy-animal-dolphin,,,,,,,,,Shipper (24 Unit),,,,,,,,652226_Shipper,0.0,shopify,0,deny,manual,24.00,,true,true,,,,,,,,,,,,,,,,,,,,,,,,,,,,,kg,,,
toy-bigfoot-car,Toy - Bigfoot Car,"",DutchRusk,,"","Novelty, Toys",false,Pack Size,Each,,,,,,,,99938_Each,0.0,shopify,0,deny,manual,1.30,,true,true,,,,,,https://cdn.shopify.com/s/files/1/0668/0861/1129/files/99938BigfootCar.jpg?v=1754023058,1,"",false,,,,,,,,,,,,,,,,,,,,kg,,,draft
candyman-white-chocolate-coconut-halves,Candyman White Chocolate Coconut Halves,"",Candyman,,"",Mayceys,false,Pack Size,Outer,,,,,,,,CHWCH_Outer,0.0,shopify,0,deny,manual,23.60,,true,true,,,,,,,,,false,,,,,,,,,,,,,,,,,,,,kg,,,draft
candyman-white-chocolate-coconut-halves,,,,,,,,,Shipper (8 Outer),,,,,,,,CHWCH_Shipper,0.0,shopify,0,deny,manual,188.80,,true,true,,,,,,,,,,,,,,,,,,,,,,,,,,,,,kg,,,
candyman-chocolate-coconut-halves,Candyman Chocolate Coconut Halves,"",Mayceys,,"","",true,Pack Size,Outer,,,,,,,,CHCOH_Outer,0.0,shopify,0,deny,manual,25.95,,true,true,,,,,,https://cdn.shopify.com/s/files/1/0668/0861/1129/files/file_35a41bc2-2723-48e8-8354-b44627acfa7d.jpg?v=1754879882,1,CHCOH,false,,,,,,,,,,,,,,,,,,,,kg,,,active
candyman-chocolate-coconut-halves,,,,,,,,,Shipper (8 Outer),,,,,,,,CHCOH_Shipper,0.0,shopify,0,deny,manual,207.60,,true,true,,,,,,,,,,,,,,,,,,,,,,,,,,,,,kg,,,
lolliland-big-fan-60g-x-12ct,Lolliland Big Fan 60g x 12ct,"",Lolliland,,"",Novelty,true,Pack Size,Outer,,,,,,,,90371_Outer,0.0,shopify,0,deny,manual,16.80,,true,true,,,,,,https://cdn.shopify.com/s/files/1/0668/0861/1129/files/90371FunFrenzyBigFan60g.jpg?v=1754023059,1,"",false,,,,,,,,,,,,,,,,,,,,kg,,,active
lolliland-big-fan-60g-x-12ct,,,,,,,,,Shipper (8 Outer),,,,,,,,90371_Shipper,0.0,shopify,0,deny,manual,134.40,,true,true,,,,,,,,,,,,,,,,,,,,,,,,,,,,,kg,,,
lolliland-sweet-sour-spray-16ml-x12ct,Lolliland Sweet & Sour Spray 16ml x12ct,"",Lolliland,,"",Novelty,false,Pack Size,Outer,,,,,,,,G0004_Outer,0.0,shopify,0,deny,manual,16.80,,true,true,,,,,,https://cdn.shopify.com/s/files/1/0668/0861/1129/files/G0004LollilandSweet_SourCandy.jpg?v=1754023060,1,"",false,,,,,,,,,,,,,,,,,,,,kg,,,draft
lolliland-light-up-rocket-35ml-x12ct,Lolliland Light Up Rocket 35ml x12ct,"",Lolliland,,"",Novelty,false,Pack Size,Outer,,,,,,,,G0005_Outer,0.0,shopify,0,deny,manual,16.10,,true,true,,,,,,https://cdn.shopify.com/s/files/1/0668/0861/1129/files/G0005LollilandLightUpRocket.jpg?v=1754023060,1,"",false,,,,,,,,,,,,,,,,,,,,kg,,,draft
lolliland-dummy-dipper-32g-x12ct,Lolliland Dummy Dipper 32g x12ct,"",Lolliland,,"",Novelty,false,Pack Size,Outer,,,,,,,,G0001_Outer,0.0,shopify,0,deny,manual,16.80,,true,true,,,,,,https://cdn.shopify.com/s/files/1/0668/0861/1129/files/G0001LollilandDummyDipper.jpg?v=1754023061,1,"",false,,,,,,,,,,,,,,,,,,,,kg,,,draft
lolliland-crazy-hair-36g-x12ct,Lolliland Crazy Hair 36g x12ct,"",Lolliland,,"",Novelty,false,Pack Size,Outer,,,,,,,,G0003_Outer,0.0,shopify,0,deny,manual,16.80,,true,true,,,,,,https://cdn.shopify.com/s/files/1/0668/0861/1129/files/G0003LollilandCrazyHair.jpg?v=1754023062,1,"",false,,,,,,,,,,,,,,,,,,,,kg,,,draft
lolliland-water-gun-20g-x12ct,Lolliland Water Gun 20g x12ct,"",Lolliland,,"",Novelty,false,Pack Size,Outer,,,,,,,,W0030_Outer,0.0,shopify,0,deny,manual,23.50,,true,true,,,,,,https://cdn.shopify.com/s/files/1/0668/0861/1129/files/W0030LollilandWaterGun.jpg?v=1754023062,1,"",false,,,,,,,,,,,,,,,,,,,,kg,,,draft
lolliland-sour-slushy-39g-x12ct,Lolliland Sour Slushy 39g x12ct,"",Lolliland,,"",Novelty,true,Pack Size,Outer,,,,,,,,G0006_Outer,0.0,shopify,0,deny,manual,23.95,,true,true,,,,,,https://cdn.shopify.com/s/files/1/0668/0861/1129/files/G0006LollilandSourSlushy.jpg?v=1754023063,1,"",false,,,,,,,,,,,,,,,,,,,,kg,,,active
lolliland-sour-slushy-39g-x12ct,,,,,,,,,Shipper (8 Outer),,,,,,,,G0006_Shipper,0.0,shopify,0,deny,manual,191.60,,true,true,,,,,,,,,,,,,,,,,,,,,,,,,,,,,kg,,,
reeses-big-cups-79g-x-16ct,Reeses BIG Cups - King Size 79g x 16ct,"",Reeses,,"",Novelty,true,Pack Size,Outer,,,,,,,,KINGCUP_Outer,0.0,shopify,0,deny,manual,44.65,,true,true,,,,,,https://cdn.shopify.com/s/files/1/0668/0861/1129/files/KINGCUPReesesBigCups.jpg?v=1754023064,1,"",false,,,,,,,,,,,,,,,,,,,,kg,,,active
reeses-big-cups-79g-x-16ct,,,,,,,,,Shipper (9 Outer),,,,,,,,KINGCUP_Shipper,0.0,shopify,0,deny,manual,401.85,,true,true,,,,,,,,,,,,,,,,,,,,,,,,,,,,,kg,,,
pringles-134g-cheese-x12ct,Pringles 134g Cheese x12ct,"",Pringles,,"","Chips, Snacks",false,Pack Size,Shipper,,,,,,,,8646712330_Shipper,0.0,shopify,0,deny,manual,44.45,,true,true,,,,,,https://cdn.shopify.com/s/files/1/0668/0861/1129/files/8646712330Pringles134gCheese.jpg?v=1754023065,1,"",false,,,,,,,,,,,,,,,,,,,,kg,,,draft
pez-harry-potter-x-6ct,PEZ Harry Potter Figures x 6ct,"",PEZ,,"",Novelty,false,Pack Size,Outer,,,,,,,,PEZHYP_Outer,0.0,shopify,0,deny,manual,21.85,,true,true,,,,,,https://cdn.shopify.com/s/files/1/0668/0861/1129/files/PEZHYPPEZHarryPotter.jpg?v=1754023065,1,"",false,,,,,,,,,,,,,,,,,,,,kg,,,draft
pez-harry-potter-x-6ct,,,,,,,,,Shipper (6 Outer),,,,,,,,PEZHYP_Shipper,0.0,shopify,0,deny,manual,131.10,,true,true,,,,,,,,,,,,,,,,,,,,,,,,,,,,,kg,,,
mike-and-ike-original-fruits141g-x-12ct,Mike and Ike Original Fruits 120g x 12ct,"",Mike & Like,"Food, Beverages & Tobacco > Food Items > Candy & Chocolate > Candy","","Novelty, Theatre Box",true,Pack Size,Outer,,,,,,,,MIKE004_Outer,0.0,shopify,9,deny,manual,40.05,,true,true,,,,,,https://cdn.shopify.com/s/files/1/0668/0861/1129/files/MIKE004MikeandIkeOriginalFruits.jpg?v=1754023066,1,"",false,,,4748,,,,,,,,,,,,,,,,,kg,,,active
mike-and-ike-berry-blast-141g-x-12ct,Mike and Ike Berry Blast 120g x 12ct,"",Mike & Like,"Food, Beverages & Tobacco > Food Items > Candy & Chocolate > Candy","","Novelty, Theatre Box",true,Pack Size,Outer,,,,,,,,MIKE003_Outer,0.0,shopify,4,deny,manual,40.05,,true,true,,,,,,https://cdn.shopify.com/s/files/1/0668/0861/1129/files/MIKE003MikeandIkeBerryBlast.jpg?v=1754023067,1,"",false,,,4748,,,,,,,,,,,,,,,,,kg,,,active
mike-and-ike-mega-mix-141g-x-12ct,Mike and Ike Mega Mix 120g x 12ct,"",Mike & Like,"Food, Beverages & Tobacco > Food Items > Candy & Chocolate > Candy","","Novelty, Theatre Box",true,Pack Size,Outer,,,,,,,,MIKE002_Outer,0.0,shopify,1,deny,manual,40.05,,true,true,,,,,,https://cdn.shopify.com/s/files/1/0668/0861/1129/files/MIKE002MikeandIkeMegaMix.jpg?v=1754023068,1,"",false,,,4748,,,,,,,,,,,,,,,,,kg,,,active
mike-and-ike-tropical-typhoon-141g-x-12ct,Mike and Ike Tropical Typhoon 120g x 12ct,"",Mike & Like,"Food, Beverages & Tobacco > Food Items > Candy & Chocolate > Candy","","Novelty, Theatre Box",false,Pack Size,Outer,,,,,,,,MIKE001_Outer,0.0,shopify,0,deny,manual,40.00,,true,true,,,,,,https://cdn.shopify.com/s/files/1/0668/0861/1129/files/MIKE001MikeandIkeTropicalTyphoon.jpg?v=1754023069,1,"",false,,,4748,,,,,,,,,,,,,,,,,kg,,,draft
cadbury-180g-hazelnut-block-x-13ct,Cadbury 180g Hazelnut Block x 13ct,<p>13 blocks per outer</p>,Cadbury,,"","Cadbury Blocks, Chocolate Blocks, hide-block, hide-shipper",true,Pack Size,Block,,,,,,,,4052673_Block,0.0,shopify,106,deny,manual,4.72,,true,true,,,,,,https://cdn.shopify.com/s/files/1/0668/0861/1129/files/4052673Cadbury180gHazelnutBlock.jpg?v=1754023070,1,"",false,,,,,,,,,,,,,,,,,,,,kg,,,active
cadbury-180g-hazelnut-block-x-13ct,,,,,,,,,Outer (13 Block),,,,,,,,4052673_Outer,0.0,shopify,8,deny,manual,61.36,,true,true,,,,,,,,,,,,,,,,,,,,,,,,,,,,,kg,,,
cadbury-180g-hazelnut-block-x-13ct,,,,,,,,,Shipper (52 Block),,,,,,,,4052673_Shipper,0.0,shopify,2,deny,manual,245.44,,true,true,,,,,,,,,,,,,,,,,,,,,,,,,,,,,kg,,,
cadbury-180g-coconut-rough-block-x-15ct,Cadbury 180g Coconut Rough Block x 15ct,<p>15 blocks per outer</p>,Cadbury,,"","Cadbury Blocks, Chocolate Blocks, hide-block, hide-shipper",true,Pack Size,Block,,,,,,,,4052663_Block,0.0,shopify,193,deny,manual,4.72,,true,true,,,,,,https://cdn.shopify.com/s/files/1/0668/0861/1129/files/4052663Cadbury180gCoconutRough.jpg?v=1754023070,1,"",false,,,,,,,,,,,,,,,,,,,,kg,,,active
cadbury-180g-coconut-rough-block-x-15ct,,,,,,,,,Outer (15 Block),,,,,,,,4052663_Outer,0.0,shopify,12,deny,manual,70.80,,true,true,,,,,,,,,,,,,,,,,,,,,,,,,,,,,kg,,,
cadbury-180g-coconut-rough-block-x-15ct,,,,,,,,,Shipper (60 Block),,,,,,,,4052663_Shipper,0.0,shopify,3,deny,manual,283.20,,true,true,,,,,,,,,,,,,,,,,,,,,,,,,,,,,kg,,,
cadbury-180g-fruit-and-nut-block-x-14ct,Cadbury 180g Fruit And Nut Block x 14ct,<p>14 blocks per outer</p>,Cadbury,,"","Cadbury Blocks, Chocolate Blocks, hide-block, hide-shipper",true,Pack Size,Block,,,,,,,,4052683_Block,0.0,shopify,91,deny,manual,4.72,,true,true,,,,,,https://cdn.shopify.com/s/files/1/0668/0861/1129/files/4052683Cadbury180gFruit_Nut.jpg?v=1754023071,1,"",false,,,,,,,,,,,,,,,,,,,,kg,,,active
cadbury-180g-fruit-and-nut-block-x-14ct,,,,,,,,,Outer (14 Block),,,,,,,,4052683_Outer,0.0,shopify,6,deny,manual,66.08,,true,true,,,,,,,,,,,,,,,,,,,,,,,,,,,,,kg,,,
cadbury-180g-fruit-and-nut-block-x-14ct,,,,,,,,,Shipper (56 Block),,,,,,,,4052683_Shipper,0.0,shopify,1,deny,manual,264.32,,true,true,,,,,,,,,,,,,,,,,,,,,,,,,,,,,kg,,,
pringles-53g-original-x12ct,Pringles 53g Original x12ct,"",Pringles,,"","Chips, Snacks",true,Pack Size,Shipper,,,,,,,,8646711873_Shipper,0.0,shopify,12,deny,manual,24.00,,true,true,,,,,,https://cdn.shopify.com/s/files/1/0668/0861/1129/files/8646711873Pringles53gOriginal.jpg?v=1754023073,1,"",false,,,,,,,,,,,,,,,,,,,,kg,,,active
pringles-134g-bbq-x12ct,Pringles 134g BBQ x12ct,"",Pringles,,"","Chips, Snacks",true,Pack Size,Shipper,,,,,,,,8646711868_Shipper,0.0,shopify,65,deny,manual,44.45,,true,true,,,,,,https://cdn.shopify.com/s/files/1/0668/0861/1129/files/8646711868PringlesBBQ134g.jpg?v=1754023073,1,"",false,,,,,,,,,,,,,,,,,,,,kg,,,active
pringles-134g-salt-n-vinegar-x12ct,Pringles 134g Salt n Vinegar x12ct,"",Pringles,,"","Chips, Snacks",true,Pack Size,Shipper,,,,,,,,8646711871_Shipper,0.0,shopify,30,deny,manual,44.45,,true,true,,,,,,https://cdn.shopify.com/s/files/1/0668/0861/1129/files/8646711871PringlesSalt_Vinegar134g.jpg?v=1754023074,1,"",false,,,,,,,,,,,,,,,,,,,,kg,,,active
pringles-134g-sour-cream-onion-x12ct,Pringles 134g Sour Cream Onion x12ct,"",Pringles,,"","Chips, Snacks",true,Pack Size,Shipper,,,,,,,,8646711870_Shipper,0.0,shopify,48,deny,manual,44.45,,true,true,,,,,,https://cdn.shopify.com/s/files/1/0668/0861/1129/files/8646711870PringlesSourCreamOnion134g.jpg?v=1754023074,1,"",false,,,,,,,,,,,,,,,,,,,,kg,,,active
whittakers-blocks-250g-hazelnut-x-12ct,Whittakers Blocks 250g Hazelnut x 12ct,"<span data-mce-fragment=""1"">12 blocks per outer</span>",Whittakers,,"","Chocolate Blocks, hide-block, hide-shipper, Night n Day Misc",true,Pack Size,Block,,,,,,,,WHIT048_Block,0.0,shopify,67,deny,manual,7.77,,true,true,,,,,,https://cdn.shopify.com/s/files/1/0668/0861/1129/files/WHIT048WhittakersHazelnutBlock.jpg?v=1754023075,1,"",false,,,,,,,,,,,,,,,,,,,,kg,,,active
whittakers-blocks-250g-hazelnut-x-12ct,,,,,,,,,Outer (12 Block),,,,,,,,WHIT048_Outer,0.0,shopify,5,deny,manual,93.24,,true,true,,,,,,,,,,,,,,,,,,,,,,,,,,,,,kg,,,
lolliland-dinosaur-lollipop-10g-x-12ct,Lolliland Dinosaur Lollipop 10g x 12ct,"",Lolliland,,"","Lollipops, Novelty",false,Pack Size,Outer,,,,,,,,90417_Outer,0.0,shopify,0,deny,manual,19.50,,true,true,,,,,,https://cdn.shopify.com/s/files/1/0668/0861/1129/files/90417FunFrenzyDinosaurLollipop.jpg?v=1754023075,1,"",false,,,,,,,,,,,,,,,,,,,,kg,,,draft
mars-130g-maltesers-gold-x-12ct,Mars - 130g Maltesers GOLD x 12ct,"",Mars,,"","Family Bags, M&M Bags, Night n Day Misc",true,Pack Size,Bag,,,,,,,,451602_Bag,0.0,shopify,0,deny,manual,4.50,,true,true,,,,,,https://cdn.shopify.com/s/files/1/0668/0861/1129/files/451602MalteserGold.jpg?v=1754023076,1,"",false,,,,,,,,,,,,,,,,,,,,kg,,,active
mars-130g-maltesers-gold-x-12ct,,,,,,,,,Shipper (12 Bag),,,,,,,,451602_Shipper,0.0,shopify,0,deny,manual,54.00,,true,true,,,,,,,,,,,,,,,,,,,,,,,,,,,,,kg,,,
jojo-bubble-gum-fried-chicken-21g-x-12ct,Jojo Bubble Gum Fried Chicken 21g x 12ct,"",Jojo,,"","Gum, Novelty",false,Pack Size,Outer,,,,,,,,101160818_Outer,0.0,shopify,0,deny,manual,5.70,,true,true,,,,,,https://cdn.shopify.com/s/files/1/0668/0861/1129/files/101160818JojoBubbleGumFriedChickenwithKetchup.jpg?v=1754023076,1,"",false,,,,,,,,,,,,,,,,,,,,kg,,,draft
jojo-bubble-gum-fried-chicken-21g-x-12ct,,,,,,,,,Shipper (12 Outer),,,,,,,,101160818_Shipper,0.0,shopify,0,deny,manual,68.40,,true,true,,,,,,,,,,,,,,,,,,,,,,,,,,,,,kg,,,
jojo-noodle-house-gum-15g-x-24ct,Jojo Noodle House Gum 15g x 24ct,"",Jojo,,"","Gum, Novelty",false,Pack Size,Outer,,,,,,,,101160833_Outer,0.0,shopify,0,deny,manual,8.10,,true,true,,,,,,https://cdn.shopify.com/s/files/1/0668/0861/1129/files/101160833JojoNoodleHousetray24pcs.jpg?v=1754023077,1,"",false,,,,,,,,,,,,,,,,,,,,kg,,,draft
jojo-noodle-house-gum-15g-x-24ct,,,,,,,,,Shipper (24 Outer),,,,,,,,101160833_Shipper,0.0,shopify,0,deny,manual,194.40,,true,true,,,,,,,,,,,,,,,,,,,,,,,,,,,,,kg,,,
batteries-energizer-c-2-pack,Batteries - Energizer C 2 Pack,"<span data-mce-fragment=""1"">2 batteries per pack</span>",Energizer,Electronics > Electronics Accessories > Power > Batteries > General Purpose Batteries,"",Batteries,true,Pack Size,Packet,,,,,,,,E93BP2-1_Packet,0.0,shopify,35,deny,manual,7.25,,true,true,,,,,,https://cdn.shopify.com/s/files/1/0668/0861/1129/files/E93BP2-1EnergizerC2pack.jpg?v=1754023077,1,"",false,,,4928,,,,,,,,,,,,,,,,,kg,,,active
trolli-pizza-15-5g-x48ct,Trolli Pizza 15.5g x 48ct,"",Trolli,,"",Novelty,true,Pack Size,Outer,,,,,,,,101208229_Outer,0.0,shopify,145,deny,manual,20.65,,true,true,,,,,,https://cdn.shopify.com/s/files/1/0668/0861/1129/files/101208229TrolliPizza.jpg?v=1754023077,1,"",false,,,,,,,,,,,,,,,,,,,,kg,,,active
trolli-pizza-15-5g-x48ct,,,,,,,,,Shipper (6 Outer),,,,,,,,101208229_Shipper,0.0,shopify,24,deny,manual,123.90,,true,true,,,,,,,,,,,,,,,,,,,,,,,,,,,,,kg,,,
toy-unicorn-world-super-squishy-x-12ct,Toy - Unicorn World Super Squishy x 12ct,"",DutchRusk,,"","Novelty, Toys",false,Pack Size,Outer,,,,,,,,99943_Outer,0.0,shopify,0,deny,manual,21.10,,true,true,,,,,,https://cdn.shopify.com/s/files/1/0668/0861/1129/files/99943UnicornWorldSquishyUnicorn.jpg?v=1754023078,1,"",false,,,,,,,,,,,,,,,,,,,,kg,,,draft
pringles-53g-salt-n-vinegar-x12ct,Pringles 53g Salt n Vinegar x12ct,"",Pringles,,"","Chips, Snacks",true,Pack Size,Shipper,,,,,,,,8646712345_Shipper,0.0,shopify,28,deny,manual,24.00,,true,true,,,,,,https://cdn.shopify.com/s/files/1/0668/0861/1129/files/8646712345Pringles53gSaltandVinegar.jpg?v=1754023078,1,"",false,,,,,,,,,,,,,,,,,,,,kg,,,active
pringles-53g-sour-cream-onion-x12ct,Pringles 53g Sour Cream Onion x12ct,"",Pringles,,"","Chips, Snacks",true,Pack Size,Shipper,,,,,,,,8646712344_Shipper,0.0,shopify,49,deny,manual,24.00,,true,true,,,,,,https://cdn.shopify.com/s/files/1/0668/0861/1129/files/8646712344Pringles53gSourCreamOnion.jpg?v=1754023079,1,"",false,,,,,,,,,,,,,,,,,,,,kg,,,active
abc-chocolate-wafer-sticks-220g,ABC Chocolate Wafer Sticks 220g,"",DutchRusk,,"",Snacks,false,Pack Size,Unit,,,,,,,,A0054_Unit,0.0,shopify,0,deny,manual,2.99,,true,true,,,,,,https://cdn.shopify.com/s/files/1/0668/0861/1129/files/A0054ABCChocolateWaferSticks220g.jpg?v=1754023079,1,"",false,,,,,,,,,,,,,,,,,,,,kg,,,draft
juicies-combo-pack-100ml-12x10-pack,Juicies Combo Pack 100ml 12x10 pack,"",DutchRusk,,"","Drinks, Fruit Flavored Drinks",true,Pack Size,Shipper,,,,,,,,COMBOJUICES_Shipper,0.0,shopify,0,deny,manual,89.70,,true,true,,,,,,https://cdn.shopify.com/s/files/1/0668/0861/1129/files/COMBOJUICESJuiciesComboPack.jpg?v=1754023080,1,"",false,,,,,,,,,,,,,,,,,,,,kg,,,active
whittakers-blocks-250g-almond-honey-nougat-x-12ct,Whittakers Blocks 250g Almond Honey Nougat x 12ct,<p>12 blocks per outer</p>,Whittakers,,"","Chocolate Blocks, hide-block, hide-shipper, Night n Day Misc",false,Pack Size,Block,,,,,,,,FG0441_Block,0.0,shopify,0,deny,manual,7.34,,true,true,,,,,,https://cdn.shopify.com/s/files/1/0668/0861/1129/files/FG0441WhittakersBlockHoneyNougatAlmond.jpg?v=1754023081,1,"",false,,,,,,,,,,,,,,,,,,,,kg,,,draft
whittakers-blocks-250g-almond-honey-nougat-x-12ct,,,,,,,,,Outer (12 Block),,,,,,,,FG0441_Outer,0.0,shopify,0,deny,manual,88.08,,true,true,,,,,,,,,,,,,,,,,,,,,,,,,,,,,kg,,,
rjs-natural-mixed-soft-eating-280g-x-12ct,RJ's Natural MIXED Soft Eating FAMILY BAG 280g x 12ct,"<span data-mce-fragment=""1"">12 bags per outer</span>",RJ's,"Food, Beverages & Tobacco > Food Items > Candy & Chocolate","","Family Bags, Licorice, Night n Day Misc, RJ's",false,Pack Size,Bag,,,,,,,,5115_Bag,0.0,shopify,0,deny,manual,4.80,,true,true,,,,,,https://cdn.shopify.com/s/files/1/0668/0861/1129/files/5115RJ_sNaturalMixedSoftEating.jpg?v=1754023081,1,"",false,,,4748,,,,,,,,,,,,,,,,,kg,,,draft
rjs-natural-mixed-soft-eating-280g-x-12ct,,,,,,,,,Shipper (12 Bag),,,,,,,,5115_Shipper,0.0,shopify,0,deny,manual,0.00,,true,true,,,,,,,,,,,,,,,,,,,,,,,,,,,,,kg,,,
rjs-sherbet-fizz-mixed-family-bag-200g-x-12ct,RJ's Fabulicious Sherbet Fizz MIXED FAMILY BAG 200g x 12ct,"<span data-mce-fragment=""1"">12 bags per outer</span>",RJ's,"Food, Beverages & Tobacco > Food Items > Candy & Chocolate","","Family Bags, Licorice, Night n Day Misc, RJ's",true,Pack Size,Bag,,,,,,,,5116_Bag,0.0,shopify,182,deny,manual,3.70,,true,true,,,,,,https://cdn.shopify.com/s/files/1/0668/0861/1129/files/5116RJ_sSherbetFizzMixed.jpg?v=1754023082,1,"",false,,,4748,,,,,,,,,,,,,,,,,kg,,,active
rjs-sherbet-fizz-mixed-family-bag-200g-x-12ct,,,,,,,,,Shipper (12 Bag),,,,,,,,5116_Shipper,0.0,shopify,15,deny,manual,44.40,,true,true,,,,,,,,,,,,,,,,,,,,,,,,,,,,,kg,,,
toy-fighting-force-blocks-x-12ct,Toy - Fighting Force Blocks x 12ct,"",DutchRusk,,"","hide-shipper, Novelty, Toys",true,Pack Size,Outer,,,,,,,,99932_Outer,0.0,shopify,5,deny,manual,21.10,,true,true,,,,,,https://cdn.shopify.com/s/files/1/0668/0861/1129/files/99932FightingForceBlocks.jpg?v=1754023082,1,"",false,,,,,,,,,,,,,,,,,,,,kg,,,active
toy-squishy-jelly-balls-x-24ct,Toy - Squishy Jelly Balls x 24ct,"",DutchRusk,,"","Novelty, Toys",false,Pack Size,Outer,,,,,,,,99931_Outer,0.0,shopify,0,deny,manual,21.10,,true,true,,,,,,https://cdn.shopify.com/s/files/1/0668/0861/1129/files/99931SquishyJellyBall.jpg?v=1754023082,1,"",false,,,,,,,,,,,,,,,,,,,,kg,,,draft
toy-unicorn-water-game-x-24ct,Toy - Unicorn Water Game x 24ct,"",DutchRusk,,"","Novelty, Toys",false,Pack Size,Outer,,,,,,,,99927_Outer,0.0,shopify,0,deny,manual,42.20,,true,true,,,,,,https://cdn.shopify.com/s/files/1/0668/0861/1129/files/99927UnicornWaterGame.jpg?v=1754023083,1,"",false,,,,,,,,,,,,,,,,,,,,kg,,,draft
toy-dinosaur-water-game-x-24ct,Toy - Dinosaur Water Game x 24ct,"",DutchRusk,,"","Novelty, Toys",false,Pack Size,Outer,,,,,,,,99926_Outer,0.0,shopify,0,deny,manual,35.60,,true,true,,,,,,https://cdn.shopify.com/s/files/1/0668/0861/1129/files/99926DinosaurWaterGame.jpg?v=1754023083,1,"",false,,,,,,,,,,,,,,,,,,,,kg,,,draft
toy-lql-water-game-x-24ct,Toy - LQL Water Game x 24ct,"",DutchRusk,,"","Novelty, Toys",false,Pack Size,Outer,,,,,,,,99925_Outer,0.0,shopify,0,deny,manual,31.65,,true,true,,,,,,https://cdn.shopify.com/s/files/1/0668/0861/1129/files/99925LQLWaterGame.jpg?v=1754023083,1,"",false,,,,,,,,,,,,,,,,,,,,kg,,,draft
fishermans-friend-honey-lemon-25g-x-12ct,Fishermans Friend Honey Lemon Sugar Free 25g x 12ct,"",Fishermans,,"","",false,Pack Size,Outer,,,,,,,,10380_Outer,0.0,shopify,0,continue,manual,28.65,,true,true,,,,,,https://cdn.shopify.com/s/files/1/0668/0861/1129/files/10380FishermansFriendHoneyLemon.jpg?v=1754023083,1,"",false,,,,,,,,,,,,,,,,,,,,kg,,,draft
fishermans-friend-honey-lemon-25g-x-12ct,,,,,,,,,Shipper (12 Outer),,,,,,,,10380_Shipper,0.0,shopify,0,deny,manual,343.80,,true,true,,,,,,,,,,,,,,,,,,,,,,,,,,,,,kg,,,
toy-unicorn-snap-bracelet-x-24ct,Toy - Unicorn Snap Bracelet x 24ct,"",DutchRusk,,"","Novelty, Toys",true,Pack Size,Outer,,,,,,,,651383_Outer,0.0,shopify,7,deny,manual,42.50,,true,true,,,,,,https://cdn.shopify.com/s/files/1/0668/0861/1129/files/651383.jpg?v=1754023084,1,"",false,,,,,,,,,,,,,,,,,,,,kg,,,active
toy-collectable-tins-classic-cars-x-32ct,Toy - Collectable Tins - Classic Cars x 32ct,"",DutchRusk,,"","Novelty, Toys",true,Pack Size,Outer,,,,,,,,651018_Outer,0.0,shopify,4,deny,manual,53.50,,true,true,,,,,,https://cdn.shopify.com/s/files/1/0668/0861/1129/files/651018CollectableTins-classiccars.jpg?v=1754023084,1,"",false,,,,,,,,,,,,,,,,,,,,kg,,,active
fishermans-friend-blackcurrant-sugar-free-25g-x-12ct,Fishermans Friend Blackcurrant Sugar Free 25g  x 12ct,"",Fishermans,,"","",false,Pack Size,Outer,,,,,,,,10309_Outer,0.0,shopify,0,deny,manual,28.65,,true,true,,,,,,https://cdn.shopify.com/s/files/1/0668/0861/1129/files/10309FishermansFriendBlackcurrant.jpg?v=1754023085,1,"",false,,,,,,,,,,,,,,,,,,,,kg,,,draft
fishermans-friend-blackcurrant-sugar-free-25g-x-12ct,,,,,,,,,Shipper (12 Outer),,,,,,,,10309_Shipper,0.0,shopify,0,deny,manual,343.80,,true,true,,,,,,,,,,,,,,,,,,,,,,,,,,,,,kg,,,
fishermans-friend-peppermint-sugar-free-25g-x-12ct,Fishermans Friend Peppermint Sugar Free 25g  x 12ct,"",Fishermans,,"","",false,Pack Size,Outer,,,,,,,,10307_Outer,0.0,shopify,0,deny,manual,28.65,,true,true,,,,,,https://cdn.shopify.com/s/files/1/0668/0861/1129/files/10307FishermansFriendPeppermint.jpg?v=1754023085,1,"",false,,,,,,,,,,,,,,,,,,,,kg,,,draft
fishermans-friend-peppermint-sugar-free-25g-x-12ct,,,,,,,,,Shipper (12 Outer),,,,,,,,10307_Shipper,0.0,shopify,0,deny,manual,343.80,,true,true,,,,,,,,,,,,,,,,,,,,,,,,,,,,,kg,,,
fishermans-friend-original-extra-strong-25g-x-12ct,Fishermans Friend Original Extra Strong 25g x 12ct,"",Fishermans,,"","",false,Pack Size,Outer,,,,,,,,10306_Outer,0.0,shopify,0,deny,manual,28.65,,true,true,,,,,,https://cdn.shopify.com/s/files/1/0668/0861/1129/files/10306FishermansFriendOriginalExtraStrong.jpg?v=1754023086,1,"",false,,,,,,,,,,,,,,,,,,,,kg,,,draft
fishermans-friend-original-extra-strong-25g-x-12ct,,,,,,,,,Shipper (12 Outer),,,,,,,,10306_Shipper,0.0,shopify,0,deny,manual,343.80,,true,true,,,,,,,,,,,,,,,,,,,,,,,,,,,,,kg,,,
mils-candy-floss-blue-100g-x-18ct,Candy Floss - MILS - BLUE 100g x 18ct,"",Mils,,"","Candy Floss, Night n Day Misc, Novelty",true,Pack Size,Shipper,,,,,,,,BLUE18_Shipper,0.0,shopify,123,deny,manual,49.30,,true,true,,,,,,https://cdn.shopify.com/s/files/1/0668/0861/1129/files/BLUE18CandyFlossBlue.jpg?v=1754023086,1,"",false,,,,,,,,,,,,,,,,,,,,kg,,,active
candles-spiral-x-24ct,Candles - Spiral x 24ct,"",DutchRusk,Arts & Entertainment > Party & Celebration > Party Supplies,"","Novelty, Party",true,Pack Size,Packet,,,,,,,,SCB6209_Packet,0.0,shopify,165,deny,manual,1.75,,true,true,,,,,,https://cdn.shopify.com/s/files/1/0668/0861/1129/files/SCB6209CandlesSpiral.jpg?v=1754023087,1,"",false,,,96,,,,,,,,,,,,,,,,,kg,,,active
mils-candy-floss-pink-100g-x-18ct,Candy Floss - MILS - PINK 100g x 18ct,"",Mils,,"","Night n Day Misc, Novelty, Snacks",true,Pack Size,Shipper,,,,,,,,PINK18_Shipper,0.0,shopify,94,deny,manual,49.30,,true,true,,,,,,https://cdn.shopify.com/s/files/1/0668/0861/1129/files/PINK18CANDYFLOSS.jpg?v=1754023088,1,"",false,,,,,,,,,,,,,,,,,,,,kg,,,active
cosmic-mega-baby-pop-40g-x-12ct,Cosmic Mega Baby Pop 40g x 12ct,"",Cosmic,,"",Novelty,true,Pack Size,Outer,,,,,,,,100977651_Outer,0.0,shopify,29,deny,manual,25.85,,true,true,,,,,,https://cdn.shopify.com/s/files/1/0668/0861/1129/files/100977651MegaBabyPop.jpg?v=1754023088,1,"",false,,,,,,,,,,,,,,,,,,,,kg,,,active
cosmic-mega-baby-pop-40g-x-12ct,,,,,,,,,Shipper (12 Outer),,,,,,,,100977651_Shipper,0.0,shopify,2,deny,manual,310.20,,true,true,,,,,,,,,,,,,,,,,,,,,,,,,,,,,kg,,,
sharepack-kit-kat-white-milkybar-11-bars-in-bag-12-bags-per-box,Sharepack - Kit Kat WHITE Milkybar - 11 bars in bag  12 bags per box,"<p>11 bars in bag, 12 bags per box</p>",Nestle,,"",Sharepacks,true,Pack Size,Shipper,,,,,,,,12554052_Shipper,0.0,shopify,0,deny,manual,67.10,,true,true,,,,,,https://cdn.shopify.com/s/files/1/0668/0861/1129/files/12554052KitKatWhiteSharepack.jpg?v=1754023089,1,"",false,,,,,,,,,,,,,,,,,,,,kg,,,active
nestle-block-kit-kat-white-milky-bar-160g-x-12ct,Nestle Block - Kit Kat WHITE Milky Bar 160g x 12ct,<p>12 blocks per outer</p>,Nestle,,"","Chocolate Blocks, hide-block, hide-shipper, Night n Day Misc",true,Pack Size,Block,,,,,,,,12555743_Block,0.0,shopify,76,deny,manual,5.78,,true,true,,,,,,https://cdn.shopify.com/s/files/1/0668/0861/1129/files/12555743KitKatWhiteBlock160g.jpg?v=1754023090,1,"",false,,,,,,,,,,,,,,,,,,,,kg,,,active
nestle-block-kit-kat-white-milky-bar-160g-x-12ct,,,,,,,,,Outer (12 Block),,,,,,,,12555743_Outer,0.0,shopify,6,deny,manual,69.36,,true,true,,,,,,,,,,,,,,,,,,,,,,,,,,,,,kg,,,
nestle-block-kit-kat-white-milky-bar-160g-x-12ct,,,,,,,,,Shipper (72 Block),,,,,,,,12555743_Shipper,0.0,shopify,1,deny,manual,416.16,,true,true,,,,,,,,,,,,,,,,,,,,,,,,,,,,,kg,,,
nestle-kit-kat-4-finger-white-milky-bar-45g-x48ct,Nestle Kit Kat 4 Finger WHITE Milky Bar 45g x 48ct,"",Nestle,,"","hide-shipper, Nestle Single Bars, Night n Day Misc",true,Pack Size,Outer,,,,,,,,12552775_Outer,0.0,shopify,0,deny,manual,90.00,,true,true,,,,,,https://cdn.shopify.com/s/files/1/0668/0861/1129/files/12552775KitKatWhite.jpg?v=1754023091,1,"",false,,,,,,,,,,,,,,,,,,,,kg,,,active
nestle-kit-kat-4-finger-white-milky-bar-45g-x48ct,,,,,,,,,Shipper (6 Outer),,,,,,,,12552775_Shipper,0.0,shopify,0,deny,manual,540.00,,true,true,,,,,,,,,,,,,,,,,,,,,,,,,,,,,kg,,,
estel-water-500ml-x-24ct,Estel NZ Water 500ml x 24ct,"",DutchRusk,,"","",false,Pack Size,Shipper,,,,,,,,500SPORT24SHIP_Shipper,0.0,shopify,0,deny,manual,42.00,,true,true,,,,,,https://cdn.shopify.com/s/files/1/0668/0861/1129/files/500SPORT24SHIPEstel500mlWater.jpg?v=1754023091,1,"",false,,,,,,,,,,,,,,,,,,,,kg,,,draft
playing-cards-silver-fern-individual-packet,Playing Cards - Silver Fern - INDIVIDUAL PACKET,"",DutchRusk,Toys & Games > Games > Card Games,"","Miscellaneous, Novelty",true,Pack Size,Packet,,,,,,,,958203-1_Packet,0.0,shopify,177,deny,manual,1.95,,true,true,,,,,,https://cdn.shopify.com/s/files/1/0668/0861/1129/files/958203-1PlayingCards-SilverFern.jpg?v=1754023092,1,"",false,,,1247,,,,,,,,,,,,,,,,,kg,,,active
playing-cards-silver-fern-individual-packet,,,,,,,,,Outer (12 Packet),,,,,,,,958203-1_Outer,0.0,shopify,14,deny,manual,23.40,,true,true,,,,,,,,,,,,,,,,,,,,,,,,,,,,,kg,,,
tncc-fruits-cream-bliss-190g-x-12ct,TNCC Fruits & Cream Bliss 180g x 12ct,"12<span data-mce-fragment=""1""> bags per outer</span>",TNCC,,"","Family Bags, Night n Day Misc, Pascall, TNCC",false,Pack Size,Bag,,,,,,,,4275588_Bag,0.0,shopify,0,deny,manual,3.95,,true,true,,,,,,https://cdn.shopify.com/s/files/1/0668/0861/1129/files/4275588TNCCFruits_Cream190g.jpg?v=1754023092,1,"",false,,,,,,,,,,,,,,,,,,,,kg,,,draft
tncc-fruits-cream-bliss-190g-x-12ct,,,,,,,,,Shipper (12 Bag),,,,,,,,4275588_Shipper,0.0,shopify,0,deny,manual,0.00,,true,true,,,,,,,,,,,,,,,,,,,,,,,,,,,,,kg,,,
panadol-optizorb-tablets-x-12ct,Panadol Optizorb Tablets x 12ct,"",Panadol,Health & Beauty > Health Care > Medicine & Drugs,"",Health,false,Pack Size,Packet,,,,,,,,1142558_Packet,0.0,shopify,0,deny,manual,4.25,,true,true,,,,,,https://cdn.shopify.com/s/files/1/0668/0861/1129/files/1142558PanadolOptizorbTablets12Pack.jpg?v=1754023093,1,"",false,,,518,,,,,,,,,,,,,,,,,kg,,,draft
panadol-optizorb-tablets-x-12ct,,,,,,,,,Outer (12 Packet),,,,,,,,1142558_Outer,0.0,shopify,0,deny,manual,51.00,,true,true,,,,,,,,,,,,,,,,,,,,,,,,,,,,,kg,,,
panadol-optizorb-tablets-x-12ct,,,,,,,,,Shipper (288 Packet),,,,,,,,1142558_Shipper,0.0,shopify,0,deny,manual,1224.00,,true,true,,,,,,,,,,,,,,,,,,,,,,,,,,,,,kg,,,
panadol-rapid-handipak-10ct,Panadol Rapid Handipak 10ct,"",Panadol,,"",Health,false,Pack Size,Packet,,,,,,,,1161886_Packet,0.0,shopify,0,deny,manual,4.55,,true,true,,,,,,https://cdn.shopify.com/s/files/1/0668/0861/1129/files/1161886PanadolRapidHandipack10s.jpg?v=1754023093,1,"",false,,,,,,,,,,,,,,,,,,,,kg,,,draft
panadol-rapid-handipak-10ct,,,,,,,,,Outer (12 Packet),,,,,,,,1161886_Outer,0.0,shopify,0,deny,manual,54.60,,true,true,,,,,,,,,,,,,,,,,,,,,,,,,,,,,kg,,,
panadol-rapid-handipak-10ct,,,,,,,,,Shipper (144 Packet),,,,,,,,1161886_Shipper,0.0,shopify,0,deny,manual,655.20,,true,true,,,,,,,,,,,,,,,,,,,,,,,,,,,,,kg,,,
panadol-tablets-x-20ct,Panadol Tablets x 20ct,"",Panadol,Health & Beauty > Health Care > Medicine & Drugs,"",Health,false,Pack Size,Packet,,,,,,,,1141297_Packet,0.0,shopify,0,deny,manual,5.80,,true,true,,,,,,https://cdn.shopify.com/s/files/1/0668/0861/1129/files/1141297PanadolTablet500MG20S.jpg?v=1754023094,1,"",false,,,518,,,,,,,,,,,,,,,,,kg,,,draft
panadol-tablets-x-20ct,,,,,,,,,Outer (12 Packet),,,,,,,,1141297_Outer,0.0,shopify,0,deny,manual,69.60,,true,true,,,,,,,,,,,,,,,,,,,,,,,,,,,,,kg,,,
panadol-tablets-x-20ct,,,,,,,,,Shipper (288 Packet),,,,,,,,1141297_Shipper,0.0,shopify,0,deny,manual,1670.40,,true,true,,,,,,,,,,,,,,,,,,,,,,,,,,,,,kg,,,
chupa-chups-lollipop-wheel-x-200ct,Chupa Chups Lollipop Wheel x 200ct,"",Chupa Chups,,"","Lollipops, Novelty",false,Pack Size,Outer,,,,,,,,950335_Outer,0.0,shopify,0,deny,manual,85.80,,true,true,,,,,,https://cdn.shopify.com/s/files/1/0668/0861/1129/files/file_4e7666e2-bf21-4539-afe6-d8faf905ddca.jpg?v=1754879746,1,950335,false,,,,,,,,,,,,,,,,,,,,kg,,,draft
chupa-chups-lollipop-wheel-x-200ct,,,,,,,,,Shipper (6 Outer),,,,,,,,950335_Shipper,0.0,shopify,0,deny,manual,396.00,,true,true,,,,,,,,,,,,,,,,,,,,,,,,,,,,,kg,,,
chupa-chups-gravity-feeder,Chupa Chups Gravity Feeder,"",Chupa Chups,,"","",false,Pack Size,Each,,,,,,,,200044203_Each,0.0,shopify,4,deny,manual,0.00,,true,true,,,,,,https://cdn.shopify.com/s/files/1/0668/0861/1129/files/file_eab1af78-3672-402e-8929-d331e171113d.jpg?v=1754879343,1,200044203,false,,,,,,,,,,,,,,,,,,,,kg,,,draft
14pc-extra-intense-mint-27g-x-24ct,14pc Extra Intense Mint 27g x 24ct,"",Mars,,"","Gum, Night n Day Misc, Wrigleys",true,Pack Size,Outer,,,,,,,,434429_Outer,0.0,shopify,105,deny,manual,55.20,,true,true,,,,,,https://cdn.shopify.com/s/files/1/0668/0861/1129/files/434429EXTRAIntenseTAB27g.jpg?v=1754023095,1,"",false,,,,,,,,,,,,,,,,,,,,kg,,,active
14pc-extra-intense-mint-27g-x-24ct,,,,,,,,,Shipper (12 Outer),,,,,,,,434429_Shipper,0.0,shopify,8,deny,manual,662.40,,true,true,,,,,,,,,,,,,,,,,,,,,,,,,,,,,kg,,,
extra-pottles-intense-mint-64g-x-6ct,Extra pottles Intense Mint 64g x 6ct,"",Mars,,"","Gum, Night n Day Misc, Wrigleys",true,Pack Size,Outer,,,,,,,,434432_Outer,0.0,shopify,30,deny,manual,26.65,,true,true,,,,,,https://cdn.shopify.com/s/files/1/0668/0861/1129/files/434432EXTRAIntenseBottle64g.jpg?v=1754023095,1,"",false,,,,,,,,,,,,,,,,,,,,kg,,,active
extra-pottles-intense-mint-64g-x-6ct,,,,,,,,,Shipper (16 Outer),,,,,,,,434432_Shipper,0.0,shopify,1,deny,manual,426.40,,true,true,,,,,,,,,,,,,,,,,,,,,,,,,,,,,kg,,,
whittakers-blocks-250g-hokey-pokey-crunch-x-12ct,Whittakers Blocks 250g Hokey Pokey Crunch x 12ct,"<span data-mce-fragment=""1"">12 blocks per outer</span>",Whittakers,,"","Chocolate Blocks, hide-block, hide-shipper, Night n Day Misc",true,Pack Size,Block,,,,,,,,FG0431_Block,0.0,shopify,106,deny,manual,7.77,,true,true,,,,,,https://cdn.shopify.com/s/files/1/0668/0861/1129/files/FG0431HokeyPokeyCrunchblock.jpg?v=1754023096,1,"",false,,,,,,,,,,,,,,,,,,,,kg,,,active
whittakers-blocks-250g-hokey-pokey-crunch-x-12ct,,,,,,,,,Outer (12 Block),,,,,,,,FG0431_Outer,0.0,shopify,8,deny,manual,93.24,,true,true,,,,,,,,,,,,,,,,,,,,,,,,,,,,,kg,,,
ctc-toothbrush-with-candy-x-12ct,CTC Toothbrush with candy x 12ct,"",DutchRusk,,"",Novelty,false,Pack Size,Outer,,,,,,,,101121888_Outer,0.0,shopify,0,deny,manual,22.00,,true,true,,,,,,https://cdn.shopify.com/s/files/1/0668/0861/1129/files/101121888KidzWorldCandyToothbrush.jpg?v=1754023096,1,"",false,,,,,,,,,,,,,,,,,,,,kg,,,draft
ctc-toothbrush-with-candy-x-12ct,,,,,,,,,Shipper (8 Outer),,,,,,,,101121888_Shipper,0.0,shopify,0,deny,manual,176.00,,true,true,,,,,,,,,,,,,,,,,,,,,,,,,,,,,kg,,,
whittakers-slab-hokey-pokey-crunch-x-50ct,Whittakers Slab Hokey Pokey Crunch x 50ct,"",Whittakers,,"",Night n Day Misc,true,Pack Size,Outer,,,,,,,,FG0167_Outer,0.0,shopify,43,deny,manual,105.00,,true,true,,,,,,https://cdn.shopify.com/s/files/1/0668/0861/1129/files/FG0167HokeyPokeyCrunchslab.jpg?v=1754023097,1,"",false,,,,,,,,,,,,,,,,,,,,kg,,,active
whittakers-slab-hokey-pokey-crunch-x-50ct,,,,,,,,,Shipper (4 Outer),,,,,,,,FG0167_Shipper,0.0,shopify,10,deny,manual,420.00,,true,true,,,,,,,,,,,,,,,,,,,,,,,,,,,,,kg,,,
nippys-1ltr-ice-coffee-bottle-new-x-6ct,Nippys 1Ltr Ice Coffee bottle NEW!!!!!! x 6ct,"",Nippy's,,"","Drinks, Milk Drinks",true,Pack Size,Shipper,,,,,,,,PET1000CO_Shipper,0.0,shopify,49,deny,manual,44.45,,true,true,,,,,,https://cdn.shopify.com/s/files/1/0668/0861/1129/files/PET1000CHNippys1LitreIcedChocolate_b79f80a2-26a4-4392-895d-db641223e2db.jpg?v=1754023097,1,"",false,,,,,,,,,,,,,,,,,,,,kg,,,active
nippys-1ltr-ice-choc-bottle-new-x-6ct,Nippys 1Ltr Ice Choc bottle NEW!!!!!! x 6ct,"",Nippy's,,"","Drinks, Milk Drinks",true,Pack Size,Shipper,,,,,,,,PET1000CH_Shipper,0.0,shopify,41,deny,manual,44.45,,true,true,,,,,,https://cdn.shopify.com/s/files/1/0668/0861/1129/files/PET1000CHNippys1LitreIcedChocolate.jpg?v=1754023098,1,"",false,,,,,,,,,,,,,,,,,,,,kg,,,active
ctc-froggy-chomp-17g-x-12ct,CTC Froggy Chomp 17g x 12ct,"",DutchRusk,,"",Novelty,false,Pack Size,Outer,,,,,,,,CTC17_Outer,0.0,shopify,0,deny,manual,28.35,,true,true,,,,,,https://cdn.shopify.com/s/files/1/0668/0861/1129/files/CTC17FroggyChomp.jpg?v=1754023098,1,"",false,,,,,,,,,,,,,,,,,,,,kg,,,draft
ctc-froggy-chomp-17g-x-12ct,,,,,,,,,Shipper (12 Outer),,,,,,,,CTC17_Shipper,0.0,shopify,0,deny,manual,340.20,,true,true,,,,,,,,,,,,,,,,,,,,,,,,,,,,,kg,,,
reading-glasses-with-case-x-12ct,Reading Glasses With Case x 12ct,"",DutchRusk,Health & Beauty > Personal Care > Vision Care > Eyeglasses,"",Health,false,Pack Size,Outer,,,,,,,,650750_Outer,0.0,shopify,0,deny,manual,36.00,,true,true,,,,,,https://cdn.shopify.com/s/files/1/0668/0861/1129/files/650750ReadingGlasses.jpg?v=1754023098,1,"",false,,,524,,,,,,,,,,,,,,,,,kg,,,draft
hi-chew-display-stand,Hi-Chew Display Stand,"",Hi-Chew,Business & Industrial > Retail > Retail Display Props & Models,"","",false,Pack Size,Outer,,,,,,,,FZ11432_Outer,0.0,shopify,6,deny,manual,0.00,,true,true,,,,,,,,,false,,,499897,,,,,,,,,,,,,,,,,kg,,,draft
junior-drinks-125ml-x-24ct,Junior Drinks 125ml x 24ct,"",DutchRusk,,"","Drinks, Fruit Flavored Drinks",false,Pack Size,Outer,,,,,,,,JUNIOR_Outer,0.0,shopify,0,deny,manual,0.00,,true,true,,,,,,,,,false,,,,,,,,,,,,,,,,,,,,kg,,,draft
bundaberg-pineapple-coconut-375ml-x-12ct,Bundaberg Pineapple Coconut 375ml x 12ct,"",Bundaberg,,"","Drinks, Soda Drinks",true,Pack Size,Shipper,,,,,,,,1023_Shipper,0.0,shopify,13,deny,manual,29.50,,true,true,,,,,,https://cdn.shopify.com/s/files/1/0668/0861/1129/files/1023BundabergPineapple_Coconut375ml.jpg?v=1754023100,1,"",false,,,,,,,,,,,,,,,,,,,,kg,,,active
rocky-road-fruit-and-nut-90g-x-25ct,Rocky Road Fruit And Nut 90g x 25ct,"",DutchRusk,,"",Snacks,true,Pack Size,Outer,,,,,,,,DR396_Outer,0.0,shopify,10,deny,manual,48.95,,true,true,,,,,,https://cdn.shopify.com/s/files/1/0668/0861/1129/files/DR396RockyRoad.jpg?v=1754023101,1,"",false,,,,,,,,,,,,,,,,,,,,kg,,,active
sherbet-bottles-18g-x-24ct,Sherbet Bottles 18g x 24ct,"",DutchRusk,,"",Novelty,true,Pack Size,Outer,,,,,,,,UNC175_Outer,0.0,shopify,0,deny,manual,10.20,,true,true,,,,,,https://cdn.shopify.com/s/files/1/0668/0861/1129/files/UNC175SherbetBottles.jpg?v=1754023101,1,"",false,,,,,,,,,,,,,,,,,,,,kg,,,active
sherbet-bottles-18g-x-24ct,,,,,,,,,Shipper (12 Outer),,,,,,,,UNC175_Shipper,0.0,shopify,0,deny,manual,122.40,,true,true,,,,,,,,,,,,,,,,,,,,,,,,,,,,,kg,,,
dr-pepper-cola-cans-330ml-x-24ct,Dr Pepper Cola Cans 330ml x 24ct,"",Dr Pepper,,"","Drinks, Soda Drinks",false,Pack Size,Outer,,,,,,,,629125_Outer,0.0,shopify,0,deny,manual,42.25,,true,true,,,,,,https://cdn.shopify.com/s/files/1/0668/0861/1129/files/629125DRPEPPER.jpg?v=1754023101,1,"",false,,,,,,,,,,,,,,,,,,,,kg,,,draft
snowdon-ice-cream-cone-sleeve-x500ct,Snowdon Ice Cream Cone Sleeve x500ct,"",Snowdon,,"",Novelty,false,Pack Size,Shipper,,,,,,,,CONESLEEVE_Shipper,0.0,shopify,0,deny,manual,26.00,,true,true,,,,,,https://cdn.shopify.com/s/files/1/0668/0861/1129/files/CONESLEEVESnowdonIceCreamConeSleeve.jpg?v=1754023102,1,"",false,,,,,,,,,,,,,,,,,,,,kg,,,draft
toy-happy-bubbles-hand-wand-x24ct,Toy - Happy Bubbles Hand Wand x24ct,"",DutchRusk,,"","Novelty, Toys",false,Pack Size,Outer,,,,,,,,650890_Outer,0.0,shopify,0,deny,manual,40.00,,true,true,,,,,,https://cdn.shopify.com/s/files/1/0668/0861/1129/files/650890BubbleHandWand.jpg?v=1754023102,1,"",false,,,,,,,,,,,,,,,,,,,,kg,,,draft
jack-links-steak-bar-chargrilled-original-25g-x-12ct,Jack Links Steak Bar Chargrilled Original 25g x 12ct,"",Jack Links,,"","",true,Pack Size,Outer,,,,,,,,101036242_Outer,0.0,shopify,9,deny,manual,28.60,,true,true,,,,,,https://cdn.shopify.com/s/files/1/0668/0861/1129/files/101036242JackLinksOriginalSteakBar25g.jpg?v=1754023103,1,"",false,,,,,,,,,,,,,,,,,,,,kg,,,active
jack-links-steak-bar-chargrilled-original-25g-x-12ct,,,,,,,,,Shipper (12 Outer),,,,,,,,101036242_Shipper,0.0,shopify,0,deny,manual,343.20,,true,true,,,,,,,,,,,,,,,,,,,,,,,,,,,,,kg,,,
bundaberg-lemon-lime-bitters-375ml-x12ct,Bundaberg Lemon Lime Bitters 375ml x12ct,"",Bundaberg,,"","Drinks, Soda Drinks",true,Pack Size,Shipper,,,,,,,,2112_Shipper,0.0,shopify,41,deny,manual,29.50,,true,true,,,,,,https://cdn.shopify.com/s/files/1/0668/0861/1129/files/2112BundabergLemonLimeBitters.jpg?v=1754023103,1,"",false,,,,,,,,,,,,,,,,,,,,kg,,,active
whittakers-blocks-250g-dark-salted-caramel-x-12ct,Whittakers Blocks 250g Dark Salted Caramel x 12ct,"<span data-mce-fragment=""1"">12 blocks per outer</span>",Whittakers,,"","Chocolate Blocks, hide-block, hide-shipper, Night n Day Misc",true,Pack Size,Block,,,,,,,,WHIT017_Block,0.0,shopify,116,deny,manual,7.77,,true,true,,,,,,https://cdn.shopify.com/s/files/1/0668/0861/1129/files/WHIT017WhittakersDarkSaltedCaramel250gblock.jpg?v=1754023104,1,"",false,,,,,,,,,,,,,,,,,,,,kg,,,active
whittakers-blocks-250g-dark-salted-caramel-x-12ct,,,,,,,,,Outer (12 Block),,,,,,,,WHIT017_Outer,0.0,shopify,9,deny,manual,93.24,,true,true,,,,,,,,,,,,,,,,,,,,,,,,,,,,,kg,,,
toy-squeezy-poops-x-12ct,Toy - Squeezy Poops x 12ct,"",DutchRusk,,"","Novelty, Toys",false,Pack Size,Outer,,,,,,,,651956_Outer,0.0,shopify,0,deny,manual,30.00,,true,true,,,,,,https://cdn.shopify.com/s/files/1/0668/0861/1129/files/651956SqueezyPoops.jpg?v=1754023104,1,"",false,,,,,,,,,,,,,,,,,,,,kg,,,draft
chupa-chups-totem-pole,Chupa Chups Totem Pole,"",Chupa Chups,,"","",false,Pack Size,Each,,,,,,,,200085699_Each,0.0,shopify,0,deny,manual,0.00,,true,true,,,,,,,,,false,,,,,,,,,,,,,,,,,,,,kg,,,draft
rjs-raspberry-bullets-mixed-220g,RJ's Bullets Raspberry  Mixed FAMILY BAG 220g x 12ct,<p>12 bags per outer</p>,RJ's,"Food, Beverages & Tobacco > Food Items > Candy & Chocolate","","Family Bags, Licorice, Night n Day Misc, RJ's",false,Pack Size,Bag,,,,,,,,5077_Bag,0.0,shopify,0,deny,manual,4.80,,true,true,,,,,,https://cdn.shopify.com/s/files/1/0668/0861/1129/files/5077MixedBulletsRaspberry220g.jpg?v=1754023105,1,"",false,,,4748,,,,,,,,,,,,,,,,,kg,,,draft
rjs-raspberry-bullets-mixed-220g,,,,,,,,,Shipper (12 Bag),,,,,,,,5077_Shipper,0.0,shopify,0,deny,manual,57.60,,true,true,,,,,,,,,,,,,,,,,,,,,,,,,,,,,kg,,,
rjs-licorice-bullets-mixed-220g-x-12ct,RJ's Bullets Licorice Mixed  FAMILY BAG 220g x 12ct,"",RJ's,"Food, Beverages & Tobacco > Food Items > Candy & Chocolate","","Family Bags, Licorice, Night n Day Misc, RJ's",false,Pack Size,Bag,,,,,,,,5076_Bag,0.0,shopify,0,deny,manual,4.80,,true,true,,,,,,https://cdn.shopify.com/s/files/1/0668/0861/1129/files/5076MixedBulletsLicorice220g.jpg?v=1754023106,1,"",false,,,4748,,,,,,,,,,,,,,,,,kg,,,draft
rjs-licorice-bullets-mixed-220g-x-12ct,,,,,,,,,Shipper (12 Bag),,,,,,,,5076_Shipper,0.0,shopify,0,deny,manual,57.60,,true,true,,,,,,,,,,,,,,,,,,,,,,,,,,,,,kg,,,
snowdon-icecream-cornet-cones-x-400ct,Snowdon Icecream Cornet Cones x 400ct,"",Snowdon,,"",Novelty,false,Pack Size,Shipper,,,,,,,,SCC001_Shipper,0.0,shopify,0,deny,manual,50.00,,true,true,,,,,,https://cdn.shopify.com/s/files/1/0668/0861/1129/files/SCC001SnowdenCornetCones.jpg?v=1754023106,1,"",false,,,,,,,,,,,,,,,,,,,,kg,,,draft
tom-luke-stands-2-tier-counter-top-small,Tom & Luke Stands - 2 Tier 4 rows Counter Top Small,"",Tom & Luke,,"",Snacks,false,Pack Size,Each,,,,,,,,TOM004_Each,0.0,shopify,3,deny,manual,0.00,,true,true,,,,,,https://cdn.shopify.com/s/files/1/0668/0861/1129/files/file_3ae9c0bf-b478-471d-83e8-199c2b10fd62.jpg?v=1754880330,1,TOM004,false,,,,,,,,,,,,,,,,,,,,kg,,,draft
tom-luke-stands-4-row-counter-top-unit,Tom & Luke Stands - 1 Tier  4 Row Counter Top Unit,"",Tom & Luke,,"",Snacks,false,Pack Size,Each,,,,,,,,TOM002_Each,0.0,shopify,17,deny,manual,0.00,,true,true,,,,,,https://cdn.shopify.com/s/files/1/0668/0861/1129/files/file_59104a49-ef78-4db9-8374-a09a08ef222b.jpg?v=1754880328,1,TOM002,false,,,,,,,,,,,,,,,,,,,,kg,,,draft
mylabels-stickers-x-1600ct,MYLABELS stickers x 1600ct,"<span data-mce-fragment=""1"">Labels for ingredients info on lolly mixture bags. New requirement with most councils now</span><br data-mce-fragment=""1""><span data-mce-fragment=""1"">Box contains 100 x A4 label sheets that go into any printer.</span><br data-mce-fragment=""1""><span data-mce-fragment=""1"">Total 1600 stickers</span>",DutchRusk,Office Supplies > General Office Supplies > Labels & Tags,"",Miscellaneous,true,Pack Size,Each,,,,,,,,MYLABELS_Each,0.0,shopify,30,deny,manual,25.00,,true,true,,,,,,https://cdn.shopify.com/s/files/1/0668/0861/1129/files/MYLABELSMyLabelsstickers.jpg?v=1754023107,1,"",false,,,960,,,,,,,,,,,,,,,,,kg,,,active
mylabels-stickers-x-1600ct,,,,,,,,,Shipper (10 Each),,,,,,,,MYLABELS_Shipper,0.0,shopify,3,deny,manual,250.00,,true,true,,,,,,,,,,,,,,,,,,,,,,,,,,,,,kg,,,
batteries-energizer-d-2-pack,Batteries - Energizer D 2 pack,"<span data-mce-fragment=""1"">2 batteries per pack</span>",Energizer,Electronics > Electronics Accessories > Power > Batteries > General Purpose Batteries,"",Batteries,true,Pack Size,Packet,,,,,,,,E95BP2_Packet,0.0,shopify,39,deny,manual,7.55,,true,true,,,,,,https://cdn.shopify.com/s/files/1/0668/0861/1129/files/E95BP2EnergizerD2pack.jpg?v=1754023108,1,"",false,,,4928,,,,,,,,,,,,,,,,,kg,,,active
durex-extra-safe-condoms-12pk,Durex Extra Safe Condoms 12pk,"",Durex,Uncategorized,"",Health,true,Pack Size,Packet,,,,,,,,8042262_Packet,0.0,shopify,0,deny,manual,17.00,,true,true,,,,,,https://cdn.shopify.com/s/files/1/0668/0861/1129/files/8042262DurexExtraSafeCondoms12s.jpg?v=1754023108,1,"",false,,,,,,,,,,,,,,,,,,,,kg,,,active
durex-extra-safe-condoms-12pk,,,,,,,,,Outer (6 Packet),,,,,,,,8042262_Outer,0.0,shopify,0,deny,manual,102.00,,true,true,,,,,,,,,,,,,,,,,,,,,,,,,,,,,kg,,,
durex-extra-safe-condoms-12pk,,,,,,,,,Shipper (72 Packet),,,,,,,,8042262_Shipper,0.0,shopify,0,deny,manual,1224.00,,true,true,,,,,,,,,,,,,,,,,,,,,,,,,,,,,kg,,,
nippys-500ml-strawberry-bottle-new-x-12ct,Nippys 500ml Strawberry BOTTLE x 12ct,"",Nippy's,,"","Drinks, Milk Drinks",true,Pack Size,Shipper,,,,,,,,PET0500ST_Shipper,0.0,shopify,70,deny,manual,44.00,,true,true,,,,,,https://cdn.shopify.com/s/files/1/0668/0861/1129/files/PET0500ST500mlsNippysStrawberry_1826547a-7240-4921-a856-b6587815582d.jpg?v=1754023109,1,"",false,,,,,,,,,,,,,,,,,,,,kg,,,active
nippys-500ml-ice-coffee-bottle-new-x-12ct,Nippys 500ml Ice Coffee BOTTLE x 12ct,"",Nippy's,,"","Drinks, Milk Drinks",true,Pack Size,Shipper,,,,,,,,PET0500CO_Shipper,0.0,shopify,157,deny,manual,44.00,,true,true,,,,,,https://cdn.shopify.com/s/files/1/0668/0861/1129/files/PET0500CONippys500mlsCoffeebottle.jpg?v=1754023110,1,"",false,,,,,,,,,,,,,,,,,,,,kg,,,active
nippys-500ml-ice-choc-bottle-new-x-12ct,Nippys 500ml Ice Choc BOTTLE x 12ct,"",Nippy's,,"","Drinks, Milk Drinks",true,Pack Size,Shipper,,,,,,,,PET0500CH_Shipper,0.0,shopify,139,deny,manual,44.00,,true,true,,,,,,https://cdn.shopify.com/s/files/1/0668/0861/1129/files/PET0500CH500mlsNippysChocolate.jpg?v=1754023110,1,"",false,,,,,,,,,,,,,,,,,,,,kg,,,active
rjs-natural-lic-soft-eating-300g-x-12ct,RJ's Natural Lic Soft Eating 300g FAMILY BAG x 12ct,"<span data-mce-fragment=""1"">12 bags per outer</span>",RJ's,"Food, Beverages & Tobacco > Food Items > Candy & Chocolate","","Family Bags, Licorice, Night n Day Misc, RJ's",true,Pack Size,Bag,,,,,,,,5000_Bag,0.0,shopify,36,deny,manual,4.95,,true,true,,,,,,https://cdn.shopify.com/s/files/1/0668/0861/1129/files/5000RJ_sNaturalSoft.jpg?v=1754023111,1,"",false,,,4748,,,,,,,,,,,,,,,,,kg,,,active
rjs-natural-lic-soft-eating-300g-x-12ct,,,,,,,,,Shipper (12 Bag),,,,,,,,5000_Shipper,0.0,shopify,3,deny,manual,59.40,,true,true,,,,,,,,,,,,,,,,,,,,,,,,,,,,,kg,,,
chupa-chups-unit-counter-wall,Chupa Chups Unit Counter/Wall,"",Chupa Chups,,"","",false,Pack Size,Each,,,,,,,,200064020_Each,0.0,shopify,0,deny,manual,0.00,,true,true,,,,,,https://cdn.shopify.com/s/files/1/0668/0861/1129/files/file_dd05ee3f-7383-45ab-9f80-7b073201ca97.jpg?v=1754879352,1,200064020,false,,,,,,,,,,,,,,,,,,,,kg,,,draft
lollipops-mayceys-15c-approx-240ct,Lollipops Mayceys 15c Approx 240ct,"",Mayceys,,"","Lollipops, Novelty",true,Pack Size,Outer,,,,,,,,BLP_Outer,0.0,shopify,0,deny,manual,26.55,,true,true,,,,,,https://cdn.shopify.com/s/files/1/0668/0861/1129/files/BLPMAYCEYSLOLLIPOPS.jpg?v=1754023112,1,"",false,,,,,,,,,,,,,,,,,,,,kg,,,active
lollipops-mayceys-15c-approx-240ct,,,,,,,,,Shipper (6 Outer),,,,,,,,BLP_Shipper,0.0,shopify,0,deny,manual,159.30,,true,true,,,,,,,,,,,,,,,,,,,,,,,,,,,,,kg,,,
rjs-counter-stand,RJs Counter Stand,"",RJ's,,"",RJ's,false,Pack Size,Each,,,,,,,,RJ002_Each,0.0,shopify,1,deny,manual,0.00,,true,true,,,,,,,,,false,,,,,,,,,,,,,,,,,,,,kg,,,draft
rjs-dump-bin-x-1,RJs Dump Bin x 1,"",RJ's,,"",RJ's,false,Pack Size,Each,,,,,,,,RJ001_Each,0.0,shopify,18,deny,manual,0.00,,true,true,,,,,,,,,false,,,,,,,,,,,,,,,,,,,,kg,,,draft
rjs-licorice-allsorts-ap-1kg,RJ's Licorice Allsorts AP 1kg,<p>6 bags per shipper</p>,RJ's,"Food, Beverages & Tobacco > Food Items > Candy & Chocolate","","1kg, Bulk Gummies and Lollies, Licorice, RJ's",true,Pack Size,Bag,,,,,,,,5005_Bag,0.0,shopify,311,deny,manual,10.25,,true,true,,,,,,https://cdn.shopify.com/s/files/1/0668/0861/1129/files/5005RJ_sLicoriceAllsorts1kg.jpg?v=1754023113,1,"",false,,,4748,,,,,,,,,,,,,,,,,kg,,,active
rjs-licorice-allsorts-ap-1kg,,,,,,,,,Shipper (6 Bag),,,,,,,,5005_Shipper,0.0,shopify,51,deny,manual,61.50,,true,true,,,,,,,,,,,,,,,,,,,,,,,,,,,,,kg,,,
pop-n-good-butter-salted-popcorn-25g-x-24ct,Pop N Good Light n Buttery Popcorn 25g x 24ct,"",Pop N Good,"Food, Beverages & Tobacco > Food Items > Snack Foods > Popcorn","","Popcorn, Snacks",true,Pack Size,Shipper,,,,,,,,1117_Shipper,0.0,shopify,2,deny,manual,27.20,,true,true,,,,,,https://cdn.shopify.com/s/files/1/0668/0861/1129/files/1117BUTTERSALTPOPCORN25.jpg?v=1754023114,1,"",false,,,1534,,,,,,,,,,,,,,,,,kg,,,active
empire-assorted-rocks-x-2kg,Empire Assorted Rocks x 2kg,"",Empire,,"","2kg, Bulk Gummies and Lollies",true,Pack Size,Outer,,,,,,,,25_Outer,0.0,shopify,0,deny,manual,27.40,,true,true,,,,,,https://cdn.shopify.com/s/files/1/0668/0861/1129/files/25EmpireAssortedRocks.jpg?v=1754023115,1,"",false,,,,,,,,,,,,,,,,,,,,kg,,,active
empire-assorted-rocks-x-2kg,,,,,,,,,Shipper (10 Outer),,,,,,,,25_Shipper,0.0,shopify,0,deny,manual,274.00,,true,true,,,,,,,,,,,,,,,,,,,,,,,,,,,,,kg,,,
nippys-500ml-ice-espresso,Nippys 500ml Ice Espresso,"",Nippy's,,"","Drinks, Milk Drinks",false,Pack Size,Shipper,,,,,,,,MKO500ES_Shipper,0.0,shopify,0,deny,manual,44.00,,true,true,,,,,,https://cdn.shopify.com/s/files/1/0668/0861/1129/files/MKO500ESNippys500mlEspresso.jpg?v=1754023115,1,"",false,,,,,,,,,,,,,,,,,,,,kg,,,draft
mayceys-4-5kg-carob-ginger,Mayceys 4.5kg Carob Ginger,"",Mayceys,,"",Bulk Gummies and Lollies,true,Pack Size,Shipper,,,,,,,,CGN45_Shipper,0.0,shopify,0,deny,manual,88.90,,true,true,,,,,,,,,false,,,,,,,,,,,,,,,,,,,,kg,,,active
mayceys-5kg-carob-coconut-halves,Mayceys 5kg Carob Coconut Halves,"",Mayceys,,"",Bulk Gummies and Lollies,true,Pack Size,Shipper,,,,,,,,CCH5_Shipper,0.0,shopify,0,deny,manual,65.00,,true,true,,,,,,,,,false,,,,,,,,,,,,,,,,,,,,kg,,,active
pop-flat-pop-x-200ct,Nowco Pops - Flat Pop x 200ct,"",DutchRusk,,"","Lollipops, Novelty",true,Pack Size,Outer,,,,,,,,SFP_Outer,0.0,shopify,0,deny,manual,13.80,,true,true,,,,,,https://cdn.shopify.com/s/files/1/0668/0861/1129/files/SFPFlatpop.jpg?v=1754023117,1,"",false,,,,,,,,,,,,,,,,,,,,kg,,,active
pop-flat-pop-x-200ct,,,,,,,,,Shipper (4 Outer),,,,,,,,SFP_Shipper,0.0,shopify,0,deny,manual,55.20,,true,true,,,,,,,,,,,,,,,,,,,,,,,,,,,,,kg,,,
mayceys-5kg-carob-apricots,Mayceys 5kg Carob Apricots,"",Mayceys,,"","",true,Pack Size,Shipper,,,,,,,,CAP5_Shipper,0.0,shopify,0,deny,manual,106.45,,true,true,,,,,,,,,false,,,,,,,,,,,,,,,,,,,,kg,,,active
mayceys-5kg-carob-almonds,Mayceys 5kg Carob Almonds,"",Mayceys,,"","",true,Pack Size,Shipper,,,,,,,,CAL5_Shipper,0.0,shopify,0,deny,manual,96.60,,true,true,,,,,,,,,false,,,,,,,,,,,,,,,,,,,,kg,,,active
medium-eggs,Medium Eggs,"",DutchRusk,,"","",false,Pack Size,Shipper,,,,,,,,IOLBGEB_Shipper,0.0,shopify,0,deny,manual,0.00,,true,true,,,,,,,,,false,,,,,,,,,,,,,,,,,,,,kg,,,draft
chupa-chups-lollipop-drum-x-1000ct,Chupa Chups Lollipop Drum x 1000ct,"",Chupa Chups,,"","Lollipops, Novelty",true,Pack Size,Outer,,,,,,,,100518758_Outer,0.0,shopify,3,deny,manual,434.88,,true,true,,,,,,https://cdn.shopify.com/s/files/1/0668/0861/1129/files/100518758ChupaChupsTinx1000ct.jpg?v=1754023118,1,"",false,,,,,,,,,,,,,,,,,,,,kg,,,active
mayceys-irish-moss,Mayceys Irish Moss 1.5kg,"",Mayceys,,"","",false,Pack Size,Outer,,,,,,,,SIM_Outer,0.0,shopify,0,deny,manual,0.00,,true,true,,,,,,,,,false,,,,,,,,,,,,,,,,,,,,kg,,,draft
mayceys-irish-moss,,,,,,,,,Shipper (12 Outer),,,,,,,,SIM_Shipper,0.0,shopify,0,deny,manual,0.00,,true,true,,,,,,,,,,,,,,,,,,,,,,,,,,,,,kg,,,
canels-fruit-chewing-gum-2-6kg,Canels Fruit Chewing Gum 2.6kg,"",DutchRusk,,"",Gum,false,Pack Size,Outer,,,,,,,,ICABF_Outer,0.0,shopify,0,deny,manual,34.50,,true,true,,,,,,https://cdn.shopify.com/s/files/1/0668/0861/1129/files/ICABFCANELSCHEWINGGUM.jpg?v=1754023119,1,"",false,,,,,,,,,,,,,,,,,,,,kg,,,draft
canels-fruit-chewing-gum-2-6kg,,,,,,,,,Shipper (5 Outer),,,,,,,,ICABF_Shipper,0.0,shopify,0,deny,manual,172.50,,true,true,,,,,,,,,,,,,,,,,,,,,,,,,,,,,kg,,,
nippys-375ml-vanilla-x-24ct,Nippys 375ml Vanilla x 24ct,"",Nippy's,,"","Drinks, Milk Drinks",false,Pack Size,Shipper,,,,,,,,MKO375VA_Shipper,0.0,shopify,0,deny,manual,66.75,,true,true,,,,,,https://cdn.shopify.com/s/files/1/0668/0861/1129/files/MKO375VANippysVanilla375ml.jpg?v=1754023119,1,"",false,,,,,,,,,,,,,,,,,,,,kg,,,draft
jojo-bubble-balls-bubble-gum-6-pack-x-48ct,Jojo Bubble Balls Bubble Gum 6 pack x 48ct,"",Jojo,Uncategorized,"","Gum, Novelty",true,Pack Size,Outer,,,,,,,,100629436_Outer,0.0,shopify,89,deny,manual,3.80,,true,true,,,,,,https://cdn.shopify.com/s/files/1/0668/0861/1129/files/100629436BubbleBallsBubbleGum_77bd55b0-7958-4c5b-adb8-9c6a51d74279.jpg?v=1773621327,1,"",false,,,,,,,,,,,,,,,,,,,,kg,,,active
jojo-bubble-balls-bubble-gum-6-pack-x-48ct,,,,,,,,,Shipper (12 Outer),,,,,,,,100629436_Shipper,0.0,shopify,7,deny,manual,45.60,,true,true,,,,,,,,,,,,,,,,,,,,,,,,,,,,,kg,,,
tribala-assorted-2kg-approx-400ct,Tribala Assorted 2kg approx 400ct,"",DutchRusk,,"",2kg,true,Pack Size,Bag,,,,,,,,STR_Bag,0.0,shopify,326,deny,manual,20.40,,true,true,,,,,,https://cdn.shopify.com/s/files/1/0668/0861/1129/files/STRTribalaAssorted.jpg?v=1754023121,1,"",false,,,,,,,,,,,,,,,,,,,,kg,,,active
tribala-assorted-2kg-approx-400ct,,,,,,,,,Shipper (3 Bag),,,,,,,,STR_Shipper,0.0,shopify,108,deny,manual,61.20,,true,true,,,,,,,,,,,,,,,,,,,,,,,,,,,,,kg,,,
non-stock-item,Non-Stock item,"",DutchRusk,,"","",false,Pack Size,Each,,,,,,,,ZZZSTOCK_Each,0.0,shopify,0,deny,manual,0.00,,true,true,,,,,,,,,false,,,,,,,,,,,,,,,,,,,,kg,,,draft
red-bull-4-pack-250ml-sugarfree-x6ct,Red Bull 4 Pack 250ml Sugarfree x6ct,"",Red Bull,,"","Drinks, Energy Drinks",false,Pack Size,Tray,,,,,,,,100536965_Tray,0.0,shopify,0,deny,manual,52.40,,true,true,,,,,,https://cdn.shopify.com/s/files/1/0668/0861/1129/files/100536965-2RedBull250mlSugarfree.jpg?v=1754023122,1,"",false,,,,,,,,,,,,,,,,,,,,kg,,,draft
snowdon-icecream-cup-cones-x-192ct,Snowdon Icecream Cup Cones x 192ct,"",Snowdon,,"","",false,Pack Size,Shipper,,,,,,,,SCC-1_Shipper,0.0,shopify,0,deny,manual,28.00,,true,true,,,,,,https://cdn.shopify.com/s/files/1/0668/0861/1129/files/SCC-1SnowdonCupCones.jpg?v=1754023123,1,"",false,,,,,,,,,,,,,,,,,,,,kg,,,draft
rjs-triples-raspberry-choc-logs-120g-x-10ct,RJ's LOGS - Triples Raspberry Choc Logs 120g x 10ct,"",RJ's,"Food, Beverages & Tobacco > Food Items > Candy & Chocolate","","Licorice, Night n Day Misc, RJ's",true,Pack Size,Outer,,,,,,,,5045_Outer,0.0,shopify,169,deny,manual,27.35,,true,true,,,,,,https://cdn.shopify.com/s/files/1/0668/0861/1129/files/5045RJsRASPCHOCLOGS.jpg?v=1754023123,1,"",false,,,4748,,,,,,,,,,,,,,,,,kg,,,active
rjs-triples-raspberry-choc-logs-120g-x-10ct,,,,,,,,,Shipper (4 Outer),,,,,,,,5045_Shipper,0.0,shopify,42,deny,manual,109.40,,true,true,,,,,,,,,,,,,,,,,,,,,,,,,,,,,kg,,,
rjs-triples-lic-choc-logs-120g-x-10ct,RJ's LOGS - Triples Lic Choc Logs 120g x 10ct,"",RJ's,"Food, Beverages & Tobacco > Food Items > Candy & Chocolate","","Licorice, Night n Day Misc, RJ's",true,Pack Size,Outer,,,,,,,,5042_Outer,0.0,shopify,341,deny,manual,27.35,,true,true,,,,,,https://cdn.shopify.com/s/files/1/0668/0861/1129/files/5042RJTRIPLECHOCLOGS.jpg?v=1754023124,1,"",false,,,4748,,,,,,,,,,,,,,,,,kg,,,active
rjs-triples-lic-choc-logs-120g-x-10ct,,,,,,,,,Shipper (4 Outer),,,,,,,,5042_Shipper,0.0,shopify,85,deny,manual,109.40,,true,true,,,,,,,,,,,,,,,,,,,,,,,,,,,,,kg,,,
krautboy-wine-sauerkraut-770g,Krautboy Wine Sauerkraut 770g x 12ct,<p>12 tins per tray</p>,DutchRusk,,"",Snacks,true,Pack Size,Unit,,,,,,,,40111C_Unit,0.0,shopify,0,deny,manual,5.75,,true,true,,,,,,https://cdn.shopify.com/s/files/1/0668/0861/1129/files/40111CSAUERKRAUT.jpg?v=1754023125,1,"",false,,,,,,,,,,,,,,,,,,,,kg,,,active
krautboy-wine-sauerkraut-770g,,,,,,,,,Tray (12 Unit),,,,,,,,40111C_Tray,0.0,shopify,0,deny,manual,69.00,,true,true,,,,,,,,,,,,,,,,,,,,,,,,,,,,,kg,,,
masterfoods-tomato-sauce-sachets-14g-x-100ct,Masterfoods Tomato Sauce Sachets 14g x 100ct,"",Masterfoods,,"",Snacks,true,Pack Size,Shipper,,,,,,,,156753_Shipper,0.0,shopify,0,deny,manual,24.50,,true,true,,,,,,https://cdn.shopify.com/s/files/1/0668/0861/1129/files/156753MASTERFOODTOMATO.jpg?v=1754023125,1,"",false,,,,,,,,,,,,,,,,,,,,kg,,,active
rjs-natural-lic-rasp-soft-eating-300g-x-12ct,RJ's Natural Lic Rasp Soft Eating 300g FAMILY BAG x 12ct,"<span data-mce-fragment=""1"">12 bags per outer</span>",RJ's,"Food, Beverages & Tobacco > Food Items > Candy & Chocolate","","Family Bags, Licorice, Night n Day Misc, RJ's",true,Pack Size,Bag,,,,,,,,5013_Bag,0.0,shopify,278,deny,manual,4.95,,true,true,,,,,,https://cdn.shopify.com/s/files/1/0668/0861/1129/files/5013RJ_sRaspSoft.jpg?v=1754023126,1,"",false,,,4748,,,,,,,,,,,,,,,,,kg,,,active
rjs-natural-lic-rasp-soft-eating-300g-x-12ct,,,,,,,,,Shipper (12 Bag),,,,,,,,5013_Shipper,0.0,shopify,23,deny,manual,59.40,,true,true,,,,,,,,,,,,,,,,,,,,,,,,,,,,,kg,,,
rainbow-party-mix-90g-x10ct,Rainbow Party Mix 90g x 10ct,"",Rainbow,Uncategorized,"","Family Bags, Rainbow",true,Pack Size,Outer,,,,,,,,15139_Outer,0.0,shopify,148,deny,manual,12.95,,true,true,,,,,,https://cdn.shopify.com/s/files/1/0668/0861/1129/files/15139RainbowPartyMix90g.jpg?v=1754023127,1,"",false,,,,,,,,,,,,,,,,,,,,kg,,,active
rainbow-party-mix-90g-x10ct,,,,,,,,,Shipper (10 Outer),,,,,,,,15139_Shipper,0.0,shopify,14,deny,manual,129.50,,true,true,,,,,,,,,,,,,,,,,,,,,,,,,,,,,kg,,,
whittakers-squares-milk-hospitality-x300ct,Whittakers Squares Milk Hospitality  x 300ct,"",Whittakers,,"","",true,Pack Size,Outer,,,,,,,,FG0044_Outer,0.0,shopify,4,deny,manual,193.95,,true,true,,,,,,https://cdn.shopify.com/s/files/1/0668/0861/1129/files/FG0044WHITTAKERSMILKSQUARES.jpg?v=1754023128,1,"",false,,,,,,,,,,,,,,,,,,,,kg,,,active
whittakers-chunk-white-50g-x36ct,Whittakers Chunk White 50g x36ct,"",Whittakers,,"",Night n Day Misc,true,Pack Size,Outer,,,,,,,,FG0282_Outer,0.0,shopify,13,deny,manual,75.60,,true,true,,,,,,https://cdn.shopify.com/s/files/1/0668/0861/1129/files/FG0282WhittakersWhiteChunk.jpg?v=1754023130,1,"",false,,,,,,,,,,,,,,,,,,,,kg,,,active
whittakers-chunk-white-50g-x36ct,,,,,,,,,Shipper (6 Outer),,,,,,,,FG0282_Shipper,0.0,shopify,2,deny,manual,453.60,,true,true,,,,,,,,,,,,,,,,,,,,,,,,,,,,,kg,,,
whittakers-super-slab-almond-gold-70g-x30ct,Whittakers Super Slab - Almond Gold 70g x30ct,"",Whittakers,,"",Night n Day Misc,true,Pack Size,Outer,,,,,,,,FG0181_Outer,0.0,shopify,92,deny,manual,97.80,,true,true,,,,,,https://cdn.shopify.com/s/files/1/0668/0861/1129/files/FG0181Whittaker_s_Super_Size_Almond_Gold_Slab.jpg?v=1754023131,1,"",false,,,,,,,,,,,,,,,,,,,,kg,,,active
whittakers-super-slab-almond-gold-70g-x30ct,,,,,,,,,Shipper (4 Outer),,,,,,,,FG0181_Shipper,0.0,shopify,23,deny,manual,391.20,,true,true,,,,,,,,,,,,,,,,,,,,,,,,,,,,,kg,,,
whittakers-super-slab-peanut-75g-x30ct,Whittakers Super Slab - Peanut 75g x30ct,"",Whittakers,,"",Night n Day Misc,true,Pack Size,Outer,,,,,,,,FG0180_Outer,0.0,shopify,159,deny,manual,97.80,,true,true,,,,,,https://cdn.shopify.com/s/files/1/0668/0861/1129/files/FG0180Whittaker_s_Super_Size_Peanut_Slab_75g.jpg?v=1754023132,1,"",false,,,,,,,,,,,,,,,,,,,,kg,,,active
whittakers-super-slab-peanut-75g-x30ct,,,,,,,,,Shipper (4 Outer),,,,,,,,FG0180_Shipper,0.0,shopify,39,deny,manual,391.20,,true,true,,,,,,,,,,,,,,,,,,,,,,,,,,,,,kg,,,
whittakers-slab-creamy-milk-x50ct,Whittakers Slab Creamy Milk x 50ct,"",Whittakers,,"",Night n Day Misc,true,Pack Size,Outer,,,,,,,,FG0168_Outer,0.0,shopify,71,deny,manual,105.00,,true,true,,,,,,https://cdn.shopify.com/s/files/1/0668/0861/1129/files/FG0168WhittakersCreamyMilkSlab50g.jpg?v=1754023133,1,"",false,,,,,,,,,,,,,,,,,,,,kg,,,active
whittakers-slab-creamy-milk-x50ct,,,,,,,,,Shipper (4 Outer),,,,,,,,FG0168_Shipper,0.0,shopify,17,deny,manual,420.00,,true,true,,,,,,,,,,,,,,,,,,,,,,,,,,,,,kg,,,
whittakers-slab-toasted-coconut-50g-x50ct,Whittakers Slab Toasted Coconut 50g x50ct,"",Whittakers,,"",Night n Day Misc,true,Pack Size,Outer,,,,,,,,FG0177_Outer,0.0,shopify,39,deny,manual,105.00,,true,true,,,,,,https://cdn.shopify.com/s/files/1/0668/0861/1129/files/FG0177WhittakersCoconutSlab50g.jpg?v=1754023135,1,"",false,,,,,,,,,,,,,,,,,,,,kg,,,active
whittakers-slab-toasted-coconut-50g-x50ct,,,,,,,,,Shipper (4 Outer),,,,,,,,FG0177_Shipper,0.0,shopify,9,deny,manual,420.00,,true,true,,,,,,,,,,,,,,,,,,,,,,,,,,,,,kg,,,
whittakers-slab-almond-gold-45g-x50ct,Whittakers Slab Almond Gold 45g x50ct,"",Whittakers,,"",Night n Day Misc,true,Pack Size,Outer,,,,,,,,FG0162_Outer,0.0,shopify,80,deny,manual,105.00,,true,true,,,,,,https://cdn.shopify.com/s/files/1/0668/0861/1129/files/FG0162WhittakersSlabAlmondGold50g.jpg?v=1754023136,1,"",false,,,,,,,,,,,,,,,,,,,,kg,,,active
whittakers-slab-almond-gold-45g-x50ct,,,,,,,,,Shipper (4 Outer),,,,,,,,FG0162_Shipper,0.0,shopify,20,deny,manual,420.00,,true,true,,,,,,,,,,,,,,,,,,,,,,,,,,,,,kg,,,
whittakers-slab-peanut-50g-x-50ct,Whittakers Slab Peanut 50g x 50ct,"",Whittakers,,"",Night n Day Misc,true,Pack Size,Outer,,,,,,,,FG0152_Outer,0.0,shopify,109,deny,manual,105.00,,true,true,,,,,,https://cdn.shopify.com/s/files/1/0668/0861/1129/files/FG0152WhittakersPeanutSlab50g.jpg?v=1754023137,1,"",false,,,,,,,,,,,,,,,,,,,,kg,,,active
whittakers-slab-peanut-50g-x-50ct,,,,,,,,,Shipper (4 Outer),,,,,,,,FG0152_Shipper,0.0,shopify,27,deny,manual,420.00,,true,true,,,,,,,,,,,,,,,,,,,,,,,,,,,,,kg,,,
whittakers-sante-milk-25g-x48ct,Whittakers Sante Milk 25g x48ct,"",Whittakers,,"",Night n Day Misc,true,Pack Size,Outer,,,,,,,,FG0110_Outer,0.0,shopify,185,deny,manual,65.28,,true,true,,,,,,https://cdn.shopify.com/s/files/1/0668/0861/1129/files/FG0110Whittaker_s_Milk_Chocolate_Sante_25g.jpg?v=1754023138,1,"",false,,,,,,,,,,,,,,,,,,,,kg,,,active
whittakers-sante-milk-25g-x48ct,,,,,,,,,Shipper (9 Outer),,,,,,,,FG0110_Shipper,0.0,shopify,20,deny,manual,587.52,,true,true,,,,,,,,,,,,,,,,,,,,,,,,,,,,,kg,,,
whittakers-sante-dark-25g-x48ct,Whittakers Sante Dark 25g x 48ct,"",Whittakers,,"",Night n Day Misc,true,Pack Size,Outer,,,,,,,,FG0115_Outer,0.0,shopify,165,deny,manual,65.28,,true,true,,,,,,https://cdn.shopify.com/s/files/1/0668/0861/1129/files/FG011550_DarkSante.jpg?v=1754023139,1,"",false,,,,,,,,,,,,,,,,,,,,kg,,,active
whittakers-sante-dark-25g-x48ct,,,,,,,,,Shipper (9 Outer),,,,,,,,FG0115_Shipper,0.0,shopify,18,deny,manual,587.52,,true,true,,,,,,,,,,,,,,,,,,,,,,,,,,,,,kg,,,
pascall-1kg-marshmallow-x-200ct,Pascall 1kg Marshmallow x 200ct,"",Cadbury,Uncategorized,"","1kg, Bulk Gummies and Lollies, Pascall",true,Pack Size,Outer,,,,,,,,621766_Outer,0.0,shopify,40,deny,manual,8.60,,true,true,,,,,,https://cdn.shopify.com/s/files/1/0668/0861/1129/files/621766PASCALLMARSHMALLOW1KG.jpg?v=1754023140,1,"",false,,,,,,,,,,,,,,,,,,,,kg,,,active
pascall-1kg-marshmallow-x-200ct,,,,,,,,,Shipper (6 Outer),,,,,,,,621766_Shipper,0.0,shopify,6,deny,manual,51.60,,true,true,,,,,,,,,,,,,,,,,,,,,,,,,,,,,kg,,,
mayceys-pink-smokers-large-approx-700ct,Mayceys Pink Smokers Large approx 700ct,"",Mayceys,,"","",true,Pack Size,Outer,,,,,,,,TPS_Outer,0.0,shopify,1,deny,manual,12.95,,true,true,,,,,,https://cdn.shopify.com/s/files/1/0668/0861/1129/files/TPSPINKSMOKER2C.jpg?v=1754023140,1,"",false,,,,,,,,,,,,,,,,,,,,kg,,,active
mayceys-pink-smokers-large-approx-700ct,,,,,,,,,Shipper (12 Outer),,,,,,,,TPS_Shipper,0.0,shopify,0,deny,manual,155.40,,true,true,,,,,,,,,,,,,,,,,,,,,,,,,,,,,kg,,,
mayceys-5kg-carob-raisins,Mayceys 5Kg Carob Raisins,"",Mayceys,,"","",false,Pack Size,Shipper,,,,,,,,CRA5K_Shipper,0.0,shopify,0,deny,manual,70.75,,true,true,,,,,,,,,false,,,,,,,,,,,,,,,,,,,,kg,,,draft
mayceys-5kg-carob-l-buttons,Mayceys 5Kg Carob L Buttons,"",Mayceys,,"",5kg,true,Pack Size,Shipper,,,,,,,,CBT5_Shipper,0.0,shopify,2,deny,manual,66.95,,true,true,,,,,,https://cdn.shopify.com/s/files/1/0668/0861/1129/files/CBT5Mayceys5kgCarobButtons.jpg?v=1754023141,1,"",false,,,,,,,,,,,,,,,,,,,,kg,,,active
whittakers-chunk-50g-fruit-nut,Whittakers Chunk Fruit Nut 50g x36ct,"",Whittakers,,"",Night n Day Misc,true,Pack Size,Outer,,,,,,,,FG0275_Outer,0.0,shopify,39,deny,manual,75.60,,true,true,,,,,,https://cdn.shopify.com/s/files/1/0668/0861/1129/products/FG0275_Whittakers_Fruit__Nut_Chunk.jpg?v=1754023142,1,"",false,,,,,,,,,,,,,,,,,,,,kg,,,active
whittakers-chunk-50g-fruit-nut,,,,,,,,,Shipper (6 Outer),,,,,,,,FG0275_Shipper,0.0,shopify,6,deny,manual,453.60,,true,true,,,,,,,,,,,,,,,,,,,,,,,,,,,,,kg,,,
whittakers-chunk-50g-creamy-milk,Whittakers Chunk Creamy Milk 50g x36ct,"",Whittakers,,"",Night n Day Misc,true,Pack Size,Outer,,,,,,,,FG0270_Outer,0.0,shopify,58,deny,manual,75.60,,true,true,,,,,,https://cdn.shopify.com/s/files/1/0668/0861/1129/products/FG0270_Whittakers_Creamy_Milk_Chunk.jpg?v=1754023143,1,"",false,,,,,,,,,,,,,,,,,,,,kg,,,active
whittakers-chunk-50g-creamy-milk,,,,,,,,,Shipper (6 Outer),,,,,,,,FG0270_Shipper,0.0,shopify,9,deny,manual,453.60,,true,true,,,,,,,,,,,,,,,,,,,,,,,,,,,,,kg,,,
whittakers-chunk-50g-blondie,Whittakers Chunk Blondie 50g x36ct,"",Whittakers,,"",Night n Day Misc,true,Pack Size,Outer,,,,,,,,FG0296_Outer,0.0,shopify,5,deny,manual,75.60,,true,true,,,,,,https://cdn.shopify.com/s/files/1/0668/0861/1129/products/FG0296_Whittakers_Blondie_Chunk.jpg?v=1754023144,1,"",false,,,,,,,,,,,,,,,,,,,,kg,,,active
whittakers-chunk-50g-blondie,,,,,,,,,Shipper (6 Outer),,,,,,,,FG0296_Shipper,0.0,shopify,0,deny,manual,453.60,,true,true,,,,,,,,,,,,,,,,,,,,,,,,,,,,,kg,,,
whittakers-chunk-50g-72-dark-ghana,Whittakers Chunk 72% Dark Ghana 50g x36ct,"",Whittakers,,"",Night n Day Misc,true,Pack Size,Outer,,,,,,,,FG0288_Outer,0.0,shopify,0,deny,manual,75.60,,true,true,,,,,,https://cdn.shopify.com/s/files/1/0668/0861/1129/products/FG0288_Whittakers_Dark_Ghana_Chunk.jpg?v=1754023145,1,"",false,,,,,,,,,,,,,,,,,,,,kg,,,active
whittakers-chunk-50g-72-dark-ghana,,,,,,,,,Shipper (6 Outer),,,,,,,,FG0288_Shipper,0.0,shopify,0,deny,manual,453.60,,true,true,,,,,,,,,,,,,,,,,,,,,,,,,,,,,kg,,,
werthers-original-stickpack-50g,Werthers Original Stickpk 50g x24ct,"",Werthers,,"","",true,Pack Size,Outer,,,,,,,,100517978_Outer,0.0,shopify,13,deny,manual,34.45,,true,true,,,,,,https://cdn.shopify.com/s/files/1/0668/0861/1129/products/100517978_WERTHERS_ORIGINAL_STICKPACK.jpg?v=1754023145,1,"",false,,,,,,,,,,,,,,,,,,,,kg,,,active
werthers-original-stickpack-50g,,,,,,,,,Shipper (6 Outer),,,,,,,,100517978_Shipper,0.0,shopify,2,deny,manual,206.70,,true,true,,,,,,,,,,,,,,,,,,,,,,,,,,,,,kg,,,
water-game-unicorn-x-24ct,Toy - Unicorn Water Game x 24ct,"",DutchRusk,,"","Novelty, Toys",true,Pack Size,Outer,,,,,,,,652016_Outer,0.0,shopify,0,deny,manual,45.00,,true,true,,,,,,https://cdn.shopify.com/s/files/1/0668/0861/1129/products/352016_Unicorn_Water_Game.jpg?v=1754023146,1,"",false,,,,,,,,,,,,,,,,,,,,kg,,,active
water-game-dinosaur,Toy - Water Game - Dinosaur Individual Game,"",DutchRusk,,"","Novelty, Toys",true,Pack Size,Each,,,,,,,,652181_Each,0.0,shopify,0,deny,manual,2.20,,true,true,,,,,,https://cdn.shopify.com/s/files/1/0668/0861/1129/products/652181_Dinosaur_Water_Game.jpg?v=1754023146,1,"",false,,,,,,,,,,,,,,,,,,,,kg,,,active
warheads-sour-bombs-50g,Warheads Sour Bombs 50g x 12ct,"",Warheads,,"","Night n Day Misc, Novelty",true,Pack Size,Outer,,,,,,,,WAR130_Outer,0.0,shopify,37,deny,manual,21.20,,true,true,,,,,,https://cdn.shopify.com/s/files/1/0668/0861/1129/products/WAR130_Warheads-Sour-Bombs.jpg?v=1754023147,1,"",false,,,,,,,,,,,,,,,,,,,,kg,,,active
warheads-sour-bombs-50g,,,,,,,,,Shipper (12 Outer),,,,,,,,WAR130_Shipper,0.0,shopify,3,deny,manual,254.40,,true,true,,,,,,,,,,,,,,,,,,,,,,,,,,,,,kg,,,
warheads-extreme-sour-minis-tin-49g,Warheads Extreme Sour Minis Tin 49g x 18ct,"",Warheads,,"","Night n Day Misc, Novelty",true,Pack Size,Outer,,,,,,,,WAR105_Outer,0.0,shopify,57,deny,manual,31.50,,true,true,,,,,,https://cdn.shopify.com/s/files/1/0668/0861/1129/products/WAR105_Warheads_Extreme_Sour_Minis__49g.jpg?v=1754023148,1,"",false,,,,,,,,,,,,,,,,,,,,kg,,,active
warheads-extreme-sour-minis-tin-49g,,,,,,,,,Shipper (8 Outer),,,,,,,,WAR105_Shipper,0.0,shopify,7,deny,manual,252.00,,true,true,,,,,,,,,,,,,,,,,,,,,,,,,,,,,kg,,,
warheads-extreme-sour-hard-candy-28g,Warheads Extreme Sour Hard Candy 28g x 12ct,"",Warheads,,"","Night n Day Misc, Novelty",true,Pack Size,Outer,,,,,,,,WAR120_Outer,0.0,shopify,60,deny,manual,16.30,,true,true,,,,,,https://cdn.shopify.com/s/files/1/0668/0861/1129/products/WAR120_Warheads_Extreme_Sour_Hard_Candy_28g.jpg?v=1754023148,1,"",false,,,,,,,,,,,,,,,,,,,,kg,,,active
warheads-extreme-sour-hard-candy-28g,,,,,,,,,Shipper (15 Outer),,,,,,,,WAR120_Shipper,0.0,shopify,4,deny,manual,244.50,,true,true,,,,,,,,,,,,,,,,,,,,,,,,,,,,,kg,,,
usb-car-charger,USB Car Charger - Assorted Singles x 12ct,"",DutchRusk,,"","Charging Cables, hide-shipper, Miscellaneous",true,Pack Size,Outer,,,,,,,,617735_Outer,0.0,shopify,0,deny,manual,36.00,,true,true,,,,,,https://cdn.shopify.com/s/files/1/0668/0861/1129/products/617735_Car_Chargers.jpg?v=1754023149,1,"",false,,,,,,,,,,,,,,,,,,,,kg,,,active
usb-car-charger,,,,,,,,,Shipper (12 Outer),,,,,,,,617735_Shipper,0.0,shopify,0,deny,manual,432.00,,true,true,,,,,,,,,,,,,,,,,,,,,,,,,,,,,kg,,,
twinkies-chocloate-385g-10-twinkies-bars-per-outer,Twinkies CHOCOLATE 385g x 10ct,"",Twinkies,,"",Novelty,true,Pack Size,Outer,,,,,,,,CHOCTWINK_Outer,0.0,shopify,0,deny,manual,13.75,,true,true,,,,,,https://cdn.shopify.com/s/files/1/0668/0861/1129/products/CHOCTWINK_Chocolate_Twinkies.jpg?v=1754023150,1,"",false,,,,,,,,,,,,,,,,,,,,kg,,,active
twinkies-chocloate-385g-10-twinkies-bars-per-outer,,,,,,,,,Shipper (6 Outer),,,,,,,,CHOCTWINK_Shipper,0.0,shopify,0,deny,manual,82.50,,true,true,,,,,,,,,,,,,,,,,,,,,,,,,,,,,kg,,,
twinkies-385g-10-twinkie-bars-per-outer,Twinkies 385g x 10ct,"",Twinkies,,"",Novelty,true,Pack Size,Outer,,,,,,,,TWINKIES_Outer,0.0,shopify,483,deny,manual,15.15,,true,true,,,,,,https://cdn.shopify.com/s/files/1/0668/0861/1129/products/TWINKIES_Twinkies.jpg?v=1754023150,1,"",false,,,,,,,,,,,,,,,,,,,,kg,,,active
twinkies-385g-10-twinkie-bars-per-outer,,,,,,,,,Shipper (6 Outer),,,,,,,,TWINKIES_Shipper,0.0,shopify,80,deny,manual,90.90,,true,true,,,,,,,,,,,,,,,,,,,,,,,,,,,,,kg,,,
tnt-sour-chews-1kg,TNT Sour Chews 1Kg x 222ct,<p>6 bags per shipper</p>,TNT,Uncategorized,"","1kg, Bulk Gummies and Lollies, Novelty",true,Pack Size,Bag,,,,,,,,SAO352_Bag,0.0,shopify,691,deny,manual,11.30,,true,true,,,,,,https://cdn.shopify.com/s/files/1/0668/0861/1129/products/TNT_Chews.jpg?v=1754023154,1,"",false,,,,,,,,,,,,,,,,,,,,kg,,,active
tnt-sour-chews-1kg,,,,,,,,,Shipper (6 Bag),,,,,,,,SAO352_Shipper,0.0,shopify,115,deny,manual,67.80,,true,true,,,,,,,,,,,,,,,,,,,,,,,,,,,,,kg,,,
thumb-suckers-27g,Thumb Suckers 27g x 24ct,"",DutchRusk,,"",Novelty,true,Pack Size,Outer,,,,,,,,17031_Outer,0.0,shopify,0,deny,manual,32.75,,true,true,,,,,,https://cdn.shopify.com/s/files/1/0668/0861/1129/products/17031_Thumb_Suckers.jpg?v=1754023155,1,"",false,,,,,,,,,,,,,,,,,,,,kg,,,active
thumb-suckers-27g,,,,,,,,,Shipper (6 Outer),,,,,,,,17031_Shipper,0.0,shopify,0,deny,manual,196.50,,true,true,,,,,,,,,,,,,,,,,,,,,,,,,,,,,kg,,,
thumb-dippers-43g,Thumb Dippers 43g x 24ct,"",DutchRusk,,"",Novelty,true,Pack Size,Outer,,,,,,,,17030_Outer,0.0,shopify,26,deny,manual,37.90,,true,true,,,,,,https://cdn.shopify.com/s/files/1/0668/0861/1129/products/17030_Thumb_Dipper.jpg?v=1754023156,1,"",false,,,,,,,,,,,,,,,,,,,,kg,,,active
thumb-dippers-43g,,,,,,,,,Shipper (6 Outer),,,,,,,,17030_Shipper,0.0,shopify,4,deny,manual,227.40,,true,true,,,,,,,,,,,,,,,,,,,,,,,,,,,,,kg,,,
terrific-1kg-sour-mix,Terrific 1kg Sour Party Mix x 12ct,"",DutchRusk,Uncategorized,"","1kg, Bulk Gummies and Lollies, Night n Day Misc",true,Pack Size,Shipper,,,,,,,,DR-179_Shipper,0.0,shopify,0,deny,manual,63.00,,true,true,,,,,,https://cdn.shopify.com/s/files/1/0668/0861/1129/products/DR-179_TERRIFIC_1KG_SOUR_PARTY_MIX_1kg.jpg?v=1754023157,1,"",false,,,,,,,,,,,,,,,,,,,,kg,,,active
terrific-1kg-party-mix,Terrific 1kg Party Mix x 12ct,"",DutchRusk,Uncategorized,"","1kg, Bulk Gummies and Lollies, Night n Day Misc",true,Pack Size,Shipper,,,,,,,,DR-178_Shipper,0.0,shopify,124,deny,manual,63.00,,true,true,,,,,,https://cdn.shopify.com/s/files/1/0668/0861/1129/products/DR-178_TERRIFIC_1KG_PARTY_MIX_1kg.jpg?v=1754023157,1,"",false,,,,,,,,,,,,,,,,,,,,kg,,,active
super-tattoos-5-5g,Super Tattoos 5.5g x 200ct,"",DutchRusk,,"",Novelty,true,Pack Size,Outer,,,,,,,,ISMLNST_Outer,0.0,shopify,5,deny,manual,19.45,,true,true,,,,,,https://cdn.shopify.com/s/files/1/0668/0861/1129/products/ISMLNST_SUPER_TATTOOS.jpg?v=1754023157,1,"",false,,,,,,,,,,,,,,,,,,,,kg,,,active
super-tattoos-5-5g,,,,,,,,,Shipper (10 Outer),,,,,,,,ISMLNST_Shipper,0.0,shopify,0,deny,manual,194.50,,true,true,,,,,,,,,,,,,,,,,,,,,,,,,,,,,kg,,,
stroopies-252g,Stroopies 252g x 15ct,<p>15 packets per shipper</p>,DutchRusk,,"","Dutch Products, Snacks",true,Pack Size,Packet,,,,,,,,10115C_Packet,0.0,shopify,122,deny,manual,4.70,,true,true,,,,,,https://cdn.shopify.com/s/files/1/0668/0861/1129/files/10115CSTROOPJES.jpg?v=1754023158,1,"",false,,,,,,,,,,,,,,,,,,,,kg,,,active
stroopies-252g,,,,,,,,,Shipper (15 Packet),,,,,,,,10115C_Shipper,0.0,shopify,8,deny,manual,70.50,,true,true,,,,,,,,,,,,,,,,,,,,,,,,,,,,,kg,,,
strepsils-honey-lemon-16-pack,Strepsils Honey & Lemon 16pk,"",Strepsils,Uncategorized,"",Health,true,Pack Size,Packet,,,,,,,,0285394_Packet,0.0,shopify,7,deny,manual,7.55,,true,true,,,,,,https://cdn.shopify.com/s/files/1/0668/0861/1129/products/0285394_Strepsils_Honey__Lemon_Lozenges_16s.jpg?v=1754023159,1,"",false,,,,,,,,,,,,,,,,,,,,kg,,,active
strepsils-honey-lemon-16-pack,,,,,,,,,Outer (12 Packet),,,,,,,,0285394_Outer,0.0,shopify,0,deny,manual,90.60,,true,true,,,,,,,,,,,,,,,,,,,,,,,,,,,,,kg,,,
strepsils-honey-lemon-16-pack,,,,,,,,,Shipper (144 Packet),,,,,,,,0285394_Shipper,0.0,shopify,0,deny,manual,1087.20,,true,true,,,,,,,,,,,,,,,,,,,,,,,,,,,,,kg,,,
squishy-unicorn,Toy - Squishy Unicorn x 12ct,"",DutchRusk,,"","Novelty, Toys",false,Pack Size,Outer,,,,,,,,652015_Outer,0.0,shopify,0,deny,manual,20.00,,true,true,,,,,,https://cdn.shopify.com/s/files/1/0668/0861/1129/products/652015_Squishy_Unicorn.jpg?v=1754023159,1,"",false,,,,,,,,,,,,,,,,,,,,kg,,,draft
sniks-pork-crackle-crunch-45g,Sniks Pork Crackle Crunch 45g x 25ct,<p>25 bags per shipper</p>,DutchRusk,,"",Snacks,true,Pack Size,Bag,,,,,,,,PC03_Bag,0.0,shopify,776,deny,manual,2.84,,true,true,,,,,,https://cdn.shopify.com/s/files/1/0668/0861/1129/files/PC03SniksPorkCRUNCH.jpg?v=1754023160,1,"",false,,,,,,,,,,,,,,,,,,,,kg,,,active
sniks-pork-crackle-crunch-45g,,,,,,,,,Shipper (25 Bag),,,,,,,,PC03_Shipper,0.0,shopify,31,deny,manual,71.00,,true,true,,,,,,,,,,,,,,,,,,,,,,,,,,,,,kg,,,
sniks-pork-crackle-50g,Sniks Pork Crackle 50g x 25ct,<p>25 bags per shipper</p>,DutchRusk,,"",Snacks,true,Pack Size,Bag,,,,,,,,PC01_Bag,0.0,shopify,723,deny,manual,2.84,,true,true,,,,,,https://cdn.shopify.com/s/files/1/0668/0861/1129/files/PC01SNIKSPORKCRACKLE.jpg?v=1754023160,1,"",false,,,,,,,,,,,,,,,,,,,,kg,,,active
sniks-pork-crackle-50g,,,,,,,,,Shipper (25 Bag),,,,,,,,PC01_Shipper,0.0,shopify,28,deny,manual,71.00,,true,true,,,,,,,,,,,,,,,,,,,,,,,,,,,,,kg,,,
single-bars-twix-50g,50g Twix x 20ct,"",Mars,Uncategorized,"","hide-shipper, Mars Single Bars",true,Pack Size,Outer,,,,,,,,369809_Outer,0.0,shopify,107,deny,manual,31.30,,true,true,,,,,,https://cdn.shopify.com/s/files/1/0668/0861/1129/products/369809_TWIX_50G.jpg?v=1754023161,1,"",false,,,,,,,,,,,,,,,,,,,,kg,,,active
single-bars-twix-50g,,,,,,,,,Shipper (6 Outer),,,,,,,,369809_Shipper,0.0,shopify,17,deny,manual,187.80,,true,true,,,,,,,,,,,,,,,,,,,,,,,,,,,,,kg,,,
single-bars-nestle-pixie-caramel-55g,Nestle Pixie Caramel 50g x 48ct,"",Nestle,Uncategorized,"","hide-shipper, Nestle Single Bars, Night n Day Misc",true,Pack Size,Outer,,,,,,,,12030262_Outer,0.0,shopify,70,deny,manual,90.00,,true,true,,,,,,https://cdn.shopify.com/s/files/1/0668/0861/1129/products/12030262_PIXIE_CARAMEL_8a0QJHJ.jpg?v=1754023162,1,"",false,,,,,,,,,,,,,,,,,,,,kg,,,active
single-bars-nestle-pixie-caramel-55g,,,,,,,,,Shipper (6 Outer),,,,,,,,12030262_Shipper,0.0,shopify,17,deny,manual,360.00,,true,true,,,,,,,,,,,,,,,,,,,,,,,,,,,,,kg,,,
single-bars-nestle-kit-kat-chunky-aero-mint-50g,Nestle Kit Kat Chunky Aero Mint 45g x 36ct,"",Nestle,,"","hide-shipper, Nestle Single Bars, Night n Day Misc",true,Pack Size,Outer,,,,,,,,12492510_Outer,0.0,shopify,39,deny,manual,67.50,,true,true,,,,,,https://cdn.shopify.com/s/files/1/0668/0861/1129/products/12492510_Kit_Kat_Chunky_Aero_Mint.jpg?v=1754023163,1,"",false,,,,,,,,,,,,,,,,,,,,kg,,,active
single-bars-nestle-kit-kat-chunky-aero-mint-50g,,,,,,,,,Shipper (6 Outer),,,,,,,,12492510_Shipper,0.0,shopify,6,deny,manual,405.00,,true,true,,,,,,,,,,,,,,,,,,,,,,,,,,,,,kg,,,
single-bars-nestle-aero-peppermint-40g,Nestle Aero Peppermint 40g x 24ct,"",Nestle,,"","hide-shipper, Nestle Single Bars, Night n Day Misc",true,Pack Size,Outer,,,,,,,,12144999_Outer,0.0,shopify,66,deny,manual,45.00,,true,true,,,,,,https://cdn.shopify.com/s/files/1/0668/0861/1129/products/12144999_AERO_PEPPERMINT_EKvs7vT.jpg?v=1754023164,1,"",false,,,,,,,,,,,,,,,,,,,,kg,,,active
single-bars-nestle-aero-peppermint-40g,,,,,,,,,Shipper (12 Outer),,,,,,,,12144999_Shipper,0.0,shopify,5,deny,manual,540.00,,true,true,,,,,,,,,,,,,,,,,,,,,,,,,,,,,kg,,,
single-bars-cadbury-twirl-caramilk-39g,Cadbury 39g Twirl Caramilk x 42ct,"",Cadbury,,"","Cadbury Single Bars, hide-shipper",true,Pack Size,Outer,,,,,,,,4253179_Outer,0.0,shopify,25,deny,manual,65.65,,true,true,,,,,,https://cdn.shopify.com/s/files/1/0668/0861/1129/products/4253179_Twirl_Caramilk_39g_Bar_4pYAIY9.jpg?v=1754023165,1,"",false,,,,,,,,,,,,,,,,,,,,kg,,,active
single-bars-cadbury-twirl-caramilk-39g,,,,,,,,,Shipper (6 Outer),,,,,,,,4253179_Shipper,0.0,shopify,4,deny,manual,393.90,,true,true,,,,,,,,,,,,,,,,,,,,,,,,,,,,,kg,,,
single-bars-cadbury-twirl-39g,Cadbury 39g Twirl x 42ct,"",Cadbury,,"","Cadbury Single Bars, hide-shipper",true,Pack Size,Outer,,,,,,,,4228559_Outer,0.0,shopify,50,deny,manual,65.65,,true,true,,,,,,https://cdn.shopify.com/s/files/1/0668/0861/1129/products/4228559_Cadbury_Twirl.jpg?v=1754023166,1,"",false,,,,,,,,,,,,,,,,,,,,kg,,,active
single-bars-cadbury-twirl-39g,,,,,,,,,Shipper (6 Outer),,,,,,,,4228559_Shipper,0.0,shopify,8,deny,manual,393.90,,true,true,,,,,,,,,,,,,,,,,,,,,,,,,,,,,kg,,,
single-bars-cadbury-pinky-40g,Cadbury 40g Pinky x 48ct,"",Cadbury,,"","Cadbury Single Bars, hide-shipper",true,Pack Size,Outer,,,,,,,,4281138_Outer,0.0,shopify,61,deny,manual,75.02,,true,true,,,,,,https://cdn.shopify.com/s/files/1/0668/0861/1129/products/621917_PINKY_BAR.jpg?v=1754023167,1,"",false,,,,,,,,,,,,,,,,,,,,kg,,,active
single-bars-cadbury-pinky-40g,,,,,,,,,Shipper (6 Outer),,,,,,,,4281138_Shipper,0.0,shopify,10,deny,manual,450.12,,true,true,,,,,,,,,,,,,,,,,,,,,,,,,,,,,kg,,,
single-bars-cadbury-picnic-46g,Cadbury 46g Picnic x 25ct,"",Cadbury,,"","Cadbury Single Bars, hide-shipper",true,Pack Size,Outer,,,,,,,,4036795_Outer,0.0,shopify,82,deny,manual,39.08,,true,true,,,,,,https://cdn.shopify.com/s/files/1/0668/0861/1129/products/4036795_PICNIC_46g.jpg?v=1754023168,1,"",false,,,,,,,,,,,,,,,,,,,,kg,,,active
single-bars-cadbury-picnic-46g,,,,,,,,,Shipper (4 Outer),,,,,,,,4036795_Shipper,0.0,shopify,20,deny,manual,156.32,,true,true,,,,,,,,,,,,,,,,,,,,,,,,,,,,,kg,,,
single-bars-cadbury-perky-nana-45g,Cadbury 45g Perky Nana x 42ct,"",Cadbury,,"","Cadbury Single Bars, hide-shipper",true,Pack Size,Outer,,,,,,,,4276181_Outer,0.0,shopify,87,deny,manual,65.65,,true,true,,,,,,https://cdn.shopify.com/s/files/1/0668/0861/1129/products/621558_MIGHTY_PERKY_NANA.jpg?v=1754023169,1,"",false,,,,,,,,,,,,,,,,,,,,kg,,,active
single-bars-cadbury-perky-nana-45g,,,,,,,,,Shipper (6 Outer),,,,,,,,4276181_Shipper,0.0,shopify,14,deny,manual,393.90,,true,true,,,,,,,,,,,,,,,,,,,,,,,,,,,,,kg,,,
single-bars-cadbury-flake-30g,Cadbury 30g Flake x 45ct,"",Cadbury,,"","Cadbury Single Bars, hide-shipper",true,Pack Size,Outer,,,,,,,,4228561_Outer,0.0,shopify,92,deny,manual,70.34,,true,true,,,,,,https://cdn.shopify.com/s/files/1/0668/0861/1129/products/622017_FLAKE30.jpg?v=1754023170,1,"",false,,,,,,,,,,,,,,,,,,,,kg,,,active
single-bars-cadbury-flake-30g,,,,,,,,,Shipper (6 Outer),,,,,,,,4228561_Shipper,0.0,shopify,15,deny,manual,422.04,,true,true,,,,,,,,,,,,,,,,,,,,,,,,,,,,,kg,,,
single-bars-cadbury-dairy-milk-50g,Cadbury 50g Dairy Milk x 48ct,"",Cadbury,,"","Cadbury Single Bars, hide-shipper",true,Pack Size,Outer,,,,,,,,324927_Outer,0.0,shopify,200,deny,manual,75.02,,true,true,,,,,,https://cdn.shopify.com/s/files/1/0668/0861/1129/products/324927_DAIRY_MILK_50g.jpg?v=1754023171,1,"",false,,,,,,,,,,,,,,,,,,,,kg,,,active
single-bars-cadbury-dairy-milk-50g,,,,,,,,,Shipper (6 Outer),,,,,,,,324927_Shipper,0.0,shopify,33,deny,manual,450.12,,true,true,,,,,,,,,,,,,,,,,,,,,,,,,,,,,kg,,,
single-bars-cadbury-crunchie-50g,Cadbury 50g Crunchie x 42ct,"",Cadbury,,"","Cadbury Single Bars, hide-shipper",true,Pack Size,Outer,,,,,,,,615562_Outer,0.0,shopify,182,deny,manual,65.65,,true,true,,,,,,https://cdn.shopify.com/s/files/1/0668/0861/1129/products/615562_CRUNCHIE50.jpg?v=1754023172,1,"",false,,,,,,,,,,,,,,,,,,,,kg,,,active
single-bars-cadbury-crunchie-50g,,,,,,,,,Shipper (6 Outer),,,,,,,,615562_Shipper,0.0,shopify,30,deny,manual,393.90,,true,true,,,,,,,,,,,,,,,,,,,,,,,,,,,,,kg,,,
single-bars-cadbury-caramilk-45g,Cadbury 45g Caramilk x 48ct,"",Cadbury,,"","Cadbury Single Bars, hide-shipper",true,Pack Size,Outer,,,,,,,,4266569_Outer,0.0,shopify,14,deny,manual,75.02,,true,true,,,,,,https://cdn.shopify.com/s/files/1/0668/0861/1129/products/4266569_Cadbury_Caramilk_45g.jpg?v=1754023173,1,"",false,,,,,,,,,,,,,,,,,,,,kg,,,active
single-bars-cadbury-caramilk-45g,,,,,,,,,Shipper (6 Outer),,,,,,,,4266569_Shipper,0.0,shopify,2,deny,manual,450.12,,true,true,,,,,,,,,,,,,,,,,,,,,,,,,,,,,kg,,,
sharepacks-moro,Cadbury Sharepack Moro - 14 bags per box - 12 bars per bag,"<p>12 bars per bag, 14 bags per box</p>",Cadbury,,"",Sharepacks,true,Pack Size,Shipper,,,,,,,,649999_Shipper,0.0,shopify,40,deny,manual,77.10,,true,true,,,,,,https://cdn.shopify.com/s/files/1/0668/0861/1129/products/649999_MORO_SHAREPACK.jpg?v=1754023173,1,"",false,,,,,,,,,,,,,,,,,,,,kg,,,active
sharepacks-m-ms,Sharepack MMs Milk Choc Funsize 162g - 12 bags per box - 12 bags per bag,"<p>12 packets per bag, 12 bags per box</p>",Mars,,"",Sharepacks,true,Pack Size,Shipper,,,,,,,,319767_Shipper,0.0,shopify,13,deny,manual,78.10,,true,true,,,,,,https://cdn.shopify.com/s/files/1/0668/0861/1129/products/319767_MM_sharepack.jpg?v=1754023174,1,"",false,,,,,,,,,,,,,,,,,,,,kg,,,active
sharepacks-milky-way,Sharepack Milky Way  Funsize  - 24 bags per box - 15 bars per bag,"<p>15 bars per bag, 24 bags per box</p>",Mars,,"",Sharepacks,true,Pack Size,Shipper,,,,,,,,422601_Shipper,0.0,shopify,29,deny,manual,157.00,,true,true,,,,,,https://cdn.shopify.com/s/files/1/0668/0861/1129/products/242767_FUNSIZE_MILKYWAY.jpg?v=1754023175,1,"",false,,,,,,,,,,,,,,,,,,,,kg,,,active
sharepacks-milky-bar,Sharepack - Milky Bar - 11 bars in bag  12 bags per box,"<p>11 bars in a bag, 12 bags per box</p>",Mars,,"",Sharepacks,true,Pack Size,Shipper,,,,,,,,12126465_Shipper,0.0,shopify,20,deny,manual,67.10,,true,true,,,,,,https://cdn.shopify.com/s/files/1/0668/0861/1129/products/12126465_Milky_Bar_Fun_Pack_NDUjgh7.jpg?v=1754023176,1,"",false,,,,,,,,,,,,,,,,,,,,kg,,,active
sharepacks-mars,Sharepack Mars Funsize 192g - 20 bags per box - 12 bars per bag,"<p>12 bars per bag, 20 bags per box</p>",Mars,,"",Sharepacks,true,Pack Size,Shipper,,,,,,,,421853_Shipper,0.0,shopify,25,deny,manual,130.14,,true,true,,,,,,https://cdn.shopify.com/s/files/1/0668/0861/1129/products/232601_FUNSIZE_MARS.jpg?v=1754023177,1,"",false,,,,,,,,,,,,,,,,,,,,kg,,,active
sharepacks-maltesers,Sharepack Maltesers Funsize - 12 bags per box - 11 pkts per bag,"<p>12 packets per bag, 12 bags per box</p>",Mars,Uncategorized,"",Sharepacks,true,Pack Size,Shipper,,,,,,,,421724_Shipper,0.0,shopify,26,deny,manual,78.10,,true,true,,,,,,https://cdn.shopify.com/s/files/1/0668/0861/1129/products/421724_Maltesers_Funsize_132g.jpg?v=1754023178,1,"",false,,,,,,,,,,,,,,,,,,,,kg,,,active
sharepacks-freddo,Cadbury Sharepack Freddo - 14 bags per box - 12 bars per bag,"<p>12 bars per bag, 14 bags per box</p>",Cadbury,Uncategorized,"",Sharepacks,true,Pack Size,Shipper,,,,,,,,4261521_Shipper,0.0,shopify,53,deny,manual,77.10,,true,true,,,,,,https://cdn.shopify.com/s/files/1/0668/0861/1129/products/4261521_Cadbury_Sharepack_Freddo.jpg?v=1754023179,1,"",false,,,,,,,,,,,,,,,,,,,,kg,,,active
sharepacks-dairy-milk,Cadbury Sharepack Dairy Milk - 14 bags per box - 12 bars per bag,"<p>12 bars per bag, 14 bags per box</p>",Cadbury,Uncategorized,"",Sharepacks,true,Pack Size,Shipper,,,,,,,,4261524_Shipper,0.0,shopify,48,deny,manual,77.10,,true,true,,,,,,https://cdn.shopify.com/s/files/1/0668/0861/1129/products/4261524_Cadbury_Sharepack_Dairy_Milk.jpg?v=1754023180,1,"",false,,,,,,,,,,,,,,,,,,,,kg,,,active
sharepacks-crunchie,Cadbury Sharepack Crunchie - 10 bags per box - 12 bars per bag,"<p>12 bars per bag, 10 bags per box</p>",Cadbury,Uncategorized,"",Sharepacks,true,Pack Size,Shipper,,,,,,,,4266402_Shipper,0.0,shopify,83,deny,manual,55.10,,true,true,,,,,,https://cdn.shopify.com/s/files/1/0668/0861/1129/products/649955_CRUNCHIE_TREATSIZE_SHAREPACK.jpg?v=1754023181,1,"",false,,,,,,,,,,,,,,,,,,,,kg,,,active
runts-51g,Wonka Nerds Runts 51g x 24ct,"",Wonka,Uncategorized,"","Novelty, Theatre Box",false,Pack Size,Outer,,,,,,,,71764_Outer,0.0,shopify,0,deny,manual,32.65,,true,true,,,,,,https://cdn.shopify.com/s/files/1/0668/0861/1129/products/71764_Wonka_Runts_51g.jpg?v=1754023182,1,"",false,,,,,,,,,,,,,,,,,,,,kg,,,draft
runts-51g,,,,,,,,,Shipper (12 Outer),,,,,,,,71764_Shipper,0.0,shopify,0,deny,manual,391.80,,true,true,,,,,,,,,,,,,,,,,,,,,,,,,,,,,kg,,,
runts-141-7g,Wonka Nerds Runts 141.7g x 12ct,"",Wonka,Uncategorized,"","Novelty, Theatre Box",false,Pack Size,Outer,,,,,,,,71346_Outer,0.0,shopify,0,deny,manual,33.00,,true,true,,,,,,https://cdn.shopify.com/s/files/1/0668/0861/1129/products/71346_Wonka_Runts_141.7g.jpg?v=1754023183,1,"",false,,,,,,,,,,,,,,,,,,,,kg,,,draft
rose-petals-100g,Rose Petals 100g,"",DutchRusk,,"","",true,Pack Size,Bag,,,,,,,,ROSE001_Bag,0.0,shopify,0,deny,manual,29.95,,true,true,,,,,,https://cdn.shopify.com/s/files/1/0668/0861/1129/products/ROSE001_Rose_Petals_100g.jpg?v=1754023183,1,"",false,,,,,,,,,,,,,,,,,,,,kg,,,active
rjs-tallsorts-70g,RJ's Tallsorts 70g x 20ct,"",RJ's,"Food, Beverages & Tobacco > Food Items > Candy & Chocolate","","Licorice, RJ's",true,Pack Size,Outer,,,,,,,,5039_Outer,0.0,shopify,67,deny,manual,30.45,,true,true,,,,,,https://cdn.shopify.com/s/files/1/0668/0861/1129/products/5039_RJS_TALLSORTS_gloWTQ9.jpg?v=1754023184,1,"",false,,,4748,,,,,,,,,,,,,,,,,kg,,,active
rjs-tallsorts-70g,,,,,,,,,Shipper (4 Outer),,,,,,,,5039_Shipper,0.0,shopify,16,deny,manual,121.80,,true,true,,,,,,,,,,,,,,,,,,,,,,,,,,,,,kg,,,
rjs-family-bag-sherbet-fizz-raspberry-crunch-180g,RJ's Fabulicious Raspberry Crunch FAMILY BAG 180g x 12ct,"",RJ's,"Food, Beverages & Tobacco > Food Items > Candy & Chocolate","","Family Bags, Licorice, Night n Day Misc, RJ's",true,Pack Size,Bag,,,,,,,,5105_Bag,0.0,shopify,235,deny,manual,3.70,,true,true,,,,,,https://cdn.shopify.com/s/files/1/0668/0861/1129/products/5105_Fabulicious_Raspberry_Sherbert_Crunch_180g.jpg?v=1754023185,1,"",false,,,4748,,,,,,,,,,,,,,,,,kg,,,active
rjs-family-bag-sherbet-fizz-raspberry-crunch-180g,,,,,,,,,Shipper (12 Bag),,,,,,,,5105_Shipper,0.0,shopify,19,deny,manual,44.40,,true,true,,,,,,,,,,,,,,,,,,,,,,,,,,,,,kg,,,
rjs-family-bag-sherbet-fizz-grape-crunch-180g,RJ's Fabulicious Grape Crunch FAMILY BAG 180g x 12ct,"",RJ's,"Food, Beverages & Tobacco > Food Items > Candy & Chocolate","","Family Bags, Licorice, Night n Day Misc, RJ's",true,Pack Size,Bag,,,,,,,,5103_Bag,0.0,shopify,146,deny,manual,3.70,,true,true,,,,,,https://cdn.shopify.com/s/files/1/0668/0861/1129/products/5103_Fabulicious_Grape_Sherbert_Crunch_180g.jpg?v=1754023186,1,"",false,,,4748,,,,,,,,,,,,,,,,,kg,,,active
rjs-family-bag-sherbet-fizz-grape-crunch-180g,,,,,,,,,Shipper (12 Bag),,,,,,,,5103_Shipper,0.0,shopify,12,deny,manual,44.40,,true,true,,,,,,,,,,,,,,,,,,,,,,,,,,,,,kg,,,
rjs-fabulicious-sherbet-fizz-40g,RJ's LOGS - Sherbet Fizz Raspberry Logs 40g x 24ct,"",RJ's,"Food, Beverages & Tobacco > Food Items > Candy & Chocolate","","Hampshire VENDING, Licorice, Night n Day Misc, RJ's",true,Pack Size,Outer,,,,,,,,5059_Outer,0.0,shopify,145,deny,manual,19.20,,true,true,,,,,,https://cdn.shopify.com/s/files/1/0668/0861/1129/products/5059_RJ_SHERBET_FIZZ_hFINZrU.jpg?v=1754023187,1,"",false,,,4748,,,,,,,,,,,,,,,,,kg,,,active
rjs-fabulicious-sherbet-fizz-40g,,,,,,,,,Shipper (6 Outer),,,,,,,,5059_Shipper,0.0,shopify,24,deny,manual,115.20,,true,true,,,,,,,,,,,,,,,,,,,,,,,,,,,,,kg,,,
rjs-fabulicious-raspberry-twister-40g,RJ's LOGS - Raspberry Twister Logs 40g x24ct,"",RJ's,"Food, Beverages & Tobacco > Food Items > Candy & Chocolate","","Licorice, Night n Day Misc, RJ's",true,Pack Size,Outer,,,,,,,,5058_Outer,0.0,shopify,193,deny,manual,19.20,,true,true,,,,,,https://cdn.shopify.com/s/files/1/0668/0861/1129/products/5058_RJ_RASPBERRY_TWISTER_Kbsj7M4.jpg?v=1754023188,1,"",false,,,4748,,,,,,,,,,,,,,,,,kg,,,active
rjs-fabulicious-raspberry-twister-40g,,,,,,,,,Shipper (6 Outer),,,,,,,,5058_Shipper,0.0,shopify,32,deny,manual,115.20,,true,true,,,,,,,,,,,,,,,,,,,,,,,,,,,,,kg,,,
reeses-pieces-43g,Reeses Pieces 43g x 18ct,"",Reeses,,"","Night n Day Misc, Novelty",true,Pack Size,Outer,,,,,,,,6816_Outer,0.0,shopify,0,deny,manual,29.15,,true,true,,,,,,https://cdn.shopify.com/s/files/1/0668/0861/1129/products/6816_Reeses_Pieces_43g.jpg?v=1754023189,1,"",false,,,,,,,,,,,,,,,,,,,,kg,,,active
reeses-pieces-43g,,,,,,,,,Shipper (18 Outer),,,,,,,,6816_Shipper,0.0,shopify,0,deny,manual,524.70,,true,true,,,,,,,,,,,,,,,,,,,,,,,,,,,,,kg,,,
reeses-peanut-butter-cups,Reeses Peanut Butter Cups 42g x 36ct,"",Reeses,,"","Night n Day Misc, Novelty",false,Pack Size,Outer,,,,,,,,9021_Outer,0.0,shopify,0,deny,manual,54.95,,true,true,,,,,,https://cdn.shopify.com/s/files/1/0668/0861/1129/products/9021_PEANUT_BUTTER_CUPS_pBCzW3k.jpg?v=1754023190,1,"",false,,,,,,,,,,,,,,,,,,,,kg,,,draft
reeses-peanut-butter-cups,,,,,,,,,Shipper (12 Outer),,,,,,,,9021_Shipper,0.0,shopify,0,deny,manual,659.40,,true,true,,,,,,,,,,,,,,,,,,,,,,,,,,,,,kg,,,
red-bull-473ml-sugarfree,Red Bull Sugar Free 473ml x12ct,"",Red Bull,,"","Drinks, Energy Drinks",false,Pack Size,Tray,,,,,,,,100870751_Tray,0.0,shopify,0,deny,manual,45.00,,true,true,,,,,,https://cdn.shopify.com/s/files/1/0668/0861/1129/products/100870751_Red_Bull_473ml_Sugar_Free.jpg?v=1754023191,1,"",false,,,,,,,,,,,,,,,,,,,,kg,,,draft
red-bull-473ml,Red Bull 473ml x12ct,"",Red Bull,,"","Drinks, Energy Drinks",false,Pack Size,Tray,,,,,,,,100546459_Tray,0.0,shopify,0,deny,manual,45.00,,true,true,,,,,,https://cdn.shopify.com/s/files/1/0668/0861/1129/products/100546459_RED_BULL_473_mRgrOXq.jpg?v=1754023191,1,"",false,,,,,,,,,,,,,,,,,,,,kg,,,draft
red-bull-355ml,Red Bull 355ml x 24ct,"",Red Bull,,"","Drinks, Energy Drinks",false,Pack Size,Tray,,,,,,,,100536457_Tray,0.0,shopify,0,deny,manual,65.95,,true,true,,,,,,https://cdn.shopify.com/s/files/1/0668/0861/1129/products/100536457_RED_BULL_355_9jjZ8h3.jpg?v=1754023192,1,"",false,,,,,,,,,,,,,,,,,,,,kg,,,draft
red-bull-250ml,Red Bull 4 Pack 250ml x 24ct,"",Red Bull,,"","Drinks, Energy Drinks",false,Pack Size,Tray,,,,,,,,100536964_Tray,0.0,shopify,0,deny,manual,52.40,,true,true,,,,,,https://cdn.shopify.com/s/files/1/0668/0861/1129/products/100536964_REDBULL_FOUR_PACK_agoTuel.jpg?v=1754023193,1,"",false,,,,,,,,,,,,,,,,,,,,kg,,,draft
razzoos-strawberry,Mayceys Razzoos Strawberry x 175ct,"",Mayceys,,"","Mayceys, Novelty",true,Pack Size,Outer,,,,,,,,CARZS_Outer,0.0,shopify,8,deny,manual,25.85,,true,true,,,,,,https://cdn.shopify.com/s/files/1/0668/0861/1129/products/CARZS_Mayceys_Razzoos_Strawberry.jpg?v=1754023194,1,"",false,,,,,,,,,,,,,,,,,,,,kg,,,active
razzoos-strawberry,,,,,,,,,Shipper (5 Outer),,,,,,,,CARZS_Shipper,0.0,shopify,1,deny,manual,129.25,,true,true,,,,,,,,,,,,,,,,,,,,,,,,,,,,,kg,,,
razzoos-grape,Mayceys Razzoos Grape x175ct,"",Mayceys,,"","Mayceys, Novelty",true,Pack Size,Outer,,,,,,,,CARZG_Outer,0.0,shopify,8,deny,manual,25.85,,true,true,,,,,,https://cdn.shopify.com/s/files/1/0668/0861/1129/products/CARZG_Mayceys_Razzoos_Grape.jpg?v=1754023195,1,"",false,,,,,,,,,,,,,,,,,,,,kg,,,active
razzoos-grape,,,,,,,,,Shipper (5 Outer),,,,,,,,CARZG_Shipper,0.0,shopify,1,deny,manual,129.25,,true,true,,,,,,,,,,,,,,,,,,,,,,,,,,,,,kg,,,
razzoos-cola,Mayceys Razzoos Cola x 175ct,"",Mayceys,,"","Mayceys, Novelty",true,Pack Size,Outer,,,,,,,,CARZC_Outer,0.0,shopify,5,deny,manual,25.85,,true,true,,,,,,https://cdn.shopify.com/s/files/1/0668/0861/1129/products/CARZC_Mayceys_Razzoos_Cola.jpg?v=1754023196,1,"",false,,,,,,,,,,,,,,,,,,,,kg,,,active
razzoos-cola,,,,,,,,,Shipper (5 Outer),,,,,,,,CARZC_Shipper,0.0,shopify,1,deny,manual,129.25,,true,true,,,,,,,,,,,,,,,,,,,,,,,,,,,,,kg,,,
razzoos-blue-raspberry,Mayceys Razzoos Blue Raspberry x 175ct,"",Mayceys,,"","Mayceys, Novelty",true,Pack Size,Outer,,,,,,,,CARZB_Outer,0.0,shopify,1,deny,manual,25.85,,true,true,,,,,,https://cdn.shopify.com/s/files/1/0668/0861/1129/products/CARZB_Mayceys_Razzoos_Blue_Raspberry.jpg?v=1754023197,1,"",false,,,,,,,,,,,,,,,,,,,,kg,,,active
razzoos-blue-raspberry,,,,,,,,,Shipper (5 Outer),,,,,,,,CARZB_Shipper,0.0,shopify,0,deny,manual,129.25,,true,true,,,,,,,,,,,,,,,,,,,,,,,,,,,,,kg,,,
rainbow-toasties-50g,Rainbow Toasties 50g x 25ct,"",Rainbow,,"","Night n Day Misc, Novelty",true,Pack Size,Outer,,,,,,,,15240_Outer,0.0,shopify,43,deny,manual,34.00,,true,true,,,,,,https://cdn.shopify.com/s/files/1/0668/0861/1129/products/15240_TOASTIES_rPaLF5Y.jpg?v=1754023198,1,"",false,,,,,,,,,,,,,,,,,,,,kg,,,active
rainbow-toasties-50g,,,,,,,,,Shipper (4 Outer),,,,,,,,15240_Shipper,0.0,shopify,10,deny,manual,136.00,,true,true,,,,,,,,,,,,,,,,,,,,,,,,,,,,,kg,,,
rainbow-chocky-fish-25g,Rainbow Chocky Fish 25g x 50ct,"",Rainbow,,"","Night n Day Misc, Novelty, Rainbow",true,Pack Size,Outer,,,,,,,,15137_Outer,0.0,shopify,27,deny,manual,35.10,,true,true,,,,,,https://cdn.shopify.com/s/files/1/0668/0861/1129/products/15137_CHOCKY_FISH_IYburcr.jpg?v=1754023199,1,"",false,,,,,,,,,,,,,,,,,,,,kg,,,active
rainbow-chocky-fish-25g,,,,,,,,,Shipper (4 Outer),,,,,,,,15137_Shipper,0.0,shopify,6,deny,manual,140.40,,true,true,,,,,,,,,,,,,,,,,,,,,,,,,,,,,kg,,,
rainbow-big-fish-50g,Rainbow Big Fish 50g x 20ct,"",Rainbow,,"","Night n Day Misc, Novelty, Rainbow",true,Pack Size,Outer,,,,,,,,15236_Outer,0.0,shopify,70,deny,manual,26.20,,true,true,,,,,,https://cdn.shopify.com/s/files/1/0668/0861/1129/products/15236_Rainbow_Big_Fish_Raspberry_50g_9P2IpfJ.jpg?v=1754023200,1,"",false,,,,,,,,,,,,,,,,,,,,kg,,,active
rainbow-big-fish-50g,,,,,,,,,Shipper (6 Outer),,,,,,,,15236_Shipper,0.0,shopify,11,deny,manual,157.20,,true,true,,,,,,,,,,,,,,,,,,,,,,,,,,,,,kg,,,
rainbow-5kg-baby-fish,Rainbow 5Kg Baby Fish,"",Rainbow,,"","5kg, Bulk Gummies and Lollies, Night n Day Misc",true,Pack Size,Shipper,,,,,,,,15250_Shipper,0.0,shopify,4,deny,manual,58.50,,true,true,,,,,,https://cdn.shopify.com/s/files/1/0668/0861/1129/products/15250_Rainbow_5kg_Baby_Fish.jpg?v=1754023201,1,"",false,,,,,,,,,,,,,,,,,,,,kg,,,active
rainbow-1kg-wine-gums,Rainbow 1Kg Wine Gums x 310ct,<p>6 bags per shipper</p>,Rainbow,,"","1kg, Bulk Gummies and Lollies, Night n Day Misc",true,Pack Size,Bag,,,,,,,,15018_Bag,0.0,shopify,33,deny,manual,9.50,,true,true,,,,,,https://cdn.shopify.com/s/files/1/0668/0861/1129/products/15018_Rainbow_Wine_Gums_1kg.jpg?v=1754023202,1,"",false,,,,,,,,,,,,,,,,,,,,kg,,,active
rainbow-1kg-wine-gums,,,,,,,,,Shipper (6 Bag),,,,,,,,15018_Shipper,0.0,shopify,5,deny,manual,57.00,,true,true,,,,,,,,,,,,,,,,,,,,,,,,,,,,,kg,,,
rainbow-1kg-teeth,Rainbow 1kg Teeth x 220ct,<p>6 bags per shipper</p>,Rainbow,,"","1kg, Bulk Gummies and Lollies, Night n Day Misc",true,Pack Size,Bag,,,,,,,,15021_Bag,0.0,shopify,25,deny,manual,9.50,,true,true,,,,,,https://cdn.shopify.com/s/files/1/0668/0861/1129/products/15021_RAINBOW_TEETH.jpg?v=1754023203,1,"",false,,,,,,,,,,,,,,,,,,,,kg,,,active
rainbow-1kg-teeth,,,,,,,,,Shipper (6 Bag),,,,,,,,15021_Shipper,0.0,shopify,4,deny,manual,57.00,,true,true,,,,,,,,,,,,,,,,,,,,,,,,,,,,,kg,,,
rainbow-1kg-strawberries-n-cream,Rainbow 1kg Strawberries n Cream x 200ct,<p>6 bags per shipper</p>,Rainbow,,"","1kg, Bulk Gummies and Lollies, Night n Day Misc",true,Pack Size,Bag,,,,,,,,15005_Bag,0.0,shopify,48,deny,manual,9.50,,true,true,,,,,,https://cdn.shopify.com/s/files/1/0668/0861/1129/products/15005_RAINBOW_STRAWBERRY_AND_CREAM_1kg.jpg?v=1754023204,1,"",false,,,,,,,,,,,,,,,,,,,,kg,,,active
rainbow-1kg-strawberries-n-cream,,,,,,,,,Shipper (6 Bag),,,,,,,,15005_Shipper,0.0,shopify,8,deny,manual,57.00,,true,true,,,,,,,,,,,,,,,,,,,,,,,,,,,,,kg,,,
rainbow-1kg-spearmint-leaves,Rainbow 1Kg Spearmint Leaves x 200ct,<p>6 bags per shipper</p>,Rainbow,,"","1kg, Bulk Gummies and Lollies, Night n Day Misc",true,Pack Size,Bag,,,,,,,,15006_Bag,0.0,shopify,53,deny,manual,9.50,,true,true,,,,,,https://cdn.shopify.com/s/files/1/0668/0861/1129/products/15006_Rainbow_Spearmint_Leaves_1kg.jpg?v=1754023205,1,"",false,,,,,,,,,,,,,,,,,,,,kg,,,active
rainbow-1kg-spearmint-leaves,,,,,,,,,Shipper (6 Bag),,,,,,,,15006_Shipper,0.0,shopify,8,deny,manual,57.00,,true,true,,,,,,,,,,,,,,,,,,,,,,,,,,,,,kg,,,
rainbow-1kg-sour-squares,Rainbow 1Kg Sour Squares x 180ct,<p>6 bags per shipper</p>,Rainbow,,"","1kg, Bulk Gummies and Lollies, Night n Day Misc",true,Pack Size,Bag,,,,,,,,15122_Bag,0.0,shopify,9,deny,manual,10.30,,true,true,,,,,,https://cdn.shopify.com/s/files/1/0668/0861/1129/products/15122_Rainbow_Sour_Squares_1kg.jpg?v=1754023206,1,"",false,,,,,,,,,,,,,,,,,,,,kg,,,active
rainbow-1kg-sour-squares,,,,,,,,,Shipper (6 Bag),,,,,,,,15122_Shipper,0.0,shopify,1,deny,manual,61.80,,true,true,,,,,,,,,,,,,,,,,,,,,,,,,,,,,kg,,,
rainbow-1kg-sour-gloworms,Rainbow 1Kg Sour Gloworms x 175ct,<p>6 bags per shipper</p>,Rainbow,,"","1kg, Bulk Gummies and Lollies, Night n Day Misc",true,Pack Size,Bag,,,,,,,,15123_Bag,0.0,shopify,27,deny,manual,10.30,,true,true,,,,,,https://cdn.shopify.com/s/files/1/0668/0861/1129/products/15123_Rainbow_Sour_Gloworms_1kg.jpg?v=1754023207,1,"",false,,,,,,,,,,,,,,,,,,,,kg,,,active
rainbow-1kg-sour-gloworms,,,,,,,,,Shipper (6 Bag),,,,,,,,15123_Shipper,0.0,shopify,4,deny,manual,61.80,,true,true,,,,,,,,,,,,,,,,,,,,,,,,,,,,,kg,,,
rainbow-1kg-snakes,Rainbow 1kg Snakes x 140ct,<p>6 bags per shipper</p>,Rainbow,,"","1kg, Bulk Gummies and Lollies, Night n Day Misc",true,Pack Size,Bag,,,,,,,,15023_Bag,0.0,shopify,54,deny,manual,9.50,,true,true,,,,,,https://cdn.shopify.com/s/files/1/0668/0861/1129/products/15023_Rainbow_Snakes.jpg?v=1754023207,1,"",false,,,,,,,,,,,,,,,,,,,,kg,,,active
rainbow-1kg-snakes,,,,,,,,,Shipper (6 Bag),,,,,,,,15023_Shipper,0.0,shopify,9,deny,manual,57.00,,true,true,,,,,,,,,,,,,,,,,,,,,,,,,,,,,kg,,,
rainbow-1kg-smiley-faces,Rainbow 1Kg Smiley Faces x 160ct,<p>6 bags per shipper</p>,Rainbow,,"","1kg, Bulk Gummies and Lollies, Night n Day Misc",true,Pack Size,Bag,,,,,,,,15182_Bag,0.0,shopify,12,deny,manual,9.64,,true,true,,,,,,https://cdn.shopify.com/s/files/1/0668/0861/1129/products/15182_Rainbow_Smiley_Faces_1kg.jpg?v=1754023208,1,"",false,,,,,,,,,,,,,,,,,,,,kg,,,active
rainbow-1kg-smiley-faces,,,,,,,,,Shipper (6 Bag),,,,,,,,15182_Shipper,0.0,shopify,2,deny,manual,57.84,,true,true,,,,,,,,,,,,,,,,,,,,,,,,,,,,,kg,,,
rainbow-1kg-pineapple-chunks,Rainbow 1Kg Pineapple Chunks x 180ct,<p>5 bags per shipper</p>,Rainbow,,"","1kg, Bulk Gummies and Lollies, Night n Day Misc",true,Pack Size,Bag,,,,,,,,15016_Bag,0.0,shopify,19,deny,manual,12.50,,true,true,,,,,,https://cdn.shopify.com/s/files/1/0668/0861/1129/products/15016_Rainbow_Pineapple_Chunks_1kg.jpg?v=1754023209,1,"",false,,,,,,,,,,,,,,,,,,,,kg,,,active
rainbow-1kg-pineapple-chunks,,,,,,,,,Shipper (5 Bag),,,,,,,,15016_Shipper,0.0,shopify,3,deny,manual,62.50,,true,true,,,,,,,,,,,,,,,,,,,,,,,,,,,,,kg,,,
rainbow-1kg-peaches-n-cream,Rainbow 1kg Peaches n Cream x 200ct,<p>6 bags per shipper</p>,Rainbow,,"","1kg, Bulk Gummies and Lollies, Night n Day Misc",true,Pack Size,Bag,,,,,,,,15004_Bag,0.0,shopify,74,deny,manual,9.50,,true,true,,,,,,https://cdn.shopify.com/s/files/1/0668/0861/1129/products/15004_RAINBOW_PEACHES__CREAM_1KG.jpg?v=1754023210,1,"",false,,,,,,,,,,,,,,,,,,,,kg,,,active
rainbow-1kg-peaches-n-cream,,,,,,,,,Shipper (6 Bag),,,,,,,,15004_Shipper,0.0,shopify,12,deny,manual,57.00,,true,true,,,,,,,,,,,,,,,,,,,,,,,,,,,,,kg,,,
rainbow-1kg-party-mix,Rainbow 1Kg Party Mix x 180ct,<p>6 bags per shipper</p>,Rainbow,,"","1kg, Bulk Gummies and Lollies, Night n Day Misc",true,Pack Size,Bag,,,,,,,,15001_Bag,0.0,shopify,117,deny,manual,8.82,,true,true,,,,,,https://cdn.shopify.com/s/files/1/0668/0861/1129/products/15001_Rainbow_Party_Mix.jpg?v=1754023210,1,"",false,,,,,,,,,,,,,,,,,,,,kg,,,active
rainbow-1kg-party-mix,,,,,,,,,Shipper (6 Bag),,,,,,,,15001_Shipper,0.0,shopify,19,deny,manual,52.92,,true,true,,,,,,,,,,,,,,,,,,,,,,,,,,,,,kg,,,
rainbow-1kg-multi-volcanoes,Rainbow 1Kg Multi Volcanoes x 200ct,<p>6 bags per shipper</p>,Rainbow,,"","1kg, Bulk Gummies and Lollies, Night n Day Misc",true,Pack Size,Bag,,,,,,,,15218_Bag,0.0,shopify,50,deny,manual,9.50,,true,true,,,,,,https://cdn.shopify.com/s/files/1/0668/0861/1129/products/15218_Rainbow_Multi_Volcanoes_1kg.jpg?v=1754023211,1,"",false,,,,,,,,,,,,,,,,,,,,kg,,,active
rainbow-1kg-multi-volcanoes,,,,,,,,,Shipper (6 Bag),,,,,,,,15218_Shipper,0.0,shopify,8,deny,manual,57.00,,true,true,,,,,,,,,,,,,,,,,,,,,,,,,,,,,kg,,,
rainbow-1kg-milk-bottles-real-milk,Rainbow 1Kg Milkbottles - REAL MILK,<p>6 bags per shipper</p>,Rainbow,,"","1kg, Bulk Gummies and Lollies, Night n Day Misc",true,Pack Size,Bag,,,,,,,,15521_Bag,0.0,shopify,48,deny,manual,11.45,,true,true,,,,,,https://cdn.shopify.com/s/files/1/0668/0861/1129/products/15521_Rainbow_Milk_Bottles.jpg?v=1754023212,1,"",false,,,,,,,,,,,,,,,,,,,,kg,,,active
rainbow-1kg-milk-bottles-real-milk,,,,,,,,,Shipper (6 Bag),,,,,,,,15521_Shipper,0.0,shopify,8,deny,manual,68.70,,true,true,,,,,,,,,,,,,,,,,,,,,,,,,,,,,kg,,,
rainbow-1kg-marshmallows,Rainbow 1Kg Marshmallows x 285ct,<p>6 bags per shipper</p>,Rainbow,,"","1kg, Bulk Gummies and Lollies, Night n Day Misc",true,Pack Size,Bag,,,,,,,,15714_Bag,0.0,shopify,16,deny,manual,9.10,,true,true,,,,,,https://cdn.shopify.com/s/files/1/0668/0861/1129/products/15714_Rainbow_Marshmallows.jpg?v=1754023213,1,"",false,,,,,,,,,,,,,,,,,,,,kg,,,active
rainbow-1kg-marshmallows,,,,,,,,,Shipper (6 Bag),,,,,,,,15714_Shipper,0.0,shopify,2,deny,manual,54.60,,true,true,,,,,,,,,,,,,,,,,,,,,,,,,,,,,kg,,,
rainbow-1kg-licorice-delights,Rainbow 1Kg Licorice Delights x 200ct,<p>6 bags per shipper</p>,Rainbow,"Food, Beverages & Tobacco > Food Items > Candy & Chocolate","","1kg, Bulk Gummies and Lollies, Licorice, Night n Day Misc",true,Pack Size,Bag,,,,,,,,15138_Bag,0.0,shopify,35,deny,manual,11.30,,true,true,,,,,,https://cdn.shopify.com/s/files/1/0668/0861/1129/products/15138_Rainbow_Licorice_Delights.jpg?v=1754023213,1,"",false,,,4748,,,,,,,,,,,,,,,,,kg,,,active
rainbow-1kg-licorice-delights,,,,,,,,,Shipper (6 Bag),,,,,,,,15138_Shipper,0.0,shopify,5,deny,manual,67.80,,true,true,,,,,,,,,,,,,,,,,,,,,,,,,,,,,kg,,,
rainbow-1kg-kandy-bananas,Rainbow 1Kg Kandy Bananas x 210ct,<p>7 bags per shipper</p>,Rainbow,"Food, Beverages & Tobacco > Food Items > Candy & Chocolate > Candy","","1kg, Bulk Gummies and Lollies, Night n Day Misc",true,Pack Size,Bag,,,,,,,,15032_Bag,0.0,shopify,58,deny,manual,9.60,,true,true,,,,,,https://cdn.shopify.com/s/files/1/0668/0861/1129/products/15032_Rainbow_Kandy_Bananas_1kg.jpg?v=1754023214,1,"",false,,,4748,,,,,,,,,,,,,,,,,kg,,,active
rainbow-1kg-kandy-bananas,,,,,,,,,Shipper (7 Bag),,,,,,,,15032_Shipper,0.0,shopify,8,deny,manual,67.20,,true,true,,,,,,,,,,,,,,,,,,,,,,,,,,,,,kg,,,
rainbow-1kg-jelly-beans,Rainbow 1Kg Jelly Beans x 450ct,<p>8 bags per shipper</p>,Rainbow,,"","1kg, Bulk Gummies and Lollies, Night n Day Misc",true,Pack Size,Bag,,,,,,,,15408_Bag,0.0,shopify,67,deny,manual,10.70,,true,true,,,,,,https://cdn.shopify.com/s/files/1/0668/0861/1129/products/15408_Rainbow_Jelly_Beans_1KG.jpg?v=1754023215,1,"",false,,,,,,,,,,,,,,,,,,,,kg,,,active
rainbow-1kg-jelly-beans,,,,,,,,,Shipper (8 Bag),,,,,,,,15408_Shipper,0.0,shopify,8,deny,manual,85.60,,true,true,,,,,,,,,,,,,,,,,,,,,,,,,,,,,kg,,,
rainbow-1kg-huhu-grubs,Rainbow 1kg Huhu Grubs x 200ct,<p>6 bags per shipper</p>,Rainbow,,"","1kg, Bulk Gummies and Lollies, Night n Day Misc",true,Pack Size,Bag,,,,,,,,15124_Bag,0.0,shopify,18,deny,manual,9.65,,true,true,,,,,,https://cdn.shopify.com/s/files/1/0668/0861/1129/products/15124_Rainbow_Huhu_Grubs_1kg.jpg?v=1754023215,1,"",false,,,,,,,,,,,,,,,,,,,,kg,,,active
rainbow-1kg-huhu-grubs,,,,,,,,,Shipper (6 Bag),,,,,,,,15124_Shipper,0.0,shopify,3,deny,manual,57.90,,true,true,,,,,,,,,,,,,,,,,,,,,,,,,,,,,kg,,,
rainbow-1kg-gloworms,Rainbow 1Kg Gloworms x 155ct,<p>6 bags per shipper</p>,Rainbow,,"","1kg, Bulk Gummies and Lollies, Night n Day Misc",true,Pack Size,Bag,,,,,,,,15009_Bag,0.0,shopify,40,deny,manual,9.65,,true,true,,,,,,https://cdn.shopify.com/s/files/1/0668/0861/1129/products/15009_Rainbow_Gloworms_1kg.jpg?v=1754023216,1,"",false,,,,,,,,,,,,,,,,,,,,kg,,,active
rainbow-1kg-gloworms,,,,,,,,,Shipper (6 Bag),,,,,,,,15009_Shipper,0.0,shopify,6,deny,manual,57.90,,true,true,,,,,,,,,,,,,,,,,,,,,,,,,,,,,kg,,,
rainbow-1kg-giant-jelly-beans,Rainbow 1Kg Giant Jelly Beans x 230ct,<p>8 bags per shipper</p>,Rainbow,,"","1kg, Bulk Gummies and Lollies, Night n Day Misc",true,Pack Size,Bag,,,,,,,,15421_Bag,0.0,shopify,22,deny,manual,10.70,,true,true,,,,,,https://cdn.shopify.com/s/files/1/0668/0861/1129/products/15421_Rainbow_Giant_Jelly_Beans_1kg.jpg?v=1754023217,1,"",false,,,,,,,,,,,,,,,,,,,,kg,,,active
rainbow-1kg-giant-jelly-beans,,,,,,,,,Shipper (8 Bag),,,,,,,,15421_Shipper,0.0,shopify,2,deny,manual,85.60,,true,true,,,,,,,,,,,,,,,,,,,,,,,,,,,,,kg,,,
rainbow-1kg-fruit-rings,Rainbow 1Kg Fruit Rings x 160ct,<p>6 bags per shipper</p>,Rainbow,,"","1kg, Bulk Gummies and Lollies, Night n Day Misc",true,Pack Size,Bag,,,,,,,,15259_Bag,0.0,shopify,74,deny,manual,9.64,,true,true,,,,,,https://cdn.shopify.com/s/files/1/0668/0861/1129/products/15259_Rainbow_Fruit_Rings_1kg.jpg?v=1754023218,1,"",false,,,,,,,,,,,,,,,,,,,,kg,,,active
rainbow-1kg-fruit-rings,,,,,,,,,Shipper (6 Bag),,,,,,,,15259_Shipper,0.0,shopify,12,deny,manual,57.84,,true,true,,,,,,,,,,,,,,,,,,,,,,,,,,,,,kg,,,
rainbow-1kg-fruit-jellies,Rainbow 1kg Fruit Jellies,<p>6 bags per shipper</p>,Rainbow,,"","1kg, Bulk Gummies and Lollies, Night n Day Misc",true,Pack Size,Bag,,,,,,,,15121_Bag,0.0,shopify,19,deny,manual,9.50,,true,true,,,,,,https://cdn.shopify.com/s/files/1/0668/0861/1129/products/15121_Rainbow_Fruit_Jellies_1kg.jpg?v=1754023219,1,"",false,,,,,,,,,,,,,,,,,,,,kg,,,active
rainbow-1kg-fruit-jellies,,,,,,,,,Shipper (6 Bag),,,,,,,,15121_Shipper,0.0,shopify,3,deny,manual,57.00,,true,true,,,,,,,,,,,,,,,,,,,,,,,,,,,,,kg,,,
rainbow-1kg-fizzies,Rainbow 1Kg Fizzies x 450ct,<p>6 bags per shipper</p>,Rainbow,,"","1kg, Bulk Gummies and Lollies, Night n Day Misc",true,Pack Size,Bag,,,,,,,,15215_Bag,0.0,shopify,12,deny,manual,11.01,,true,true,,,,,,https://cdn.shopify.com/s/files/1/0668/0861/1129/products/15215_Rainbow_Fizzies_1kg.jpg?v=1754023220,1,"",false,,,,,,,,,,,,,,,,,,,,kg,,,active
rainbow-1kg-fizzies,,,,,,,,,Shipper (6 Bag),,,,,,,,15215_Shipper,0.0,shopify,2,deny,manual,66.06,,true,true,,,,,,,,,,,,,,,,,,,,,,,,,,,,,kg,,,
rainbow-1kg-feijoa-cream,Rainbow 1kg Feijoa n Cream x 200ct,<p>6 bags per shipper</p>,Rainbow,,"","1kg, Bulk Gummies and Lollies, Night n Day Misc",true,Pack Size,Bag,,,,,,,,15309_Bag,0.0,shopify,61,deny,manual,9.50,,true,true,,,,,,https://cdn.shopify.com/s/files/1/0668/0861/1129/products/15309_Rainbow_1kg_Feijoa_n_Cream.jpg?v=1754023221,1,"",false,,,,,,,,,,,,,,,,,,,,kg,,,active
rainbow-1kg-feijoa-cream,,,,,,,,,Shipper (6 Bag),,,,,,,,15309_Shipper,0.0,shopify,10,deny,manual,57.00,,true,true,,,,,,,,,,,,,,,,,,,,,,,,,,,,,kg,,,
rainbow-1kg-emos,Rainbow 1Kg Emos approx 130ct,<p>6 bags per shipper</p>,Rainbow,,"","1kg, Bulk Gummies and Lollies, Night n Day Misc",true,Pack Size,Bag,,,,,,,,15318_Bag,0.0,shopify,50,deny,manual,9.60,,true,true,,,,,,https://cdn.shopify.com/s/files/1/0668/0861/1129/products/15318_Rainbow_Emos_1kg.jpg?v=1754023221,1,"",false,,,,,,,,,,,,,,,,,,,,kg,,,active
rainbow-1kg-emos,,,,,,,,,Shipper (6 Bag),,,,,,,,15318_Shipper,0.0,shopify,8,deny,manual,57.60,,true,true,,,,,,,,,,,,,,,,,,,,,,,,,,,,,kg,,,
rainbow-1kg-colourful-fish,Rainbow 1Kg Colourful Fish x 90ct,<p>6 bags per shipper</p>,Rainbow,,"","1kg, Bulk Gummies and Lollies, Night n Day Misc",true,Pack Size,Bag,,,,,,,,15715_Bag,0.0,shopify,29,deny,manual,9.90,,true,true,,,,,,https://cdn.shopify.com/s/files/1/0668/0861/1129/products/15715_Rainbow_Colourful_Fish.jpg?v=1754023222,1,"",false,,,,,,,,,,,,,,,,,,,,kg,,,active
rainbow-1kg-colourful-fish,,,,,,,,,Shipper (6 Bag),,,,,,,,15715_Shipper,0.0,shopify,4,deny,manual,59.40,,true,true,,,,,,,,,,,,,,,,,,,,,,,,,,,,,kg,,,
rainbow-1kg-choc-hearts,Rainbow 1Kg Choco Hearts x 225ct,<p>5 bags per shipper</p>,Rainbow,Uncategorized,"","1kg, Bulk Gummies and Lollies, Night n Day Misc",true,Pack Size,Bag,,,,,,,,15011_Bag,0.0,shopify,8,deny,manual,12.50,,true,true,,,,,,https://cdn.shopify.com/s/files/1/0668/0861/1129/products/15011_Rainbow_Choco_Hearts.jpg?v=1754023223,1,"",false,,,,,,,,,,,,,,,,,,,,kg,,,active
rainbow-1kg-choc-hearts,,,,,,,,,Shipper (5 Bag),,,,,,,,15011_Shipper,0.0,shopify,1,deny,manual,62.50,,true,true,,,,,,,,,,,,,,,,,,,,,,,,,,,,,kg,,,
rainbow-1kg-boysenberries-cream,Rainbow 1kg Boysenberries n Cream x 200ct,<p>6 bags per shipper</p>,Rainbow,,"","1kg, Bulk Gummies and Lollies, Night n Day Misc",true,Pack Size,Bag,,,,,,,,15196_Bag,0.0,shopify,45,deny,manual,9.50,,true,true,,,,,,https://cdn.shopify.com/s/files/1/0668/0861/1129/products/15196_RAINBOW_BOYSENBERRY__CREAM_2KG.jpg?v=1754023224,1,"",false,,,,,,,,,,,,,,,,,,,,kg,,,active
rainbow-1kg-boysenberries-cream,,,,,,,,,Shipper (6 Bag),,,,,,,,15196_Shipper,0.0,shopify,7,deny,manual,57.00,,true,true,,,,,,,,,,,,,,,,,,,,,,,,,,,,,kg,,,
rainbow-1kg-blue-volcanoes,Rainbow 1kg BLUE Volcanoes x 200ct,<p>6 bags per shipper</p>,Rainbow,,"","1kg, Bulk Gummies and Lollies, Night n Day Misc",true,Pack Size,Bag,,,,,,,,15120_Bag,0.0,shopify,56,deny,manual,9.50,,true,true,,,,,,https://cdn.shopify.com/s/files/1/0668/0861/1129/products/15120_Rainbow_Blue_Volcanoes.jpg?v=1754023224,1,"",false,,,,,,,,,,,,,,,,,,,,kg,,,active
rainbow-1kg-blue-volcanoes,,,,,,,,,Shipper (6 Bag),,,,,,,,15120_Shipper,0.0,shopify,9,deny,manual,57.00,,true,true,,,,,,,,,,,,,,,,,,,,,,,,,,,,,kg,,,
rainbow-1kg-black-jelly-beans,Rainbow 1kg Black Jelly Beans x 450ct,<p>8 bags per shipper</p>,Rainbow,,"","1kg, Bulk Gummies and Lollies, Night n Day Misc",true,Pack Size,Bag,,,,,,,,15510_Bag,0.0,shopify,47,deny,manual,9.99,,true,true,,,,,,https://cdn.shopify.com/s/files/1/0668/0861/1129/products/15510_BLACK_JELLY_BEANS.jpg?v=1754023225,1,"",false,,,,,,,,,,,,,,,,,,,,kg,,,active
rainbow-1kg-black-jelly-beans,,,,,,,,,Shipper (8 Bag),,,,,,,,15510_Shipper,0.0,shopify,5,deny,manual,79.92,,true,true,,,,,,,,,,,,,,,,,,,,,,,,,,,,,kg,,,
rainbow-1kg-blackberries-raspberries,Rainbow 1Kg Blackberry n Raspberry x 160ct,<p>6 bags per shipper</p>,Rainbow,,"","1kg, Bulk Gummies and Lollies, Night n Day Misc",true,Pack Size,Bag,,,,,,,,15125_Bag,0.0,shopify,44,deny,manual,9.50,,true,true,,,,,,https://cdn.shopify.com/s/files/1/0668/0861/1129/products/15125_Rainbow_Blackberries__Raspberries_1kg.jpg?v=1754023226,1,"",false,,,,,,,,,,,,,,,,,,,,kg,,,active
rainbow-1kg-blackberries-raspberries,,,,,,,,,Shipper (6 Bag),,,,,,,,15125_Shipper,0.0,shopify,7,deny,manual,57.00,,true,true,,,,,,,,,,,,,,,,,,,,,,,,,,,,,kg,,,
rainbow-1kg-baby-fish,Rainbow 1Kg Baby Fish x 110ct,<p>8 bags per shipper</p>,Rainbow,,"","1kg, Bulk Gummies and Lollies, Night n Day Misc",true,Pack Size,Bag,,,,,,,,15010_Bag,0.0,shopify,47,deny,manual,12.50,,true,true,,,,,,https://cdn.shopify.com/s/files/1/0668/0861/1129/products/15010_Rainbow_Baby_Fish.jpg?v=1754023227,1,"",false,,,,,,,,,,,,,,,,,,,,kg,,,active
rainbow-1kg-baby-fish,,,,,,,,,Shipper (8 Bag),,,,,,,,15010_Shipper,0.0,shopify,5,deny,manual,100.00,,true,true,,,,,,,,,,,,,,,,,,,,,,,,,,,,,kg,,,
rainbow-1kg-assorted-puffs,Rainbow 1Kg Assorted Puffs x 330ct,<p>8 bags per shipper</p>,Rainbow,,"","1kg, Bulk Gummies and Lollies, Night n Day Misc",true,Pack Size,Bag,,,,,,,,15031_Bag,0.0,shopify,48,deny,manual,9.60,,true,true,,,,,,https://cdn.shopify.com/s/files/1/0668/0861/1129/products/15031_Rainbow_Assorted_Puffs_1.jpg?v=1754023227,1,"",false,,,,,,,,,,,,,,,,,,,,kg,,,active
rainbow-1kg-assorted-puffs,,,,,,,,,Shipper (8 Bag),,,,,,,,15031_Shipper,0.0,shopify,6,deny,manual,76.80,,true,true,,,,,,,,,,,,,,,,,,,,,,,,,,,,,kg,,,
rainbow-1kg-airplanes,Rainbow 1Kg Airplanes approx 130ct,<p>6 bags per shipper</p>,Rainbow,,"","1kg, Bulk Gummies and Lollies, Night n Day Misc",true,Pack Size,Bag,,,,,,,,15117_Bag,0.0,shopify,38,deny,manual,9.50,,true,true,,,,,,https://cdn.shopify.com/s/files/1/0668/0861/1129/products/15117_RAINBOW_AIRPLANES.jpg?v=1754023228,1,"",false,,,,,,,,,,,,,,,,,,,,kg,,,active
rainbow-1kg-airplanes,,,,,,,,,Shipper (6 Bag),,,,,,,,15117_Shipper,0.0,shopify,6,deny,manual,57.00,,true,true,,,,,,,,,,,,,,,,,,,,,,,,,,,,,kg,,,
quick-eze-stickpack,Quick Eze Stickpk x 32ct,"",Nestle,Health & Beauty > Health Care > Medicine & Drugs,"","Health, Night n Day Misc",true,Pack Size,Outer,,,,,,,,100502_Outer,0.0,shopify,29,deny,manual,62.25,,true,true,,,,,,https://cdn.shopify.com/s/files/1/0668/0861/1129/files/100502QUICKEZEANTACID.jpg?v=1754023229,1,"",false,,,518,,,,,,,,,,,,,,,,,kg,,,active
quick-eze-stickpack,,,,,,,,,Shipper (9 Outer),,,,,,,,100502_Shipper,0.0,shopify,3,deny,manual,560.25,,true,true,,,,,,,,,,,,,,,,,,,,,,,,,,,,,kg,,,
quick-eze-chewy-40g,Quick Eze Chewy Peppermint 40g x 32ct,"",Nestle,Health & Beauty > Health Care > Medicine & Drugs,"","Health, Night n Day Misc",true,Pack Size,Outer,,,,,,,,105259_Outer,0.0,shopify,20,deny,manual,67.50,,true,true,,,,,,https://cdn.shopify.com/s/files/1/0668/0861/1129/products/105259_QUICK-EZE_CHEWY.jpg?v=1754023230,1,"",false,,,518,,,,,,,,,,,,,,,,,kg,,,active
quick-eze-chewy-40g,,,,,,,,,Shipper (6 Outer),,,,,,,,105259_Shipper,0.0,shopify,3,deny,manual,405.00,,true,true,,,,,,,,,,,,,,,,,,,,,,,,,,,,,kg,,,
push-pop-15g,Push Pop 15g x 24ct,"",DutchRusk,,"","Lollipops, Novelty",true,Pack Size,Outer,,,,,,,,MYR105_Outer,0.0,shopify,439,deny,manual,33.95,,true,true,,,,,,https://cdn.shopify.com/s/files/1/0668/0861/1129/products/MYR105_Push_Pop.jpg?v=1754023230,1,"",false,,,,,,,,,,,,,,,,,,,,kg,,,active
push-pop-15g,,,,,,,,,Shipper (18 Outer),,,,,,,,MYR105_Shipper,0.0,shopify,24,deny,manual,611.10,,true,true,,,,,,,,,,,,,,,,,,,,,,,,,,,,,kg,,,
pure-nz-water-600ml,Pure NZ Water 600ml x 24ct,<p>These bottles have no barcode!!!!!</p>,DutchRusk,,"","",false,Pack Size,Tray,,,,,,,,PURENZ_Tray,0.0,shopify,0,deny,manual,24.00,,true,true,,,,,,https://cdn.shopify.com/s/files/1/0668/0861/1129/products/PURENZ_Pure_NZ_Water_600ml.jpg?v=1754023231,1,"",false,,,,,,,,,,,,,,,,,,,,kg,,,draft
pottles-extra-64g-white-peppermint,Extra pottles White Peppermint 64g x 6ct,"",Mars,,"","Gum, Night n Day Misc, Wrigleys",true,Pack Size,Outer,,,,,,,,372534_Outer,0.0,shopify,62,deny,manual,26.65,,true,true,,,,,,https://cdn.shopify.com/s/files/1/0668/0861/1129/products/372534_WRIGLEYS_Extra_White_pottles.jpg?v=1754023232,1,"",false,,,,,,,,,,,,,,,,,,,,kg,,,active
pottles-extra-64g-white-peppermint,,,,,,,,,Shipper (16 Outer),,,,,,,,372534_Shipper,0.0,shopify,3,deny,manual,426.40,,true,true,,,,,,,,,,,,,,,,,,,,,,,,,,,,,kg,,,
pottles-extra-64g-white-bubblemint,Extra pottles White Bubblemint 64g x 6ct,"",Mars,,"","Gum, Night n Day Misc, Wrigleys",true,Pack Size,Outer,,,,,,,,372523_Outer,0.0,shopify,64,deny,manual,26.65,,true,true,,,,,,https://cdn.shopify.com/s/files/1/0668/0861/1129/products/372523_WRIGLEYS_Extra_bubblemint_pottles.jpg?v=1754023232,1,"",false,,,,,,,,,,,,,,,,,,,,kg,,,active
pottles-extra-64g-white-bubblemint,,,,,,,,,Shipper (16 Outer),,,,,,,,372523_Shipper,0.0,shopify,4,deny,manual,426.40,,true,true,,,,,,,,,,,,,,,,,,,,,,,,,,,,,kg,,,
pottles-extra-64g-spearmint,Extra pottles Spearmint 64g x 6ct,"",Mars,,"","Gum, Night n Day Misc, Wrigleys",true,Pack Size,Outer,,,,,,,,372535_Outer,0.0,shopify,144,deny,manual,26.65,,true,true,,,,,,https://cdn.shopify.com/s/files/1/0668/0861/1129/products/372535_WRIGLEYS_Extra_Spearmint_pottles.jpg?v=1754023233,1,"",false,,,,,,,,,,,,,,,,,,,,kg,,,active
pottles-extra-64g-spearmint,,,,,,,,,Shipper (16 Outer),,,,,,,,372535_Shipper,0.0,shopify,9,deny,manual,426.40,,true,true,,,,,,,,,,,,,,,,,,,,,,,,,,,,,kg,,,
pottles-extra-64g-peppermint,Extra pottles Peppermint 64g x 6ct,"",Mars,,"","Gum, Night n Day Misc, Wrigleys",true,Pack Size,Outer,,,,,,,,372531_Outer,0.0,shopify,62,deny,manual,26.65,,true,true,,,,,,https://cdn.shopify.com/s/files/1/0668/0861/1129/products/372531_WRIGLEYS_Extra_Peppermint_pottles.jpg?v=1754023234,1,"",false,,,,,,,,,,,,,,,,,,,,kg,,,active
pottles-extra-64g-peppermint,,,,,,,,,Shipper (16 Outer),,,,,,,,372531_Shipper,0.0,shopify,3,deny,manual,426.40,,true,true,,,,,,,,,,,,,,,,,,,,,,,,,,,,,kg,,,
pottles-eclipse-93g-chewy-mints-spearmint,Eclipse pottles Chewy 93g Spearmint x 6ct,"",Mars,,"","Gum, Night n Day Misc, Wrigleys",true,Pack Size,Outer,,,,,,,,372492_Outer,0.0,shopify,38,deny,manual,28.00,,true,true,,,,,,https://cdn.shopify.com/s/files/1/0668/0861/1129/products/372492_WRIGLEYS_Eclipse_Chewy_Mints_Spearmint_Bottle_93pc.jpg?v=1754023235,1,"",false,,,,,,,,,,,,,,,,,,,,kg,,,active
pottles-eclipse-93g-chewy-mints-spearmint,,,,,,,,,Shipper (6 Outer),,,,,,,,372492_Shipper,0.0,shopify,6,deny,manual,168.00,,true,true,,,,,,,,,,,,,,,,,,,,,,,,,,,,,kg,,,
pottles-eclipse-93g-chewy-mints-peppermint,Eclipse pottles Chewy 93g Peppermint x 6ct,"",Mars,,"","Gum, Night n Day Misc, Wrigleys",false,Pack Size,Outer,,,,,,,,372491_Outer,0.0,shopify,0,deny,manual,28.00,,true,true,,,,,,https://cdn.shopify.com/s/files/1/0668/0861/1129/products/372491_WRIGLEYS_Eclipse_Chewy_Mints_Peppermint_Bottle_93g.jpg?v=1754023235,1,"",false,,,,,,,,,,,,,,,,,,,,kg,,,draft
pottles-eclipse-93g-chewy-mints-peppermint,,,,,,,,,Shipper (6 Outer),,,,,,,,372491_Shipper,0.0,shopify,0,deny,manual,168.00,,true,true,,,,,,,,,,,,,,,,,,,,,,,,,,,,,kg,,,
pop-ups-assorted,Pop Ups - Assorted 8g x 12ct,"",DutchRusk,,"","Lollipops, Novelty",true,Pack Size,Outer,,,,,,,,PA9790_Outer,0.0,shopify,22,deny,manual,39.35,,true,true,,,,,,https://cdn.shopify.com/s/files/1/0668/0861/1129/products/PA9790_Pop_Ups_Assorted.jpg?v=1754023236,1,"",false,,,,,,,,,,,,,,,,,,,,kg,,,active
pop-ups-assorted,,,,,,,,,Shipper (4 Outer),,,,,,,,PA9790_Shipper,0.0,shopify,5,deny,manual,157.40,,true,true,,,,,,,,,,,,,,,,,,,,,,,,,,,,,kg,,,
pop-n-good-20kg-popcorn-unpopped,Pop n Good 20Kg Popcorn,"",Pop N Good,"Food, Beverages & Tobacco > Food Items > Snack Foods > Popcorn","","Popcorn, Snacks",true,Pack Size,Bag,,,,,,,,1608_Bag,0.0,shopify,54,deny,manual,75.00,,true,true,,,,,,https://cdn.shopify.com/s/files/1/0668/0861/1129/products/1608_POP_N_GOOD_20KG.jpg?v=1754023237,1,"",false,,,1534,,,,,,,,,,,,,,,,,kg,,,active
pop-n-good-150g-fruiti-popcorn,Pop N Good Fruiti Popcorn 150g x 16ct,<p>16 bags per shipper</p>,Pop N Good,"Food, Beverages & Tobacco > Food Items > Snack Foods > Popcorn","","Night n Day Misc, Popcorn, Snacks",true,Pack Size,Bag,,,,,,,,1304_Bag,0.0,shopify,159,deny,manual,2.95,,true,true,,,,,,https://cdn.shopify.com/s/files/1/0668/0861/1129/products/1304_Fruitti_Popcorn.jpg?v=1754023237,1,"",false,,,1534,,,,,,,,,,,,,,,,,kg,,,active
pop-n-good-150g-fruiti-popcorn,,,,,,,,,Shipper (16 Bag),,,,,,,,1304_Shipper,0.0,shopify,9,deny,manual,47.20,,true,true,,,,,,,,,,,,,,,,,,,,,,,,,,,,,kg,,,
pop-n-good-150g-caramel-popcorn,Pop N Good Caramel Popcorn 150g x 16ct,<p>16 bags per shipper</p>,Pop N Good,Uncategorized,"","Kingpin Queenstown, Night n Day Misc, Popcorn, show-bag, Snacks, Xtreme Wairau",true,Pack Size,Bag,,,,,,,,1204_Bag,0.0,shopify,168,deny,manual,2.95,,true,true,,,,,,https://cdn.shopify.com/s/files/1/0668/0861/1129/products/1204_CARAMEL_150__FtnRdTS.jpg?v=1754023238,1,"",false,,,,,,,,,,,,,,,,,,,,kg,,,active
pop-n-good-150g-caramel-popcorn,,,,,,,,,Shipper (16 Bag),,,,,,,,1204_Shipper,0.0,shopify,10,deny,manual,47.20,,true,true,,,,,,,,,,,,,,,,,,,,,,,,,,,,,kg,,,
pop-n-good-12g-popcorn,Pop N Good Popcorn 12g x 60ct,"",Pop N Good,"Food, Beverages & Tobacco > Food Items > Snack Foods > Popcorn","","Night n Day Misc, Popcorn, Snacks",true,Pack Size,Shipper,,,,,,,,1137_Shipper,0.0,shopify,0,deny,manual,30.75,,true,true,,,,,,https://cdn.shopify.com/s/files/1/0668/0861/1129/products/1137_LIGHT_B_BUTTERY_popcorn_12G.jpg?v=1754023239,1,"",false,,,1534,,,,,,,,,,,,,,,,,kg,,,active
pascall-2kg-jet-planes,Pascall 2kg Jet Planes x 240ct,<p>3 bags per shipper</p>,Pascall,Uncategorized,"","2kg, Bulk Gummies and Lollies, Pascall, TNCC",true,Pack Size,Bag,,,,,,,,621983_Bag,0.0,shopify,87,deny,manual,18.15,,true,true,,,,,,https://cdn.shopify.com/s/files/1/0668/0861/1129/products/621983_JET_PLANES_WdhNZb4.jpg?v=1754023241,1,"",false,,,,,,,,,,,,,,,,,,,,kg,,,active
pascall-2kg-jet-planes,,,,,,,,,Shipper (3 Bag),,,,,,,,621983_Shipper,0.0,shopify,29,deny,manual,54.45,,true,true,,,,,,,,,,,,,,,,,,,,,,,,,,,,,kg,,,
pascall-2kg-fruit-burst,Pascall 2kg Fruit Bursts x 320ct,<p>3 bags per shipper</p>,Pascall,Uncategorized,"","2kg, Bulk Gummies and Lollies, Pascall, TNCC",true,Pack Size,Bag,,,,,,,,617557_Bag,0.0,shopify,239,deny,manual,25.90,,true,true,,,,,,https://cdn.shopify.com/s/files/1/0668/0861/1129/products/617557_Pascall_2kg_Fruit_Burst.jpg?v=1754023242,1,"",false,,,,,,,,,,,,,,,,,,,,kg,,,active
pascall-2kg-fruit-burst,,,,,,,,,Shipper (3 Bag),,,,,,,,617557_Shipper,0.0,shopify,79,deny,manual,77.70,,true,true,,,,,,,,,,,,,,,,,,,,,,,,,,,,,kg,,,
nippys-375ml-strawberry,Nippys 375ml Strawberry x 24ct,"",Nippy's,,"","Drinks, Milk Drinks",true,Pack Size,Shipper,,,,,,,,MKO375ST_Shipper,0.0,shopify,4,deny,manual,66.75,,true,true,,,,,,https://cdn.shopify.com/s/files/1/0668/0861/1129/products/MKO375ST_NIPPY_STRAWBERRY_375ml.jpg?v=1754023244,1,"",false,,,,,,,,,,,,,,,,,,,,kg,,,active
nippys-375ml-mocha,Nippys 375ml Mocha x24ct,"",Nippy's,,"","Drinks, Milk Drinks",true,Pack Size,Shipper,,,,,,,,MKO375MO_Shipper,0.0,shopify,6,deny,manual,66.75,,true,true,,,,,,https://cdn.shopify.com/s/files/1/0668/0861/1129/products/MKO375MO_Nippys_Mocha_375ml.jpg?v=1754023245,1,"",false,,,,,,,,,,,,,,,,,,,,kg,,,active
nippys-375ml-iced-coffee,Nippys 375ml Iced Coffee x24ct,"",Nippy's,,"","Drinks, Milk Drinks",true,Pack Size,Shipper,,,,,,,,MKO375CO_Shipper,0.0,shopify,97,deny,manual,66.75,,true,true,,,,,,https://cdn.shopify.com/s/files/1/0668/0861/1129/products/MKO375CO_NIPPY_COFFEE_375ml.jpg?v=1754023246,1,"",false,,,,,,,,,,,,,,,,,,,,kg,,,active
nippys-375ml-iced-chocolate,Nippys 375ml Iced Choc x 24ct,"",Nippy's,,"","Drinks, Milk Drinks",true,Pack Size,Shipper,,,,,,,,MKO375CH_Shipper,0.0,shopify,91,deny,manual,66.75,,true,true,,,,,,https://cdn.shopify.com/s/files/1/0668/0861/1129/products/MKO375CH_NIPPY_CHOCOLATE_375ml.jpg?v=1754023246,1,"",false,,,,,,,,,,,,,,,,,,,,kg,,,active
nippys-375ml-honeycomb,Nippys 375ml Honeycomb x 24ct,"",Nippy's,,"","Drinks, Milk Drinks",true,Pack Size,Shipper,,,,,,,,MKO375HC_Shipper,0.0,shopify,8,deny,manual,66.75,,true,true,,,,,,https://cdn.shopify.com/s/files/1/0668/0861/1129/products/MKO375HC_NIPPY_HONEYCOMB_375ml.jpg?v=1754023247,1,"",false,,,,,,,,,,,,,,,,,,,,kg,,,active
nippys-375ml-banana,Nippys 375ml Banana x24ct,"",Nippy's,,"","Drinks, Milk Drinks",true,Pack Size,Shipper,,,,,,,,MKO375BA_Shipper,0.0,shopify,5,deny,manual,66.75,,true,true,,,,,,https://cdn.shopify.com/s/files/1/0668/0861/1129/products/MKO375BA_NIPPY_BANANA_375ml.jpg?v=1754023248,1,"",false,,,,,,,,,,,,,,,,,,,,kg,,,active
nestle-smarties-50g,Nestle Smarties 50g x 24ct,"",Nestle,,"","hide-shipper, Nestle Single Bars, Night n Day Misc",true,Pack Size,Outer,,,,,,,,12247622_Outer,0.0,shopify,86,deny,manual,45.00,,true,true,,,,,,https://cdn.shopify.com/s/files/1/0668/0861/1129/products/12247622_Nestle_Smarties_50g_u1YJH0b.jpg?v=1754023249,1,"",false,,,,,,,,,,,,,,,,,,,,kg,,,active
nestle-smarties-50g,,,,,,,,,Shipper (12 Outer),,,,,,,,12247622_Shipper,0.0,shopify,7,deny,manual,540.00,,true,true,,,,,,,,,,,,,,,,,,,,,,,,,,,,,kg,,,
nestle-scorched-almonds,Nestle Scorched Almonds 240g,"",Nestle,,"","",true,Pack Size,Packet,,,,,,,,12447273_Packet,0.0,shopify,0,deny,manual,9.67,,true,true,,,,,,https://cdn.shopify.com/s/files/1/0668/0861/1129/products/12447273_Nestle_Scorched_Almonds.jpg?v=1754023249,1,"",false,,,,,,,,,,,,,,,,,,,,kg,,,active
nestle-scorched-almonds,,,,,,,,,Shipper (14 Packet),,,,,,,,12447273_Shipper,0.0,shopify,0,deny,manual,135.38,,true,true,,,,,,,,,,,,,,,,,,,,,,,,,,,,,kg,,,
nestle-ice-cream-dip,Nestle Ice Cream Dip 5kg,"",Nestle,Uncategorized,"","5kg, Nestle",true,Pack Size,Outer,,,,,,,,12323147_Outer,0.0,shopify,6,deny,manual,65.50,,true,true,,,,,,https://cdn.shopify.com/s/files/1/0668/0861/1129/products/12323147_Nestle_Ice_Cream_Dip_5kg.jpg?v=1754023250,1,"",false,,,,,,,,,,,,,,,,,,,,kg,,,active
nerds-rope-very-berry-26g,Nerds Rope Very Berry 26g x 24ct,"",Wonka,,"",Novelty,true,Pack Size,Outer,,,,,,,,04570_Outer,0.0,shopify,6,deny,manual,52.00,,true,true,,,,,,https://cdn.shopify.com/s/files/1/0668/0861/1129/products/04570_Nerds_Rope_Very_Berry_1.jpg?v=1754023251,1,"",false,,,,,,,,,,,,,,,,,,,,kg,,,active
nerds-rope-very-berry-26g,,,,,,,,,Shipper (12 Outer),,,,,,,,04570_Shipper,0.0,shopify,0,deny,manual,624.00,,true,true,,,,,,,,,,,,,,,,,,,,,,,,,,,,,kg,,,
nerds-rope-rainbow-26g,Nerds Rope Rainbow 26g x 24ct,"",Wonka,,"",Novelty,true,Pack Size,Outer,,,,,,,,04569_Outer,0.0,shopify,10,deny,manual,52.00,,true,true,,,,,,https://cdn.shopify.com/s/files/1/0668/0861/1129/products/04569_Nerds_Rainbow_Rope.jpg?v=1754023251,1,"",false,,,,,,,,,,,,,,,,,,,,kg,,,active
nerds-rope-rainbow-26g,,,,,,,,,Shipper (12 Outer),,,,,,,,04569_Shipper,0.0,shopify,0,deny,manual,624.00,,true,true,,,,,,,,,,,,,,,,,,,,,,,,,,,,,kg,,,
nerds-gobstopper-everlasting-50-1g,Wonka Nerds Gobstopper Everlasting 50.1g x 24ct,"",Wonka,Uncategorized,"",Novelty,true,Pack Size,Outer,,,,,,,,71343_Outer,0.0,shopify,17,deny,manual,49.25,,true,true,,,,,,https://cdn.shopify.com/s/files/1/0668/0861/1129/products/71343_Wonka_Nerds_Gobstoppers_Everlasting_50.1g.jpg?v=1754023252,1,"",false,,,,,,,,,,,,,,,,,,,,kg,,,active
nerds-gobstopper-everlasting-50-1g,,,,,,,,,Shipper (12 Outer),,,,,,,,71343_Shipper,0.0,shopify,1,deny,manual,591.00,,true,true,,,,,,,,,,,,,,,,,,,,,,,,,,,,,kg,,,
nerds-gobstopper-everlasting-141g,Wonka Nerds Gobstopper Everlasting 141g x 12ct,"",Wonka,Uncategorized,"",Novelty,false,Pack Size,Outer,,,,,,,,71369_Outer,0.0,shopify,0,deny,manual,34.00,,true,true,,,,,,https://cdn.shopify.com/s/files/1/0668/0861/1129/products/71369_Wonka_Gobstopper_Everlasting_141g.jpg?v=1754023252,1,"",false,,,,,,,,,,,,,,,,,,,,kg,,,draft
nerds-gobstopper-chewy-106-3g,Wonka Nerds Gobstopper CHEWY 106.3g x 12ct,"",Wonka,Uncategorized,"",Novelty,false,Pack Size,Outer,,,,,,,,71051_Outer,0.0,shopify,0,deny,manual,33.00,,true,true,,,,,,https://cdn.shopify.com/s/files/1/0668/0861/1129/products/71051_Gobstopper_Chewy_Concession.jpg?v=1754023253,1,"",false,,,,,,,,,,,,,,,,,,,,kg,,,draft
nerds-gobstopper-chewy-106-3g,,,,,,,,,Shipper (12 Outer),,,,,,,,71051_Shipper,0.0,shopify,0,deny,manual,396.00,,true,true,,,,,,,,,,,,,,,,,,,,,,,,,,,,,kg,,,
nerds-47g-raspberry-tropical,Wonka Nerds 47g Raspberry & Tropical Punch x 24ct,"",Wonka,Uncategorized,"",Novelty,false,Pack Size,Outer,,,,,,,,71765_Outer,0.0,shopify,0,deny,manual,32.65,,true,true,,,,,,https://cdn.shopify.com/s/files/1/0668/0861/1129/products/71765_Nerds_Raspberry_and_Tropical_Punch.jpg?v=1754023253,1,"",false,,,,,,,,,,,,,,,,,,,,kg,,,draft
nerds-47g-raspberry-tropical,,,,,,,,,Shipper (12 Outer),,,,,,,,71765_Shipper,0.0,shopify,0,deny,manual,391.80,,true,true,,,,,,,,,,,,,,,,,,,,,,,,,,,,,kg,,,
nerds-47g-double-dipped,Wonka Nerds 47g Double Dipped x 36ct,"",Wonka,,"",Novelty,false,Pack Size,Outer,,,,,,,,71766_Outer,0.0,shopify,0,deny,manual,49.00,,true,true,,,,,,https://cdn.shopify.com/s/files/1/0668/0861/1129/products/71766_Nerds_Double_Dipped.jpg?v=1754023254,1,"",false,,,,,,,,,,,,,,,,,,,,kg,,,draft
nerds-47g-double-dipped,,,,,,,,,Shipper (10 Outer),,,,,,,,71766_Shipper,0.0,shopify,0,deny,manual,490.00,,true,true,,,,,,,,,,,,,,,,,,,,,,,,,,,,,kg,,,
nerds-46-7g-watermelon-cherry,Wonka Nerds 46.7g Watermelon Cherry x36ct,"",Wonka,,"",Novelty,true,Pack Size,Outer,,,,,,,,71340_Outer,0.0,shopify,38,deny,manual,69.50,,true,true,,,,,,https://cdn.shopify.com/s/files/1/0668/0861/1129/products/71340_Wonka_Nerds_Watermelon__Cherry.jpg?v=1754023254,1,"",false,,,,,,,,,,,,,,,,,,,,kg,,,active
nerds-46-7g-watermelon-cherry,,,,,,,,,Shipper (10 Outer),,,,,,,,71340_Shipper,0.0,shopify,3,deny,manual,695.00,,true,true,,,,,,,,,,,,,,,,,,,,,,,,,,,,,kg,,,
nerds-46-7g-peach-wildberry,Wonka Nerds 46.7g  Peach and Wildberry x 24ct,"",Wonka,,"",Novelty,false,Pack Size,Outer,,,,,,,,71672_Outer,0.0,shopify,0,deny,manual,32.65,,true,true,,,,,,https://cdn.shopify.com/s/files/1/0668/0861/1129/products/71672_Nerds_Peach__Wildberry.jpg?v=1754023255,1,"",false,,,,,,,,,,,,,,,,,,,,kg,,,draft
nerds-46-7g-peach-wildberry,,,,,,,,,Shipper (12 Outer),,,,,,,,71672_Shipper,0.0,shopify,0,deny,manual,391.80,,true,true,,,,,,,,,,,,,,,,,,,,,,,,,,,,,kg,,,
nerds-46-7g-grape-strawberry,Wonka Nerds 46.7g Grape and Strawberry x 36ct,"",Wonka,,"",Novelty,true,Pack Size,Outer,,,,,,,,71348_Outer,0.0,shopify,19,deny,manual,69.50,,true,true,,,,,,https://cdn.shopify.com/s/files/1/0668/0861/1129/products/71348_Nerds_Grape_and_Strawberry.jpg?v=1754023255,1,"",false,,,,,,,,,,,,,,,,,,,,kg,,,active
nerds-46-7g-grape-strawberry,,,,,,,,,Shipper (10 Outer),,,,,,,,71348_Shipper,0.0,shopify,1,deny,manual,695.00,,true,true,,,,,,,,,,,,,,,,,,,,,,,,,,,,,kg,,,
nerds-141g-rainbow,Wonka Nerds 141g Rainbow x 12ct,"",Wonka,,"","Night n Day Misc, Novelty, Theatre Box",true,Pack Size,Outer,,,,,,,,71389_Outer,0.0,shopify,14,deny,manual,40.95,,true,true,,,,,,https://cdn.shopify.com/s/files/1/0668/0861/1129/products/71389_Wonka_Nerds_Rainbow_141g.jpg?v=1754023256,1,"",false,,,,,,,,,,,,,,,,,,,,kg,,,active
nerds-141g-grape-strawberry,Wonka Nerds 141g Grape and Strawberry x 12ct,"",Wonka,,"","Night n Day Misc, Novelty, Theatre Box",true,Pack Size,Outer,,,,,,,,71127_Outer,0.0,shopify,16,deny,manual,40.95,,true,true,,,,,,https://cdn.shopify.com/s/files/1/0668/0861/1129/products/71127_Wonka_Nerds_Grape_and_Strawberry_141g.jpg?v=1754023257,1,"",false,,,,,,,,,,,,,,,,,,,,kg,,,active
nerds-120g-big-chewy-nerds-sour,Wonka Nerds 120g Big Chewy Nerds SOUR x 12ct,"",Wonka,Uncategorized,"","Novelty, Theatre Box",false,Pack Size,Outer,,,,,,,,71269_Outer,0.0,shopify,0,deny,manual,33.00,,true,true,,,,,,https://cdn.shopify.com/s/files/1/0668/0861/1129/products/71269_Nerds_Chewy_Sour_Concession.jpg?v=1754023259,1,"",false,,,,,,,,,,,,,,,,,,,,kg,,,draft
nerds-120g-big-chewy-nerds,Wonka Nerds 120g Big Chewy Nerds x 12ct,"",Wonka,Uncategorized,"","Novelty, Theatre Box",true,Pack Size,Outer,,,,,,,,71844_Outer,0.0,shopify,22,deny,manual,45.96,,true,true,,,,,,https://cdn.shopify.com/s/files/1/0668/0861/1129/products/71844_Nerds_Chewy_Concession.jpg?v=1754023259,1,"",false,,,,,,,,,,,,,,,,,,,,kg,,,active
musashi-protein-shake-375ml-vanilla,Musashi Protein Shake 375ml - Vanilla x 6ct,"",Musashi,,"","Musashi, Night n Day Misc, Protein Bars",true,Pack Size,Outer,,,,,,,,35628-6_Outer,0.0,shopify,13,deny,manual,25.90,,true,true,,,,,,https://cdn.shopify.com/s/files/1/0668/0861/1129/products/35628-6_Musashi_High_Protein_Vanilla_Milkshake_375ml.jpg?v=1754023260,1,"",false,,,,,,,,,,,,,,,,,,,,kg,,,active
musashi-protein-shake-375ml-chocolate,Musashi Protein Shake 375ml - Chocolate x 6ct,"",Musashi,,"","Musashi, Night n Day Misc, Protein Bars",true,Pack Size,Outer,,,,,,,,35611-6_Outer,0.0,shopify,8,deny,manual,25.90,,true,true,,,,,,https://cdn.shopify.com/s/files/1/0668/0861/1129/products/35611-6_Musashi_High_Protein_Chocolate_Milkshake_375ml.jpg?v=1754023261,1,"",false,,,,,,,,,,,,,,,,,,,,kg,,,active
musashi-protein-crisp-bar-60g-vanilla-caramel,Musashi Protein Crisp Bar 60g - Vanilla Caramel x 12ct,"",Musashi,,"","Musashi, Protein Bars",true,Pack Size,Outer,,,,,,,,31094_Outer,0.0,shopify,8,deny,manual,45.95,,true,true,,,,,,https://cdn.shopify.com/s/files/1/0668/0861/1129/products/31094_Musashi_Protein_Crisp_Vanilla_Caramel_60g.jpg?v=1754023262,1,"",false,,,,,,,,,,,,,,,,,,,,kg,,,active
musashi-protein-crisp-bar-60g-vanilla-caramel,,,,,,,,,Shipper (9 Outer),,,,,,,,31094_Shipper,0.0,shopify,0,deny,manual,413.55,,true,true,,,,,,,,,,,,,,,,,,,,,,,,,,,,,kg,,,
musashi-protein-crisp-bar-60g-choc-peanut,Musashi Protein Crisp Bar 60g - Choc Peanut x 12ct,"",Musashi,,"","Musashi, Protein Bars",true,Pack Size,Outer,,,,,,,,31100_Outer,0.0,shopify,7,deny,manual,45.95,,true,true,,,,,,https://cdn.shopify.com/s/files/1/0668/0861/1129/products/31100_Musashi_Protein_Crisp_Choc_Peanut_60g.jpg?v=1754023264,1,"",false,,,,,,,,,,,,,,,,,,,,kg,,,active
musashi-protein-crisp-bar-60g-choc-peanut,,,,,,,,,Shipper (9 Outer),,,,,,,,31100_Shipper,0.0,shopify,0,deny,manual,413.55,,true,true,,,,,,,,,,,,,,,,,,,,,,,,,,,,,kg,,,
musashi-protein-bar-60g-rocky-road,Musashi Protein Bar 60g - Rocky Road x 12ct,"",Musashi,,"","Musashi, Protein Bars",true,Pack Size,Outer,,,,,,,,36779_Outer,0.0,shopify,9,deny,manual,45.95,,true,true,,,,,,https://cdn.shopify.com/s/files/1/0668/0861/1129/products/36779_Musashi_Deluxe_Rocky_Road_60g.jpg?v=1754023265,1,"",false,,,,,,,,,,,,,,,,,,,,kg,,,active
musashi-protein-bar-60g-rocky-road,,,,,,,,,Shipper (8 Outer),,,,,,,,36779_Shipper,0.0,shopify,1,deny,manual,367.60,,true,true,,,,,,,,,,,,,,,,,,,,,,,,,,,,,kg,,,
musashi-protein-bar-60g-peanut-crunch,Musashi Protein Bar 60g - Peanut Crunch x 12ct,"",Musashi,,"","Musashi, Protein Bars",true,Pack Size,Outer,,,,,,,,36762_Outer,0.0,shopify,13,deny,manual,45.95,,true,true,,,,,,https://cdn.shopify.com/s/files/1/0668/0861/1129/products/36762_Musashi_Deluxe_Peanut_Crunch_60g.jpg?v=1754023266,1,"",false,,,,,,,,,,,,,,,,,,,,kg,,,active
musashi-protein-bar-60g-peanut-crunch,,,,,,,,,Shipper (8 Outer),,,,,,,,36762_Shipper,0.0,shopify,1,deny,manual,367.60,,true,true,,,,,,,,,,,,,,,,,,,,,,,,,,,,,kg,,,
musashi-energy-drink-500ml-green-apple,Musashi Energy 500ml - Green Apple x 12ct,"",Musashi,,"","Drinks, Musashi, Musashi Energy Cans",true,Pack Size,Tray,,,,,,,,32077_Tray,0.0,shopify,236,deny,manual,37.50,,true,true,,,,,,https://cdn.shopify.com/s/files/1/0668/0861/1129/products/32077_Musashi_Energy_Drink_500ml_Green_Apple.jpg?v=1754023267,1,"",false,,,,,,,,,,,,,,,,,,,,kg,,,active
musashi-energy-drink-500ml-grape,Musashi Energy 500ml - Grape x 12ct,"",Musashi,,"","Drinks, Musashi, Musashi Energy Cans",true,Pack Size,Tray,,,,,,,,31339_Tray,0.0,shopify,250,deny,manual,37.50,,true,true,,,,,,https://cdn.shopify.com/s/files/1/0668/0861/1129/products/31339_Musashi_Energy_Purple_Grape.jpg?v=1754023267,1,"",false,,,,,,,,,,,,,,,,,,,,kg,,,active
musashi-energy-drink-500ml-fruit-crush,Musashi Energy 500ml - Fruit Crush x 12ct,"",Musashi,,"","Drinks, Musashi, Musashi Energy Cans",true,Pack Size,Tray,,,,,,,,31346_Tray,0.0,shopify,176,deny,manual,37.50,,true,true,,,,,,https://cdn.shopify.com/s/files/1/0668/0861/1129/products/31346_Musashi_Energy_Fruit_Crush.jpg?v=1754023268,1,"",false,,,,,,,,,,,,,,,,,,,,kg,,,active
musashi-energy-drink-500ml-blue-raspberry,Musashi Energy 500ml - Blue Raspberry x 12ct,"",Musashi,,"","Drinks, Musashi, Musashi Energy Cans",true,Pack Size,Tray,,,,,,,,31322_Tray,0.0,shopify,237,deny,manual,37.50,,true,true,,,,,,https://cdn.shopify.com/s/files/1/0668/0861/1129/products/31322_Musashi_Energy_Blue_Raspberry.jpg?v=1754023269,1,"",false,,,,,,,,,,,,,,,,,,,,kg,,,active
munten-coins-1kg,KH Munten Coins 1Kg x 5ct,"",DutchRusk,"Food, Beverages & Tobacco > Food Items > Candy & Chocolate","","1kg, Bulk Gummies and Lollies, Licorice, Novelty",true,Pack Size,Outer,,,,,,,,30027C_Outer,0.0,shopify,10,deny,manual,22.00,,true,true,,,,,,https://cdn.shopify.com/s/files/1/0668/0861/1129/products/30027C_MUNTEN_DROP.jpg?v=1754023270,1,"",false,,,4748,,,,,,,,,,,,,,,,,kg,,,active
munten-coins-1kg,,,,,,,,,Shipper (5 Outer),,,,,,,,30027C_Shipper,0.0,shopify,2,deny,manual,110.00,,true,true,,,,,,,,,,,,,,,,,,,,,,,,,,,,,kg,,,
monin-yuzu-fruit-puree-1l-x-4ct,Monin Yuzu Fruit Puree 1L x 4ct,"",Monin,,"","",true,Pack Size,Shipper,,,,,,,,75211_Shipper,0.0,shopify,0,continue,manual,91.05,,true,true,,,,,,https://cdn.shopify.com/s/files/1/0668/0861/1129/products/75211_Monin_Yuzu_Mix.jpg?v=1754023270,1,"",false,,,,,,,,,,,,,,,,,,,,kg,,,active
monin-vanilla-syrup-1l-x-4ct,Monin Vanilla Syrup 1L x 4ct,"",Monin,,"","",true,Pack Size,Shipper,,,,,,,,75190_Shipper,0.0,shopify,0,continue,manual,58.17,,true,true,,,,,,https://cdn.shopify.com/s/files/1/0668/0861/1129/products/75190_Monin_Vanilla_1L.jpg?v=1754023271,1,"",false,,,,,,,,,,,,,,,,,,,,kg,,,active
monin-strawberry-syrup-natural-700ml-x-6ct,Monin Strawberry Syrup (Natural) 700ml x 6ct,"",Monin,,"","",true,Pack Size,Shipper,,,,,,,,75220_Shipper,0.0,shopify,0,deny,manual,108.77,,true,true,,,,,,https://cdn.shopify.com/s/files/1/0668/0861/1129/products/75220_Monin_Strawberry_Syrup.png?v=1754023272,1,"",false,,,,,,,,,,,,,,,,,,,,kg,,,active
monin-strawberry-fruit-puree-1l-x-4ct,Monin Strawberry Fruit Puree 1L x 4ct,"",Monin,,"","",true,Pack Size,Shipper,,,,,,,,75206_Shipper,0.0,shopify,0,deny,manual,95.57,,true,true,,,,,,https://cdn.shopify.com/s/files/1/0668/0861/1129/products/75206_Monin_Strawberry_Puree.png?v=1754023273,1,"",false,,,,,,,,,,,,,,,,,,,,kg,,,active
monin-salted-caramel-syrup-700ml-x-6ct,Monin Salted Caramel Syrup 700ml x 6ct,"",Monin,,"","",true,Pack Size,Shipper,,,,,,,,75147_Shipper,0.0,shopify,0,deny,manual,108.77,,true,true,,,,,,https://cdn.shopify.com/s/files/1/0668/0861/1129/products/75147_Monin_Salted_Caramel_Syrup.png?v=1754023274,1,"",false,,,,,,,,,,,,,,,,,,,,kg,,,active
monin-rose-syrup-700ml-x-6ct,Monin Rose Syrup 700ml x 6ct,"",Monin,,"","",true,Pack Size,Shipper,,,,,,,,75084_Shipper,0.0,shopify,0,deny,manual,108.77,,true,true,,,,,,https://cdn.shopify.com/s/files/1/0668/0861/1129/products/75084_Monin_Rose.jpg?v=1754023274,1,"",false,,,,,,,,,,,,,,,,,,,,kg,,,active
monin-popcorn-syrup-700ml-x-6ct,Monin Popcorn Syrup 700ml x 6ct,"",Monin,,"","",true,Pack Size,Shipper,,,,,,,,75115_Shipper,0.0,shopify,0,deny,manual,108.77,,true,true,,,,,,https://cdn.shopify.com/s/files/1/0668/0861/1129/products/75115_Monin_Popcorn_syrup.png?v=1754023275,1,"",false,,,,,,,,,,,,,,,,,,,,kg,,,active
monin-pineapple-syrup-700ml-x-6ct,Monin Pineapple Syrup 700ml x 6ct,"",Monin,,"","",true,Pack Size,Shipper,,,,,,,,75081_Shipper,0.0,shopify,0,deny,manual,108.77,,true,true,,,,,,https://cdn.shopify.com/s/files/1/0668/0861/1129/products/75081_Monin_Pineapple.jpg?v=1754023276,1,"",false,,,,,,,,,,,,,,,,,,,,kg,,,active
monin-passionfruit-syrup-700ml-x-6ct,Monin Passionfruit Syrup 700ml x 6ct,"",Monin,,"","",true,Pack Size,Shipper,,,,,,,,75088_Shipper,0.0,shopify,0,deny,manual,108.77,,true,true,,,,,,https://cdn.shopify.com/s/files/1/0668/0861/1129/products/75088_Monin_Passionfruit.jpg?v=1754023277,1,"",false,,,,,,,,,,,,,,,,,,,,kg,,,active
monin-lychee-fruit-puree-1l-x-4ct,Monin Lychee Fruit Puree 1L x 4ct,"",Monin,,"","",true,Pack Size,Shipper,,,,,,,,75208_Shipper,0.0,shopify,0,deny,manual,91.05,,true,true,,,,,,https://cdn.shopify.com/s/files/1/0668/0861/1129/products/75208_Monin_Lychee_Mix.jpg?v=1754023277,1,"",false,,,,,,,,,,,,,,,,,,,,kg,,,active
monin-honeycomb-syrup-700ml-x-6ct,Monin Honeycomb Syrup 700ml x 6ct,"",Monin,,"","",true,Pack Size,Shipper,,,,,,,,75365_Shipper,0.0,shopify,0,deny,manual,108.77,,true,true,,,,,,https://cdn.shopify.com/s/files/1/0668/0861/1129/products/75365_Monin_Honeycomb_Syrup_700ml.jpg?v=1754023278,1,"",false,,,,,,,,,,,,,,,,,,,,kg,,,active
monin-green-mint-syrup-700ml-x-6ct,Monin Green Mint Syrup 700ml x 6ct,"",Monin,,"","",true,Pack Size,Shipper,,,,,,,,75137_Shipper,0.0,shopify,0,deny,manual,108.77,,true,true,,,,,,https://cdn.shopify.com/s/files/1/0668/0861/1129/products/75137_Monin_Green_Mint.jpg?v=1754023279,1,"",false,,,,,,,,,,,,,,,,,,,,kg,,,active
monin-green-apple-syrup-700ml-x-6ct,Monin Green Apple Syrup 700ml x 6ct,"",Monin,,"","",true,Pack Size,Shipper,,,,,,,,75062_Shipper,0.0,shopify,0,deny,manual,108.77,,true,true,,,,,,https://cdn.shopify.com/s/files/1/0668/0861/1129/products/75062_Monin_Green_Apple.jpg?v=1754023279,1,"",false,,,,,,,,,,,,,,,,,,,,kg,,,active
monin-fallernum-syrup-700ml-x-6ct,Monin Fallernum Syrup 700ml x 6ct,"",Monin,,"","",true,Pack Size,Shipper,,,,,,,,75163_Shipper,0.0,shopify,0,deny,manual,108.77,,true,true,,,,,,https://cdn.shopify.com/s/files/1/0668/0861/1129/products/75163_Monin_Falernum.jpg?v=1754023280,1,"",false,,,,,,,,,,,,,,,,,,,,kg,,,active
monin-coconut-syrup-700ml-x-6ct,Monin Coconut Syrup 700ml x 6ct,"",Monin,,"","",true,Pack Size,Shipper,,,,,,,,75128_Shipper,0.0,shopify,0,deny,manual,108.77,,true,true,,,,,,https://cdn.shopify.com/s/files/1/0668/0861/1129/products/75128_Monin_Coconut.jpg?v=1754023281,1,"",false,,,,,,,,,,,,,,,,,,,,kg,,,active
monin-caramel-syrup-1l,Monin Caramel Syrup 1L x 4ct,"",Monin,,"","",true,Pack Size,Shipper,,,,,,,,75192_Shipper,0.0,shopify,0,deny,manual,55.44,,true,true,,,,,,https://cdn.shopify.com/s/files/1/0668/0861/1129/products/75192_Monin_Caramel_Sauce.png?v=1754023282,1,"",false,,,,,,,,,,,,,,,,,,,,kg,,,active
monin-butterfly-pea-flower-syrup-700ml-x-6ct,Monin Butterfly Pea Flower Syrup 700ml x 6ct,"",Monin,,"","",true,Pack Size,Shipper,,,,,,,,75229_Shipper,0.0,shopify,0,deny,manual,130.94,,true,true,,,,,,https://cdn.shopify.com/s/files/1/0668/0861/1129/products/75229_Monin_Butterfly_Pea.jpg?v=1754023282,1,"",false,,,,,,,,,,,,,,,,,,,,kg,,,active
monin-blue-curacao-syrup-700ml-x-6ct,Monin Blue Curacao Syrup 700ml x 6ct,"",Monin,,"","",true,Pack Size,Shipper,,,,,,,,75130_Shipper,0.0,shopify,0,deny,manual,108.77,,true,true,,,,,,https://cdn.shopify.com/s/files/1/0668/0861/1129/products/75130_Monin_Blue_Curacao.jpg?v=1754023283,1,"",false,,,,,,,,,,,,,,,,,,,,kg,,,active
monin-almond-syrup-700ml-x-6ct,Monin Almond Syrup 700ml x 6ct,"",Monin,,"","",true,Pack Size,Shipper,,,,,,,,75050_Shipper,0.0,shopify,0,deny,manual,108.77,,true,true,,,,,,https://cdn.shopify.com/s/files/1/0668/0861/1129/products/75050_Monin_Almond.jpg?v=1754023284,1,"",false,,,,,,,,,,,,,,,,,,,,kg,,,active
monin-agave-syrup-1l-x-4ct,Monin Agave Syrup 700ml x 6ct,"",Monin,,"","",true,Pack Size,Shipper,,,,,,,,75167_Shipper,0.0,shopify,0,deny,manual,151.73,,true,true,,,,,,https://cdn.shopify.com/s/files/1/0668/0861/1129/products/75167_Monin_Agave.jpg?v=1754023285,1,"",false,,,,,,,,,,,,,,,,,,,,kg,,,active
m-ms-49g-milk-chocolate,MMs 49g Milk Choc x 12ct,"",Mars,Uncategorized,"","hide-shipper, M&M Bags, Mars Single Bars, Night n Day Misc",true,Pack Size,Outer,,,,,,,,278239_Outer,0.0,shopify,51,deny,manual,18.75,,true,true,,,,,,https://cdn.shopify.com/s/files/1/0668/0861/1129/products/278239_MM_MILKCHOC_49.jpg?v=1754023285,1,"",false,,,,,,,,,,,,,,,,,,,,kg,,,active
m-ms-49g-milk-chocolate,,,,,,,,,Shipper (16 Outer),,,,,,,,278239_Shipper,0.0,shopify,3,deny,manual,300.00,,true,true,,,,,,,,,,,,,,,,,,,,,,,,,,,,,kg,,,
m-ms-46g-peanut,MMs 46g Peanut x 12ct,"",Mars,Uncategorized,"","hide-shipper, M&M Bags, Mars Single Bars, Night n Day Misc",true,Pack Size,Outer,,,,,,,,278241_Outer,0.0,shopify,98,deny,manual,18.75,,true,true,,,,,,https://cdn.shopify.com/s/files/1/0668/0861/1129/products/278241_MM_PEANUT_46.jpg?v=1754023286,1,"",false,,,,,,,,,,,,,,,,,,,,kg,,,active
m-ms-46g-peanut,,,,,,,,,Shipper (16 Outer),,,,,,,,278241_Shipper,0.0,shopify,6,deny,manual,300.00,,true,true,,,,,,,,,,,,,,,,,,,,,,,,,,,,,kg,,,
m-ms-35g-mini-tubes,MMs 35g Minis Tubes x 24ct,"",Mars,Uncategorized,"","hide-shipper, Kingpin Queenstown, M&M Bags, Mars Single Bars, Night n Day Misc, Xtreme Wairau",true,Pack Size,Outer,,,,,,,,363604_Outer,0.0,shopify,88,deny,manual,37.60,,true,true,,,,,,https://cdn.shopify.com/s/files/1/0668/0861/1129/products/363604_MM_Mini_Tube.jpg?v=1754023287,1,"",false,,,,,,,,,,,,,,,,,,,,kg,,,active
m-ms-35g-mini-tubes,,,,,,,,,Shipper (12 Outer),,,,,,,,363604_Shipper,0.0,shopify,7,deny,manual,451.20,,true,true,,,,,,,,,,,,,,,,,,,,,,,,,,,,,kg,,,
m-ms-2kg,MMs 2kg,<p>5 bags per shipper</p>,Mars,Uncategorized,"",2kg,true,Pack Size,Outer,,,,,,,,MM-2KG_Outer,0.0,shopify,12,deny,manual,44.75,,true,true,,,,,,https://cdn.shopify.com/s/files/1/0668/0861/1129/products/MM-2KG_MM_bulk.jpg?v=1754023288,1,"",false,,,,,,,,,,,,,,,,,,,,kg,,,active
m-ms-2kg,,,,,,,,,Shipper (5 Outer),,,,,,,,MM-2KG_Shipper,0.0,shopify,2,deny,manual,223.75,,true,true,,,,,,,,,,,,,,,,,,,,,,,,,,,,,kg,,,
m-m-buckets-milk-chocolate-710g,MMs Milk Chocolate Bucket 640g x 6ct,<p>6 buckets per shipper</p>,Mars,Uncategorized,"","",true,Pack Size,Shipper,,,,,,,,364197_Shipper,0.0,shopify,0,deny,manual,103.62,,true,true,,,,,,https://cdn.shopify.com/s/files/1/0668/0861/1129/products/364197_MM_Milk_Chocolate_Bucket.jpg?v=1754023288,1,"",false,,,,,,,,,,,,,,,,,,,,kg,,,active
mini-gumball-machine-40g,Lolliland Gumball Machine 40g x 6ct,"",Lolliland,,"","Gum, Novelty",true,Pack Size,Outer,,,,,,,,37794_Outer,0.0,shopify,0,deny,manual,11.50,,true,true,,,,,,https://cdn.shopify.com/s/files/1/0668/0861/1129/products/GS239_Zed_mini_gumball_machine.jpg?v=1754023289,1,"",false,,,,,,,,,,,,,,,,,,,,kg,,,active
mini-gumball-machine-40g,,,,,,,,,Shipper (4 Outer),,,,,,,,37794_Shipper,0.0,shopify,0,deny,manual,46.00,,true,true,,,,,,,,,,,,,,,,,,,,,,,,,,,,,kg,,,
mentos-roll-spearmint-37-5g,Mentos Roll Spearmint 37.5g x 40ct,"",Mentos,,"",Night n Day Misc,true,Pack Size,Outer,,,,,,,,100518356_Outer,0.0,shopify,44,deny,manual,47.33,,true,true,,,,,,https://cdn.shopify.com/s/files/1/0668/0861/1129/products/100518356_MENTOS_SPEARMINT.jpg?v=1754023290,1,"",false,,,,,,,,,,,,,,,,,,,,kg,,,active
mentos-roll-spearmint-37-5g,,,,,,,,,Shipper (8 Outer),,,,,,,,100518356_Shipper,0.0,shopify,5,deny,manual,378.64,,true,true,,,,,,,,,,,,,,,,,,,,,,,,,,,,,kg,,,
mentos-roll-rainbow-37-5g,Mentos Roll Rainbow 37.5g x 40ct,"",Mentos,,"",Night n Day Misc,true,Pack Size,Outer,,,,,,,,100519053_Outer,0.0,shopify,34,deny,manual,47.33,,true,true,,,,,,https://cdn.shopify.com/s/files/1/0668/0861/1129/products/100519053_Mentos_Roll_Rainbow.jpg?v=1754023291,1,"",false,,,,,,,,,,,,,,,,,,,,kg,,,active
mentos-roll-rainbow-37-5g,,,,,,,,,Shipper (8 Outer),,,,,,,,100519053_Shipper,0.0,shopify,4,deny,manual,378.64,,true,true,,,,,,,,,,,,,,,,,,,,,,,,,,,,,kg,,,
mentos-roll-mint-37-5g,Mentos Roll Mint 37.5g x 40ct,"",Mentos,,"",Night n Day Misc,true,Pack Size,Outer,,,,,,,,100517898_Outer,0.0,shopify,34,deny,manual,47.33,,true,true,,,,,,https://cdn.shopify.com/s/files/1/0668/0861/1129/products/100517898_MENTOS_MINT.jpg?v=1754023291,1,"",false,,,,,,,,,,,,,,,,,,,,kg,,,active
mentos-roll-mint-37-5g,,,,,,,,,Shipper (8 Outer),,,,,,,,100517898_Shipper,0.0,shopify,4,deny,manual,378.64,,true,true,,,,,,,,,,,,,,,,,,,,,,,,,,,,,kg,,,
mentos-roll-fruit-37-5g,Mentos Roll Fruit 37.5g x 40ct,"",Mentos,,"",Night n Day Misc,true,Pack Size,Outer,,,,,,,,100517897_Outer,0.0,shopify,23,deny,manual,47.33,,true,true,,,,,,https://cdn.shopify.com/s/files/1/0668/0861/1129/products/100517897_MENTOS_FRUIT.jpg?v=1754023292,1,"",false,,,,,,,,,,,,,,,,,,,,kg,,,active
mentos-roll-fruit-37-5g,,,,,,,,,Shipper (8 Outer),,,,,,,,100517897_Shipper,0.0,shopify,2,deny,manual,378.64,,true,true,,,,,,,,,,,,,,,,,,,,,,,,,,,,,kg,,,
mayceys-smiley-bags-35g-tinkerjels,Mayceys 35g Smiley Tinkerjels x 24ct,"",Mayceys,,"","",true,Pack Size,Outer,,,,,,,,STJ35_Outer,0.0,shopify,15,deny,manual,15.05,,true,true,,,,,,https://cdn.shopify.com/s/files/1/0668/0861/1129/products/STJ35_Smiley_Tinkerjels.jpg?v=1754023293,1,"",false,,,,,,,,,,,,,,,,,,,,kg,,,active
mayceys-smiley-bags-35g-tinkerjels,,,,,,,,,Shipper (12 Outer),,,,,,,,STJ35_Shipper,0.0,shopify,1,deny,manual,180.60,,true,true,,,,,,,,,,,,,,,,,,,,,,,,,,,,,kg,,,
mayceys-smiley-bags-35g-pink-smokers,Mayceys 35g Smiley Pink Smoker x 24ct,"",Mayceys,,"","",true,Pack Size,Outer,,,,,,,,SPS35_Outer,0.0,shopify,25,deny,manual,15.05,,true,true,,,,,,https://cdn.shopify.com/s/files/1/0668/0861/1129/products/SPS35_Smiley_Pink_Smokers_35g.jpg?v=1754023294,1,"",false,,,,,,,,,,,,,,,,,,,,kg,,,active
mayceys-smiley-bags-35g-pink-smokers,,,,,,,,,Shipper (12 Outer),,,,,,,,SPS35_Shipper,0.0,shopify,2,deny,manual,180.60,,true,true,,,,,,,,,,,,,,,,,,,,,,,,,,,,,kg,,,
mayceys-smiley-bags-35g-jelly-beans,Mayceys 35g Smiley Jelly Beans x24ct,"",Mayceys,,"","",true,Pack Size,Outer,,,,,,,,SBNS35_Outer,0.0,shopify,25,deny,manual,15.05,,true,true,,,,,,https://cdn.shopify.com/s/files/1/0668/0861/1129/products/SBNS35_Smiley_Jelly_Beans.jpg?v=1754023295,1,"",false,,,,,,,,,,,,,,,,,,,,kg,,,active
mayceys-smiley-bags-35g-jelly-beans,,,,,,,,,Shipper (12 Outer),,,,,,,,SBNS35_Shipper,0.0,shopify,2,deny,manual,180.60,,true,true,,,,,,,,,,,,,,,,,,,,,,,,,,,,,kg,,,
mayceys-smiley-bags-35g-jelly-babes,Mayceys 35g Smiley Jelly Babes  x 24ct,"",Mayceys,,"","",true,Pack Size,Outer,,,,,,,,SJB35_Outer,0.0,shopify,19,deny,manual,15.05,,true,true,,,,,,https://cdn.shopify.com/s/files/1/0668/0861/1129/products/SJB35_Smiley_Jelly_Babes.jpg?v=1754023296,1,"",false,,,,,,,,,,,,,,,,,,,,kg,,,active
mayceys-smiley-bags-35g-jelly-babes,,,,,,,,,Shipper (12 Outer),,,,,,,,SJB35_Shipper,0.0,shopify,1,deny,manual,180.60,,true,true,,,,,,,,,,,,,,,,,,,,,,,,,,,,,kg,,,
mayceys-smiley-bags-35g-gloharts,Mayceys 35g Smiley Gloharts x 24ct,"",Mayceys,,"","",true,Pack Size,Outer,,,,,,,,SGLO35_Outer,0.0,shopify,28,deny,manual,15.05,,true,true,,,,,,https://cdn.shopify.com/s/files/1/0668/0861/1129/products/SGLO35_Smiley_Gloharts.jpg?v=1754023296,1,"",false,,,,,,,,,,,,,,,,,,,,kg,,,active
mayceys-smiley-bags-35g-gloharts,,,,,,,,,Shipper (12 Outer),,,,,,,,SGLO35_Shipper,0.0,shopify,2,deny,manual,180.60,,true,true,,,,,,,,,,,,,,,,,,,,,,,,,,,,,kg,,,
mayceys-smiley-bags-35g-dolly-mixture,Mayceys 35g Smiley Dolly Mixture x 24ct,"",Mayceys,,"","",true,Pack Size,Outer,,,,,,,,SDM35_Outer,0.0,shopify,0,deny,manual,15.05,,true,true,,,,,,https://cdn.shopify.com/s/files/1/0668/0861/1129/products/SDM35_Smiley_Dolly_Mix.jpg?v=1754023297,1,"",false,,,,,,,,,,,,,,,,,,,,kg,,,active
mayceys-smiley-bags-35g-dolly-mixture,,,,,,,,,Shipper (12 Outer),,,,,,,,SDM35_Shipper,0.0,shopify,0,deny,manual,180.60,,true,true,,,,,,,,,,,,,,,,,,,,,,,,,,,,,kg,,,
mayceys-smiley-bags-35g-blackcurrant-raspberry-jubes,Mayceys 35g Smiley Blackcurrant Raspberry Jubes x 24ct,"",Mayceys,,"","",true,Pack Size,Outer,,,,,,,,SBCR35_Outer,0.0,shopify,24,deny,manual,15.05,,true,true,,,,,,https://cdn.shopify.com/s/files/1/0668/0861/1129/products/SBCR35_Smiley_Blackcurrant_and_Raspberry.jpg?v=1754023298,1,"",false,,,,,,,,,,,,,,,,,,,,kg,,,active
mayceys-smiley-bags-35g-blackcurrant-raspberry-jubes,,,,,,,,,Shipper (12 Outer),,,,,,,,SBCR35_Shipper,0.0,shopify,2,deny,manual,180.60,,true,true,,,,,,,,,,,,,,,,,,,,,,,,,,,,,kg,,,
mayceys-smiley-bags-35g-banana-dots,Mayceys 35g Smiley Banana Dots x 24ct,"",Mayceys,,"","",true,Pack Size,Outer,,,,,,,,SBD35_Outer,0.0,shopify,0,deny,manual,15.05,,true,true,,,,,,https://cdn.shopify.com/s/files/1/0668/0861/1129/products/SBD35_Smiley_Banana_Dots.jpg?v=1754023299,1,"",false,,,,,,,,,,,,,,,,,,,,kg,,,active
mayceys-smiley-bags-35g-banana-dots,,,,,,,,,Shipper (12 Outer),,,,,,,,SBD35_Shipper,0.0,shopify,0,deny,manual,180.60,,true,true,,,,,,,,,,,,,,,,,,,,,,,,,,,,,kg,,,
mayceys-pink-smokers,Mayceys Pink Smokers Small 5Kg,"",Mayceys,,"","",true,Pack Size,Shipper,,,,,,,,TPS5K_Shipper,0.0,shopify,0,deny,manual,42.60,,true,true,,,,,,https://cdn.shopify.com/s/files/1/0668/0861/1129/files/TPS5KPINKSMOKERSBULK.jpg?v=1754023299,1,"",false,,,,,,,,,,,,,,,,,,,,kg,,,active
mayceys-mega-gums,Mayceys 15c Mega Gums approx 140ct,"",Mayceys,,"","",true,Pack Size,Outer,,,,,,,,SMG_Outer,0.0,shopify,18,deny,manual,15.50,,true,true,,,,,,https://cdn.shopify.com/s/files/1/0668/0861/1129/products/SMG_MEGA_GUMS.jpg?v=1754023300,1,"",false,,,,,,,,,,,,,,,,,,,,kg,,,active
mayceys-mega-gums,,,,,,,,,Shipper (12 Outer),,,,,,,,SMG_Shipper,0.0,shopify,1,deny,manual,186.00,,true,true,,,,,,,,,,,,,,,,,,,,,,,,,,,,,kg,,,
mayceys-killer-crocs,Mayceys 80c Killer Croc x 50ct,"",Mayceys,,"","",true,Pack Size,Outer,,,,,,,,SKC6_Outer,0.0,shopify,20,deny,manual,29.55,,true,true,,,,,,https://cdn.shopify.com/s/files/1/0668/0861/1129/products/SKC6_Killer_Crocodile.jpg?v=1754023301,1,"",false,,,,,,,,,,,,,,,,,,,,kg,,,active
mayceys-killer-crocs,,,,,,,,,Shipper (6 Outer),,,,,,,,SKC6_Shipper,0.0,shopify,3,deny,manual,177.30,,true,true,,,,,,,,,,,,,,,,,,,,,,,,,,,,,kg,,,
mayceys-handy-bags-90g-classic-mints,Mayceys Handy Bag 90g Classic Mints x 10ct,"",Mayceys,,"","",true,Pack Size,Outer,,,,,,,,HCM90_Outer,0.0,shopify,19,deny,manual,13.85,,true,true,,,,,,https://cdn.shopify.com/s/files/1/0668/0861/1129/products/HCM90_Handy_Classic_Mints.jpg?v=1754023302,1,"",false,,,,,,,,,,,,,,,,,,,,kg,,,active
mayceys-handy-bags-90g-classic-mints,,,,,,,,,Shipper (12 Outer),,,,,,,,HCM90_Shipper,0.0,shopify,1,deny,manual,166.20,,true,true,,,,,,,,,,,,,,,,,,,,,,,,,,,,,kg,,,
mayceys-handy-bags-100g-blackballs,Mayceys Handy Bag 100g Blackballs x 10ct,"",Mayceys,,"","",true,Pack Size,Outer,,,,,,,,HBB100_Outer,0.0,shopify,10,deny,manual,13.85,,true,true,,,,,,https://cdn.shopify.com/s/files/1/0668/0861/1129/products/HBB100_Handy_Blackballs.jpg?v=1754023302,1,"",false,,,,,,,,,,,,,,,,,,,,kg,,,active
mayceys-handy-bags-100g-blackballs,,,,,,,,,Shipper (12 Outer),,,,,,,,HBB100_Shipper,0.0,shopify,0,deny,manual,166.20,,true,true,,,,,,,,,,,,,,,,,,,,,,,,,,,,,kg,,,
mayceys-handy-bags-100g-beauti-fruities,Mayceys Handy Bag 100g Beauti Fruities x 10ct,"",Mayceys,,"","",true,Pack Size,Outer,,,,,,,,HBF100_Outer,0.0,shopify,4,deny,manual,13.85,,true,true,,,,,,https://cdn.shopify.com/s/files/1/0668/0861/1129/products/HBF100_Handy_Beauti_Fruities.jpg?v=1754023303,1,"",false,,,,,,,,,,,,,,,,,,,,kg,,,active
mayceys-handy-bags-100g-beauti-fruities,,,,,,,,,Shipper (12 Outer),,,,,,,,HBF100_Shipper,0.0,shopify,0,deny,manual,166.20,,true,true,,,,,,,,,,,,,,,,,,,,,,,,,,,,,kg,,,
mayceys-handy-bag-jersey-creme-caramels,Mayceys Handy Bag 85g Jersey Creme Caramels x 10ct,"",Mayceys,,"","",true,Pack Size,Outer,,,,,,,,HJCC85_Outer,0.0,shopify,0,deny,manual,13.85,,true,true,,,,,,https://cdn.shopify.com/s/files/1/0668/0861/1129/products/HJCC85_Handy_Jersey_Creme_Caramels.jpg?v=1754023304,1,"",false,,,,,,,,,,,,,,,,,,,,kg,,,active
mayceys-handy-bag-jersey-creme-caramels,,,,,,,,,Shipper (12 Outer),,,,,,,,HJCC85_Shipper,0.0,shopify,0,deny,manual,166.20,,true,true,,,,,,,,,,,,,,,,,,,,,,,,,,,,,kg,,,
mayceys-handy-bag-95g-pink-smokers,Mayceys Handy Bag 95g Pink Smokers x 10ct,"",Mayceys,,"","",true,Pack Size,Outer,,,,,,,,HPS95_Outer,0.0,shopify,6,deny,manual,13.85,,true,true,,,,,,https://cdn.shopify.com/s/files/1/0668/0861/1129/products/HPS95_Handy_Pink_Smokers_95g.jpg?v=1754023304,1,"",false,,,,,,,,,,,,,,,,,,,,kg,,,active
mayceys-handy-bag-95g-pink-smokers,,,,,,,,,Shipper (12 Outer),,,,,,,,HPS95_Shipper,0.0,shopify,0,deny,manual,166.20,,true,true,,,,,,,,,,,,,,,,,,,,,,,,,,,,,kg,,,
mayceys-handy-bag-95g-gloharts,Mayceys Handy Bag 85g Gloharts x 10ct,"",Mayceys,,"","",true,Pack Size,Outer,,,,,,,,HGLO85_Outer,0.0,shopify,7,deny,manual,13.85,,true,true,,,,,,https://cdn.shopify.com/s/files/1/0668/0861/1129/products/HGLO85_Handy_Gloharts.jpg?v=1754023305,1,"",false,,,,,,,,,,,,,,,,,,,,kg,,,active
mayceys-handy-bag-95g-gloharts,,,,,,,,,Shipper (12 Outer),,,,,,,,HGLO85_Shipper,0.0,shopify,0,deny,manual,166.20,,true,true,,,,,,,,,,,,,,,,,,,,,,,,,,,,,kg,,,
mayceys-handy-bag-95g-fruit-jubes,Mayceys Handy Bag 95g Fruit Jubes x 10ct,"",Mayceys,,"","",true,Pack Size,Outer,,,,,,,,HFJU95_Outer,0.0,shopify,17,deny,manual,13.85,,true,true,,,,,,https://cdn.shopify.com/s/files/1/0668/0861/1129/products/HFJU95_Handy_Fruit_Jubes.jpg?v=1754023306,1,"",false,,,,,,,,,,,,,,,,,,,,kg,,,active
mayceys-handy-bag-95g-fruit-jubes,,,,,,,,,Shipper (12 Outer),,,,,,,,HFJU95_Shipper,0.0,shopify,1,deny,manual,166.20,,true,true,,,,,,,,,,,,,,,,,,,,,,,,,,,,,kg,,,
mayceys-handy-bag-95g-curiously-strong-mints,Mayceys Handy Bag 95g Curiously Strong Mints x 10ct,"",Mayceys,,"","",true,Pack Size,Outer,,,,,,,,HCSM95_Outer,0.0,shopify,14,deny,manual,13.85,,true,true,,,,,,https://cdn.shopify.com/s/files/1/0668/0861/1129/products/HCSM95_Handy_Curiously_Strong_Mints.jpg?v=1754023307,1,"",false,,,,,,,,,,,,,,,,,,,,kg,,,active
mayceys-handy-bag-95g-curiously-strong-mints,,,,,,,,,Shipper (12 Outer),,,,,,,,HCSM95_Shipper,0.0,shopify,1,deny,manual,166.20,,true,true,,,,,,,,,,,,,,,,,,,,,,,,,,,,,kg,,,
mayceys-handy-bag-90g-irish-moss,Mayceys Handy Bag 90g Irish Moss Jubes x 10ct,"",Mayceys,,"","",true,Pack Size,Outer,,,,,,,,HIM90_Outer,0.0,shopify,7,deny,manual,13.85,,true,true,,,,,,https://cdn.shopify.com/s/files/1/0668/0861/1129/products/HIM90_Handy_Irish_Moss_Jubes.jpg?v=1754023308,1,"",false,,,,,,,,,,,,,,,,,,,,kg,,,active
mayceys-handy-bag-90g-irish-moss,,,,,,,,,Shipper (12 Outer),,,,,,,,HIM90_Shipper,0.0,shopify,0,deny,manual,166.20,,true,true,,,,,,,,,,,,,,,,,,,,,,,,,,,,,kg,,,
mayceys-handy-bag-90g-giant-spearmint-leaves,Mayceys Handy Bag 90g Giant Spearmint Leaves x 10ct,"",Mayceys,,"","",true,Pack Size,Outer,,,,,,,,HGSL90_Outer,0.0,shopify,0,deny,manual,13.85,,true,true,,,,,,https://cdn.shopify.com/s/files/1/0668/0861/1129/products/HGSL90_Handy_Giant_Spearmint_Leaves.jpg?v=1754023308,1,"",false,,,,,,,,,,,,,,,,,,,,kg,,,active
mayceys-handy-bag-90g-giant-spearmint-leaves,,,,,,,,,Shipper (12 Outer),,,,,,,,HGSL90_Shipper,0.0,shopify,0,deny,manual,166.20,,true,true,,,,,,,,,,,,,,,,,,,,,,,,,,,,,kg,,,
mayceys-handy-bag-90g-crocodiles,Mayceys Handy Bag 90g Crocodiles x 10ct,"",Mayceys,,"","",true,Pack Size,Outer,,,,,,,,HCR90_Outer,0.0,shopify,24,deny,manual,13.85,,true,true,,,,,,https://cdn.shopify.com/s/files/1/0668/0861/1129/products/HCR90_Handy_Crocodiles.jpg?v=1754023309,1,"",false,,,,,,,,,,,,,,,,,,,,kg,,,active
mayceys-handy-bag-90g-crocodiles,,,,,,,,,Shipper (12 Outer),,,,,,,,HCR90_Shipper,0.0,shopify,2,deny,manual,166.20,,true,true,,,,,,,,,,,,,,,,,,,,,,,,,,,,,kg,,,
mayceys-handy-bag-85g-wine-gums,Mayceys Handy Bag 85g Wine Gums x 10ct,"",Mayceys,,"","",true,Pack Size,Outer,,,,,,,,HWG85_Outer,0.0,shopify,3,deny,manual,13.85,,true,true,,,,,,https://cdn.shopify.com/s/files/1/0668/0861/1129/products/HWG85_Handy_Wine_Gums.jpg?v=1754023310,1,"",false,,,,,,,,,,,,,,,,,,,,kg,,,active
mayceys-handy-bag-85g-wine-gums,,,,,,,,,Shipper (12 Outer),,,,,,,,HWG85_Shipper,0.0,shopify,0,deny,manual,166.20,,true,true,,,,,,,,,,,,,,,,,,,,,,,,,,,,,kg,,,
mayceys-handy-bag-85g-sour-feijoas,Mayceys Handy Bag 85g Sour Feijoas x 10ct,"",Mayceys,,"","",true,Pack Size,Outer,,,,,,,,HFEI85_Outer,0.0,shopify,20,deny,manual,13.85,,true,true,,,,,,https://cdn.shopify.com/s/files/1/0668/0861/1129/products/HFEI85_Handy_Sour_Feijoas.jpg?v=1754023310,1,"",false,,,,,,,,,,,,,,,,,,,,kg,,,active
mayceys-handy-bag-85g-sour-feijoas,,,,,,,,,Shipper (12 Outer),,,,,,,,HFEI85_Shipper,0.0,shopify,1,deny,manual,166.20,,true,true,,,,,,,,,,,,,,,,,,,,,,,,,,,,,kg,,,
mayceys-handy-bag-100g-raspberry-drops,Mayceys Handy Bag 100g Raspberry Drops x 10ct,"",Mayceys,,"","",true,Pack Size,Outer,,,,,,,,HRD100_Outer,0.0,shopify,13,deny,manual,13.85,,true,true,,,,,,https://cdn.shopify.com/s/files/1/0668/0861/1129/products/HRD100_Handy_Raspberry_Drops.jpg?v=1754023311,1,"",false,,,,,,,,,,,,,,,,,,,,kg,,,active
mayceys-handy-bag-100g-raspberry-drops,,,,,,,,,Shipper (12 Outer),,,,,,,,HRD100_Shipper,0.0,shopify,1,deny,manual,166.20,,true,true,,,,,,,,,,,,,,,,,,,,,,,,,,,,,kg,,,
mayceys-giant-spearmint-leaves,Mayceys 15c Giant Spearmint Leaves x 140ct,"",Mayceys,,"","",true,Pack Size,Outer,,,,,,,,SGSL_Outer,0.0,shopify,15,deny,manual,15.50,,true,true,,,,,,https://cdn.shopify.com/s/files/1/0668/0861/1129/products/SGSL_Mayceys_Giant_Spearmint_Leaves.jpg?v=1754023312,1,"",false,,,,,,,,,,,,,,,,,,,,kg,,,active
mayceys-giant-spearmint-leaves,,,,,,,,,Shipper (12 Outer),,,,,,,,SGSL_Shipper,0.0,shopify,1,deny,manual,186.00,,true,true,,,,,,,,,,,,,,,,,,,,,,,,,,,,,kg,,,
mayceys-giant-gloharts,Mayceys 15c Giant Gloharts approx 140ct,"",Mayceys,,"","",true,Pack Size,Outer,,,,,,,,SGGLO_Outer,0.0,shopify,20,deny,manual,15.50,,true,true,,,,,,https://cdn.shopify.com/s/files/1/0668/0861/1129/products/SGGLO_GIANT_GLOHARTS.jpg?v=1754023313,1,"",false,,,,,,,,,,,,,,,,,,,,kg,,,active
mayceys-giant-gloharts,,,,,,,,,Shipper (12 Outer),,,,,,,,SGGLO_Shipper,0.0,shopify,1,deny,manual,186.00,,true,true,,,,,,,,,,,,,,,,,,,,,,,,,,,,,kg,,,
mayceys-crocodiles,Mayceys 15c Crocodiles approx 130ct,"",Mayceys,,"","",true,Pack Size,Outer,,,,,,,,SCROC_Outer,0.0,shopify,12,deny,manual,14.40,,true,true,,,,,,https://cdn.shopify.com/s/files/1/0668/0861/1129/products/CROC_10C_CROCDILES.jpg?v=1754023313,1,"",false,,,,,,,,,,,,,,,,,,,,kg,,,active
mayceys-crocodiles,,,,,,,,,Shipper (12 Outer),,,,,,,,SCROC_Shipper,0.0,shopify,1,deny,manual,172.80,,true,true,,,,,,,,,,,,,,,,,,,,,,,,,,,,,kg,,,
mayceys-classic-mints-1-5kg,Mayceys Classic Mints 1kg,"",Mayceys,,"","1kg, 5kg, Bulk Gummies and Lollies",true,Pack Size,Bag,,,,,,,,PCM1KG_Bag,0.0,shopify,20,deny,manual,19.40,,true,true,,,,,,https://cdn.shopify.com/s/files/1/0668/0861/1129/products/PCM1.5_CLASSIC_MINTS.jpg?v=1754023314,1,"",false,,,,,,,,,,,,,,,,,,,,kg,,,active
mayceys-classic-mints-1-5kg,,,,,,,,,Shipper (14 Bag),,,,,,,,PCM1KG_Shipper,0.0,shopify,1,deny,manual,271.60,,true,true,,,,,,,,,,,,,,,,,,,,,,,,,,,,,kg,,,
mayceys-banana-dots,Mayceys 2c  Banana Dots approx 700ct,"",Mayceys,,"","",true,Pack Size,Outer,,,,,,,,TBD_Outer,0.0,shopify,0,deny,manual,13.60,,true,true,,,,,,https://cdn.shopify.com/s/files/1/0668/0861/1129/products/TBD_BANANA_DOTS.jpg?v=1754023315,1,"",false,,,,,,,,,,,,,,,,,,,,kg,,,active
mayceys-banana-dots,,,,,,,,,Shipper (12 Outer),,,,,,,,TBD_Shipper,0.0,shopify,0,deny,manual,163.20,,true,true,,,,,,,,,,,,,,,,,,,,,,,,,,,,,kg,,,
mayceys-5c-brandy-balls,Mayceys 5c Zip Brandyballs approx 315ct,"",Mayceys,,"","",true,Pack Size,Outer,,,,,,,,BBRB_Outer,0.0,shopify,18,deny,manual,15.20,,true,true,,,,,,https://cdn.shopify.com/s/files/1/0668/0861/1129/products/BBRB_BRANDYBALLS.jpg?v=1754023316,1,"",false,,,,,,,,,,,,,,,,,,,,kg,,,active
mayceys-5c-brandy-balls,,,,,,,,,Shipper (12 Outer),,,,,,,,BBRB_Shipper,0.0,shopify,1,deny,manual,182.40,,true,true,,,,,,,,,,,,,,,,,,,,,,,,,,,,,kg,,,
mayceys-5c-blackballs,Mayceys 5c Zip Blackballs approx 315ct,"",Mayceys,,"","",true,Pack Size,Outer,,,,,,,,BBB_Outer,0.0,shopify,9,deny,manual,15.50,,true,true,,,,,,https://cdn.shopify.com/s/files/1/0668/0861/1129/products/BBB_BLACKBALLS_ZIP.jpg?v=1754023316,1,"",false,,,,,,,,,,,,,,,,,,,,kg,,,active
mayceys-5c-blackballs,,,,,,,,,Shipper (12 Outer),,,,,,,,BBB_Shipper,0.0,shopify,0,deny,manual,186.00,,true,true,,,,,,,,,,,,,,,,,,,,,,,,,,,,,kg,,,
mayceys-3-for-20c-wine-gums,Mayceys 3 for 20c Wine Gums approx 275ct,"",Mayceys,,"","",true,Pack Size,Outer,,,,,,,,SWG_Outer,0.0,shopify,14,deny,manual,15.20,,true,true,,,,,,https://cdn.shopify.com/s/files/1/0668/0861/1129/products/SWG_WINE_GUMS_BULK.jpg?v=1754023317,1,"",false,,,,,,,,,,,,,,,,,,,,kg,,,active
mayceys-3-for-20c-wine-gums,,,,,,,,,Shipper (12 Outer),,,,,,,,SWG_Shipper,0.0,shopify,1,deny,manual,182.40,,true,true,,,,,,,,,,,,,,,,,,,,,,,,,,,,,kg,,,
mayceys-3-for-20c-sour-strawberries,Mayceys 3 for 20c Sour Strawberries approx 265ct,"",Mayceys,,"","",true,Pack Size,Outer,,,,,,,,SSOS_Outer,0.0,shopify,5,deny,manual,14.65,,true,true,,,,,,https://cdn.shopify.com/s/files/1/0668/0861/1129/products/SSOS_SOUR_STRAWBERRIES.jpg?v=1754023318,1,"",false,,,,,,,,,,,,,,,,,,,,kg,,,active
mayceys-3-for-20c-sour-strawberries,,,,,,,,,Shipper (12 Outer),,,,,,,,SSOS_Shipper,0.0,shopify,0,deny,manual,175.80,,true,true,,,,,,,,,,,,,,,,,,,,,,,,,,,,,kg,,,
mayceys-3-for-20c-sour-peaches,Mayceys 3 for 20c Sour Peaches approx 265ct,"",Mayceys,,"","",true,Pack Size,Outer,,,,,,,,SSOP_Outer,0.0,shopify,22,deny,manual,14.65,,true,true,,,,,,https://cdn.shopify.com/s/files/1/0668/0861/1129/files/SSOPSOURPEACH.jpg?v=1754023319,1,"",false,,,,,,,,,,,,,,,,,,,,kg,,,active
mayceys-3-for-20c-sour-peaches,,,,,,,,,Shipper (12 Outer),,,,,,,,SSOP_Shipper,0.0,shopify,1,deny,manual,175.80,,true,true,,,,,,,,,,,,,,,,,,,,,,,,,,,,,kg,,,
mayceys-3-for-20c-sour-grapes,Mayceys 3 for 20c Sour Grapes approx 265ct,"",Mayceys,,"","",true,Pack Size,Outer,,,,,,,,SSOG_Outer,0.0,shopify,0,deny,manual,14.65,,true,true,,,,,,https://cdn.shopify.com/s/files/1/0668/0861/1129/files/SSOGSOURGRAPES.jpg?v=1754023319,1,"",false,,,,,,,,,,,,,,,,,,,,kg,,,active
mayceys-3-for-20c-sour-grapes,,,,,,,,,Shipper (12 Outer),,,,,,,,SSOG_Shipper,0.0,shopify,0,deny,manual,175.80,,true,true,,,,,,,,,,,,,,,,,,,,,,,,,,,,,kg,,,
mayceys-3-for-20c-sour-feijoas,Mayceys 3 for 20c Sour Feijoas x 265ct,"",Mayceys,,"","",true,Pack Size,Outer,,,,,,,,SSOF_Outer,0.0,shopify,25,deny,manual,14.65,,true,true,,,,,,https://cdn.shopify.com/s/files/1/0668/0861/1129/files/SSOFMayceysSourFeijoas.jpg?v=1754023320,1,"",false,,,,,,,,,,,,,,,,,,,,kg,,,active
mayceys-3-for-20c-sour-feijoas,,,,,,,,,Shipper (12 Outer),,,,,,,,SSOF_Shipper,0.0,shopify,2,deny,manual,175.80,,true,true,,,,,,,,,,,,,,,,,,,,,,,,,,,,,kg,,,
mayceys-3-for-20c-sour-apples,Mayceys 3 for 20c Sour Apples approx 265ct,"",Mayceys,,"","",true,Pack Size,Outer,,,,,,,,SSOA_Outer,0.0,shopify,13,deny,manual,14.65,,true,true,,,,,,https://cdn.shopify.com/s/files/1/0668/0861/1129/files/SSOASOURAPPLES.jpg?v=1754023321,1,"",false,,,,,,,,,,,,,,,,,,,,kg,,,active
mayceys-3-for-20c-sour-apples,,,,,,,,,Shipper (12 Outer),,,,,,,,SSOA_Shipper,0.0,shopify,1,deny,manual,175.80,,true,true,,,,,,,,,,,,,,,,,,,,,,,,,,,,,kg,,,
mayceys-3-for-20c-raspberry-drops,Mayceys 3 for 20c Zip Raspb Drops approx 275ct,"",Mayceys,,"","",true,Pack Size,Outer,,,,,,,,BRD_Outer,0.0,shopify,14,deny,manual,15.20,,true,true,,,,,,https://cdn.shopify.com/s/files/1/0668/0861/1129/products/BRD__ZIP_RASP_DROPS.jpg?v=1754023322,1,"",false,,,,,,,,,,,,,,,,,,,,kg,,,active
mayceys-3-for-20c-raspberry-drops,,,,,,,,,Shipper (12 Outer),,,,,,,,BRD_Shipper,0.0,shopify,1,deny,manual,182.40,,true,true,,,,,,,,,,,,,,,,,,,,,,,,,,,,,kg,,,
mayceys-3-for-20c-mint-humbugs,Mayceys 3 for 20c Mint Humbugs approx 275ct,"",Mayceys,,"","",true,Pack Size,Outer,,,,,,,,BMH_Outer,0.0,shopify,12,deny,manual,15.20,,true,true,,,,,,https://cdn.shopify.com/s/files/1/0668/0861/1129/products/BMH_MINT_HUMBUGS.jpg?v=1754023322,1,"",false,,,,,,,,,,,,,,,,,,,,kg,,,active
mayceys-3-for-20c-mint-humbugs,,,,,,,,,Shipper (12 Outer),,,,,,,,BMH_Shipper,0.0,shopify,1,deny,manual,182.40,,true,true,,,,,,,,,,,,,,,,,,,,,,,,,,,,,kg,,,
mayceys-3-for-20c-licorice-bonbons,Mayceys 3 for 20c Lic Bonbons approx 275ct,"",Mayceys,"Food, Beverages & Tobacco > Food Items > Candy & Chocolate","","",true,Pack Size,Outer,,,,,,,,BLBB_Outer,0.0,shopify,7,deny,manual,15.20,,true,true,,,,,,https://cdn.shopify.com/s/files/1/0668/0861/1129/products/BLBB_LIC_BON_BONS.jpg?v=1754023323,1,"",false,,,4748,,,,,,,,,,,,,,,,,kg,,,active
mayceys-3-for-20c-licorice-bonbons,,,,,,,,,Shipper (12 Outer),,,,,,,,BLBB_Shipper,0.0,shopify,0,deny,manual,182.40,,true,true,,,,,,,,,,,,,,,,,,,,,,,,,,,,,kg,,,
mayceys-3-for-20c-gloharts,Mayceys 3 for 20c Gloharts approx 280ct,"",Mayceys,,"","",true,Pack Size,Outer,,,,,,,,SGLO_Outer,0.0,shopify,33,deny,manual,15.50,,true,true,,,,,,https://cdn.shopify.com/s/files/1/0668/0861/1129/products/SGLO_SMALL_GLOHARTS.jpg?v=1754023324,1,"",false,,,,,,,,,,,,,,,,,,,,kg,,,active
mayceys-3-for-20c-gloharts,,,,,,,,,Shipper (12 Outer),,,,,,,,SGLO_Shipper,0.0,shopify,2,deny,manual,186.00,,true,true,,,,,,,,,,,,,,,,,,,,,,,,,,,,,kg,,,
mayceys-3-for-20c-fruit-sherbets,Mayceys 3 for 20c Fruit Sherbets approx 300ct,"",Mayceys,,"","",true,Pack Size,Outer,,,,,,,,PFS_Outer,0.0,shopify,5,deny,manual,22.15,,true,true,,,,,,https://cdn.shopify.com/s/files/1/0668/0861/1129/products/FS3_FRUIT_SHERBETS.jpg?v=1754023325,1,"",false,,,,,,,,,,,,,,,,,,,,kg,,,active
mayceys-3-for-20c-fruit-sherbets,,,,,,,,,Shipper (12 Outer),,,,,,,,PFS_Shipper,0.0,shopify,0,deny,manual,265.80,,true,true,,,,,,,,,,,,,,,,,,,,,,,,,,,,,kg,,,
mayceys-3-for-20c-fruit-berrys,Mayceys 3 for 20c Zip Fruit Berrys approx 315ct,"",Mayceys,,"","",true,Pack Size,Outer,,,,,,,,BFB_Outer,0.0,shopify,0,deny,manual,15.20,,true,true,,,,,,https://cdn.shopify.com/s/files/1/0668/0861/1129/products/BFB_ZIP_FRUIT_BERRY.jpg?v=1754023326,1,"",false,,,,,,,,,,,,,,,,,,,,kg,,,active
mayceys-3-for-20c-fruit-berrys,,,,,,,,,Shipper (12 Outer),,,,,,,,BFB_Shipper,0.0,shopify,0,deny,manual,182.40,,true,true,,,,,,,,,,,,,,,,,,,,,,,,,,,,,kg,,,
mayceys-3-for-20c-dominion-mix,Mayceys 3 for 20c Zip Dominion Mix approx 275ct,"",Mayceys,,"","",true,Pack Size,Outer,,,,,,,,BDM_Outer,0.0,shopify,24,deny,manual,15.20,,true,true,,,,,,https://cdn.shopify.com/s/files/1/0668/0861/1129/products/BDM__ZIP_DOMINON_MIX.jpg?v=1754023327,1,"",false,,,,,,,,,,,,,,,,,,,,kg,,,active
mayceys-3-for-20c-dominion-mix,,,,,,,,,Shipper (12 Outer),,,,,,,,BDM_Shipper,0.0,shopify,2,deny,manual,182.40,,true,true,,,,,,,,,,,,,,,,,,,,,,,,,,,,,kg,,,
mayceys-3-for-20c-butterscotch,Mayceys 3 for 20c Zip Butterscotch approx 275ct,"",Mayceys,,"","",true,Pack Size,Outer,,,,,,,,BBSST_Outer,0.0,shopify,13,deny,manual,15.50,,true,true,,,,,,https://cdn.shopify.com/s/files/1/0668/0861/1129/products/BBSST_ZIP_BUTTERSCOTCH.jpg?v=1754023328,1,"",false,,,,,,,,,,,,,,,,,,,,kg,,,active
mayceys-3-for-20c-butterscotch,,,,,,,,,Shipper (12 Outer),,,,,,,,BBSST_Shipper,0.0,shopify,1,deny,manual,186.00,,true,true,,,,,,,,,,,,,,,,,,,,,,,,,,,,,kg,,,
mayceys-3-for-20c-buttermalts,Mayceys 3 for 20c Zip Buttermalts approx 275ct,"",Mayceys,,"","",true,Pack Size,Outer,,,,,,,,ZPBM3_Outer,0.0,shopify,7,deny,manual,15.20,,true,true,,,,,,https://cdn.shopify.com/s/files/1/0668/0861/1129/products/BBM_ZIP_BUTTERMALTS.jpg?v=1754023329,1,"",false,,,,,,,,,,,,,,,,,,,,kg,,,active
mayceys-3-for-20c-buttermalts,,,,,,,,,Shipper (12 Outer),,,,,,,,ZPBM3_Shipper,0.0,shopify,0,deny,manual,182.40,,true,true,,,,,,,,,,,,,,,,,,,,,,,,,,,,,kg,,,
mayceys-3-for-20c-barley-sugars,Mayceys 3 for 20c Zip Barley Sugars approx 275ct,"",Mayceys,,"","",true,Pack Size,Outer,,,,,,,,BBS_Outer,0.0,shopify,11,deny,manual,15.20,,true,true,,,,,,https://cdn.shopify.com/s/files/1/0668/0861/1129/products/BBS__ZIP_BARLEY_SUGAR.jpg?v=1754023330,1,"",false,,,,,,,,,,,,,,,,,,,,kg,,,active
mayceys-3-for-20c-barley-sugars,,,,,,,,,Shipper (12 Outer),,,,,,,,BBS_Shipper,0.0,shopify,0,deny,manual,182.40,,true,true,,,,,,,,,,,,,,,,,,,,,,,,,,,,,kg,,,
mayceys-3-for-20c-acid-drops,Mayceys 3 for 20c Zip Acid Drops approx 275ct,"",Mayceys,,"","",true,Pack Size,Outer,,,,,,,,BAD_Outer,0.0,shopify,24,deny,manual,15.20,,true,true,,,,,,https://cdn.shopify.com/s/files/1/0668/0861/1129/products/BAD_ACID_DROPS.jpg?v=1754023331,1,"",false,,,,,,,,,,,,,,,,,,,,kg,,,active
mayceys-3-for-20c-acid-drops,,,,,,,,,Shipper (12 Outer),,,,,,,,BAD_Shipper,0.0,shopify,2,deny,manual,182.40,,true,true,,,,,,,,,,,,,,,,,,,,,,,,,,,,,kg,,,
magic-hair-candy,Magic Hair Candy x 20ct,"",DutchRusk,,"",Novelty,false,Pack Size,Outer,,,,,,,,101117104_Outer,0.0,shopify,0,deny,manual,18.00,,true,true,,,,,,https://cdn.shopify.com/s/files/1/0668/0861/1129/products/101117104_Magic_Hair_Candy.jpg?v=1754023331,1,"",false,,,,,,,,,,,,,,,,,,,,kg,,,draft
magic-hair-candy,,,,,,,,,Shipper (8 Outer),,,,,,,,101117104_Shipper,0.0,shopify,0,deny,manual,144.00,,true,true,,,,,,,,,,,,,,,,,,,,,,,,,,,,,kg,,,
lotus-biscoff-spread-smooth-x-6ct,Lotus Biscoff Spread - Smooth x 6ct,"",Lotus Biscoff,,"",Lotus Biscoff,true,Pack Size,Shipper,,,,,,,,4289566_Shipper,0.0,shopify,0,deny,manual,56.20,,true,true,,,,,,https://cdn.shopify.com/s/files/1/0668/0861/1129/products/4289566_Lotus_Biscoff_Topping_Smooth.jpg?v=1754023332,1,"",false,,,,,,,,,,,,,,,,,,,,kg,,,active
lotus-biscoff-cookies-x-10ct,Lotus Biscoff Cookies x 10ct,"",Lotus Biscoff,,"",Lotus Biscoff,true,Pack Size,Shipper,,,,,,,,4291960_Shipper,0.0,shopify,0,deny,manual,47.35,,true,true,,,,,,https://cdn.shopify.com/s/files/1/0668/0861/1129/products/4291960_Lotus_Biscoff_cookies.jpg?v=1754023333,1,"",false,,,,,,,,,,,,,,,,,,,,kg,,,active
lik-a-brush-red,Lik A Brush Red Tongue 14g x150ct,<p>6 bags per shipper</p>,DutchRusk,,"","",false,Pack Size,Outer,,,,,,,,IVRL_Outer,0.0,shopify,0,deny,manual,32.40,,true,true,,,,,,https://cdn.shopify.com/s/files/1/0668/0861/1129/products/IVRL_LIK_A_BRUSH_RED_lollipop.jpg?v=1754023333,1,"",false,,,,,,,,,,,,,,,,,,,,kg,,,draft
lik-a-brush-red,,,,,,,,,Shipper (6 Outer),,,,,,,,IVRL_Shipper,0.0,shopify,0,deny,manual,194.40,,true,true,,,,,,,,,,,,,,,,,,,,,,,,,,,,,kg,,,
light-up-squishy-dinosaur,Toy - Light Up Squishy Dinosaur x 12ct,"",DutchRusk,,"","Novelty, Toys",false,Pack Size,Outer,,,,,,,,651448_Outer,0.0,shopify,0,deny,manual,23.40,,true,true,,,,,,https://cdn.shopify.com/s/files/1/0668/0861/1129/products/651448_Light_Up_Flashing_Dinosaur.jpg?v=1754023335,1,"",false,,,,,,,,,,,,,,,,,,,,kg,,,draft
lighter-case-with-bottle-opener,Lighter Case With Bottle Opener- Metallic  x 12ct,"",DutchRusk,Home & Garden > Smoking Accessories > Cigarette Cases,"",Lighters,true,Pack Size,Outer,,,,,,,,651664_Outer,0.0,shopify,0,deny,manual,52.20,,true,true,,,,,,https://cdn.shopify.com/s/files/1/0668/0861/1129/products/651664_Metallic_Lighter_cases.jpg?v=1754023335,1,"",false,,,6881,,,,,,,,,,,,,,,,,kg,,,active
lighter-case-with-bottle-opener,,,,,,,,,Shipper (12 Outer),,,,,,,,651664_Shipper,0.0,shopify,0,deny,manual,626.40,,true,true,,,,,,,,,,,,,,,,,,,,,,,,,,,,,kg,,,
lighter-case-coloured,Lighter Case - Coloured  x 12ct,"",DutchRusk,Home & Garden > Smoking Accessories > Cigarette Cases,"",Lighters,false,Pack Size,Outer,,,,,,,,616165_Outer,0.0,shopify,0,deny,manual,52.20,,true,true,,,,,,https://cdn.shopify.com/s/files/1/0668/0861/1129/products/616165_Coloured_Lighter_Case.jpg?v=1754023336,1,"",false,,,6881,,,,,,,,,,,,,,,,,kg,,,draft
lighter-case-coloured,,,,,,,,,Shipper (12 Outer),,,,,,,,616165_Shipper,0.0,shopify,0,deny,manual,626.40,,true,true,,,,,,,,,,,,,,,,,,,,,,,,,,,,,kg,,,
large-bags-skittles-200g-fruit,Mars - Skittles 200g Fruit Large x 12ct,<p>12 bags per outer</p>,Mars,"Food, Beverages & Tobacco > Food Items > Candy & Chocolate > Candy","","Family Bags, hide-bag, M&M Bags, New, Night n Day Misc, Skittle Bags, Skittles",true,Pack Size,Bag,,,,,,,,371663_Bag,0.0,shopify,810,deny,manual,4.03,,true,true,,,,,,https://cdn.shopify.com/s/files/1/0668/0861/1129/products/371663_Skittles_Fruit_200g.jpg?v=1754023336,1,"",false,,,4748,,,,,,,,,,,,,,,,,kg,,,active
large-bags-skittles-200g-fruit,,,,,,,,,Shipper (12 Bag),,,,,,,,371663_Shipper,0.0,shopify,67,deny,manual,48.36,,true,true,,,,,,,,,,,,,,,,,,,,,,,,,,,,,kg,,,
large-bags-skittles-190g-sour,Mars - Skittles 190g Sour Large x 12ct,<p>12 bags per outer</p>,Mars,"Food, Beverages & Tobacco > Food Items > Candy & Chocolate > Candy","","Family Bags, hide-bag, M&M Bags, New, Night n Day Misc, Skittle Bags, Skittles",true,Pack Size,Bag,,,,,,,,371664_Bag,0.0,shopify,534,deny,manual,4.03,,true,true,,,,,,https://cdn.shopify.com/s/files/1/0668/0861/1129/products/371664_Skittles_Sour_190g.jpg?v=1754023337,1,"",false,,,4748,,,,,,,,,,,,,,,,,kg,,,active
large-bags-skittles-190g-sour,,,,,,,,,Shipper (12 Bag),,,,,,,,371664_Shipper,0.0,shopify,44,deny,manual,48.36,,true,true,,,,,,,,,,,,,,,,,,,,,,,,,,,,,kg,,,
large-bags-m-ms-peanut-180g,Mars - MMs 180g Peanut x 24ct,<p>24 bags per outer</p>,Mars,"Food, Beverages & Tobacco > Food Items > Candy & Chocolate > Chocolate","","Family Bags, M&M Bags, New, Night n Day Misc, Skittle Bags, Skittles",true,Pack Size,Bag,,,,,,,,347626_Bag,0.0,shopify,958,deny,manual,4.50,,true,true,,,,,,https://cdn.shopify.com/s/files/1/0668/0861/1129/products/347626_MM_PEANUT200.jpg?v=1754023338,1,"",false,,,4748,,,,,,,,,,,,,,,,,kg,,,active
large-bags-m-ms-peanut-180g,,,,,,,,,Shipper (24 Bag),,,,,,,,347626_Shipper,0.0,shopify,39,deny,manual,108.00,,true,true,,,,,,,,,,,,,,,,,,,,,,,,,,,,,kg,,,
large-bags-m-ms-milk-chocolate-180g,Mars - MMs 180g Milk Chocolate x 24ct,<p>24 bags per outer</p>,Mars,"Food, Beverages & Tobacco > Food Items > Candy & Chocolate > Chocolate","","Family Bags, hide-bag, M&M Bags, Night n Day Misc",true,Pack Size,Bag,,,,,,,,347627_Bag,0.0,shopify,1818,deny,manual,4.50,,true,true,,,,,,https://cdn.shopify.com/s/files/1/0668/0861/1129/products/347627_MM_CHOC_180g__2.jpg?v=1754023339,1,"",false,,,4748,,,,,,,,,,,,,,,,,kg,,,active
large-bags-m-ms-milk-chocolate-180g,,,,,,,,,Shipper (24 Bag),,,,,,,,347627_Shipper,0.0,shopify,75,deny,manual,108.00,,true,true,,,,,,,,,,,,,,,,,,,,,,,,,,,,,kg,,,
large-bags-m-ms-crispy-145g,Mars - MMs 145g Crispy x 16ct,<p>16 bags per outer</p>,Mars,"Food, Beverages & Tobacco > Food Items > Candy & Chocolate > Chocolate","","Family Bags, hide-bag, M&M Bags, Night n Day Misc",true,Pack Size,Bag,,,,,,,,415231_Bag,0.0,shopify,854,deny,manual,4.50,,true,true,,,,,,https://cdn.shopify.com/s/files/1/0668/0861/1129/products/328623_MMS_Crispy_145g.jpg?v=1754023340,1,"",false,,,4748,,,,,,,,,,,,,,,,,kg,,,active
large-bags-m-ms-crispy-145g,,,,,,,,,Shipper (16 Bag),,,,,,,,415231_Shipper,0.0,shopify,53,deny,manual,72.00,,true,true,,,,,,,,,,,,,,,,,,,,,,,,,,,,,kg,,,
kurols-85g,Kurols 85g x12ct,"",Mayceys,,"",Health,true,Pack Size,Outer,,,,,,,,KUR85_Outer,0.0,shopify,26,deny,manual,32.65,,true,true,,,,,,https://cdn.shopify.com/s/files/1/0668/0861/1129/products/FGBKUR_Kurols_packet.jpg?v=1754023341,1,"",false,,,,,,,,,,,,,,,,,,,,kg,,,active
kurols-85g,,,,,,,,,Shipper (12 Outer),,,,,,,,KUR85_Shipper,0.0,shopify,2,deny,manual,391.80,,true,true,,,,,,,,,,,,,,,,,,,,,,,,,,,,,kg,,,
kingsize-twix-72g,72g Twix 2 Pak Kingsize  x 20ct,"",Mars,Uncategorized,"","hide-shipper, Mars Share Bar Chocolates",true,Pack Size,Outer,,,,,,,,369815_Outer,0.0,shopify,104,deny,manual,56.30,,true,true,,,,,,https://cdn.shopify.com/s/files/1/0668/0861/1129/products/369815_NEW_TWIX_2pak_72g.jpg?v=1754023342,1,"",false,,,,,,,,,,,,,,,,,,,,kg,,,active
kingsize-twix-72g,,,,,,,,,Shipper (6 Outer),,,,,,,,369815_Shipper,0.0,shopify,17,deny,manual,337.80,,true,true,,,,,,,,,,,,,,,,,,,,,,,,,,,,,kg,,,
kingsize-twirl-caramilk-58g,Cadbury Twin pack 58g Twirl Caramilk 4 pack Kingsize  x 42ct,"",Cadbury,,"",Cadbury Share Bar Chocolates,true,Pack Size,Outer,,,,,,,,4253160_Outer,0.0,shopify,20,deny,manual,102.48,,true,true,,,,,,https://cdn.shopify.com/s/files/1/0668/0861/1129/products/4253160_Cadbury_Twirl_Caramilk_King_Bar_58g_Rewind_axsEbm2.jpg?v=1754023343,1,"",false,,,,,,,,,,,,,,,,,,,,kg,,,active
kingsize-twirl-caramilk-58g,,,,,,,,,Shipper (6 Outer),,,,,,,,4253160_Shipper,0.0,shopify,3,deny,manual,614.88,,true,true,,,,,,,,,,,,,,,,,,,,,,,,,,,,,kg,,,
kingsize-picnic-67g,Cadbury Twin pack Picnic 67g Kingsize  x 25ct,"",Cadbury,,"",Cadbury Share Bar Chocolates,true,Pack Size,Outer,,,,,,,,4035276_Outer,0.0,shopify,52,deny,manual,61.00,,true,true,,,,,,https://cdn.shopify.com/s/files/1/0668/0861/1129/products/4035276_PICNIC_67g_TWIN_PACK.jpg?v=1754023344,1,"",false,,,,,,,,,,,,,,,,,,,,kg,,,active
kingsize-picnic-67g,,,,,,,,,Shipper (4 Outer),,,,,,,,4035276_Shipper,0.0,shopify,13,deny,manual,244.00,,true,true,,,,,,,,,,,,,,,,,,,,,,,,,,,,,kg,,,
kingsize-moro-85g,Cadbury Twin pack Moro Kingsize 85g x 28ct,"",Cadbury,,"",Cadbury Share Bar Chocolates,true,Pack Size,Outer,,,,,,,,621561_Outer,0.0,shopify,106,deny,manual,68.32,,true,true,,,,,,https://cdn.shopify.com/s/files/1/0668/0861/1129/products/621561_MORO_TWINPACK.jpg?v=1754023344,1,"",false,,,,,,,,,,,,,,,,,,,,kg,,,active
kingsize-moro-85g,,,,,,,,,Shipper (4 Outer),,,,,,,,621561_Shipper,0.0,shopify,26,deny,manual,273.28,,true,true,,,,,,,,,,,,,,,,,,,,,,,,,,,,,kg,,,
kingsize-milky-bar-milk-and-cookies-80g,Nestle Milkybar Milk Cookies Kingsize 80g x 24ct,"",Nestle,"Food, Beverages & Tobacco > Food Items > Candy & Chocolate > Chocolate","","Nestle Share Bar Chocolates, Night n Day Misc",true,Pack Size,Outer,,,,,,,,12163224_Outer,0.0,shopify,40,deny,manual,66.00,,true,true,,,,,,https://cdn.shopify.com/s/files/1/0668/0861/1129/products/12163224_MILKY_BAR_KING_COOKIES_AND_CREAM.jpg?v=1754023345,1,"",false,,,4748,,,,,,,,,,,,,,,,,kg,,,active
kingsize-milky-bar-milk-and-cookies-80g,,,,,,,,,Shipper (6 Outer),,,,,,,,12163224_Shipper,0.0,shopify,6,deny,manual,396.00,,true,true,,,,,,,,,,,,,,,,,,,,,,,,,,,,,kg,,,
kingsize-milky-bar-75g,Nestle Milkybar Kingsize 75g x 24ct,"",Nestle,Uncategorized,"","Nestle Share Bar Chocolates, Night n Day Misc",true,Pack Size,Outer,,,,,,,,12124013_Outer,0.0,shopify,61,deny,manual,66.00,,true,true,,,,,,https://cdn.shopify.com/s/files/1/0668/0861/1129/products/12124013_MILKY_BAR_KING_SIZE_PwTL4pJ.jpg?v=1754023346,1,"",false,,,,,,,,,,,,,,,,,,,,kg,,,active
kingsize-kit-kat-chunky-70g,Nestle Kit Kat Chunky Share Bar Kingsize 70g x 24ct,"",Nestle,,"","Nestle Share Bar Chocolates, Night n Day Misc",true,Pack Size,Outer,,,,,,,,12254932_Outer,0.0,shopify,93,deny,manual,66.00,,true,true,,,,,,https://cdn.shopify.com/s/files/1/0668/0861/1129/products/12254932_Kit_Kat_Chunky_Share_Bar.jpg?v=1754023347,1,"",false,,,,,,,,,,,,,,,,,,,,kg,,,active
kingsize-kit-kat-chunky-70g,,,,,,,,,Shipper (6 Outer),,,,,,,,12254932_Shipper,0.0,shopify,15,deny,manual,396.00,,true,true,,,,,,,,,,,,,,,,,,,,,,,,,,,,,kg,,,
kingsize-kit-kat-4-finger-65g,Nestle Kit Kat 4 Finger Kingsize 65g x 24ct,"",Nestle,,"","Nestle Share Bar Chocolates, Night n Day Misc",true,Pack Size,Outer,,,,,,,,109191_Outer,0.0,shopify,73,deny,manual,66.00,,true,true,,,,,,https://cdn.shopify.com/s/files/1/0668/0861/1129/products/109191_KIT_KAT_4_FINGER_KINGSIZE_65g_lLvMn7b.jpg?v=1754023347,1,"",false,,,,,,,,,,,,,,,,,,,,kg,,,active
kingsize-kit-kat-4-finger-65g,,,,,,,,,Shipper (6 Outer),,,,,,,,109191_Shipper,0.0,shopify,12,deny,manual,396.00,,true,true,,,,,,,,,,,,,,,,,,,,,,,,,,,,,kg,,,
kingsize-dairy-milk-75g,Cadbury Twin pack Dairy Milk Kingsize 75g x 42ct,"",Cadbury,Uncategorized,"",Cadbury Share Bar Chocolates,true,Pack Size,Outer,,,,,,,,4228583_Outer,0.0,shopify,31,deny,manual,102.48,,true,true,,,,,,https://cdn.shopify.com/s/files/1/0668/0861/1129/files/4228583CadburyDairyMilkKingsize.jpg?v=1762466142,1,"",false,,,,,,,,,,,,,,,,,,,,kg,,,active
kingsize-dairy-milk-75g,,,,,,,,,Shipper (4 Outer),,,,,,,,4228583_Shipper,0.0,shopify,7,deny,manual,409.92,,true,true,,,,,,,,,,,,,,,,,,,,,,,,,,,,,kg,,,
kingsize-crunchie-80g,Cadbury Twin pack Crunchie Kingsize 80g x 24ct,"",Cadbury,,"",Cadbury Share Bar Chocolates,true,Pack Size,Outer,,,,,,,,960176_Outer,0.0,shopify,159,deny,manual,58.56,,true,true,,,,,,https://cdn.shopify.com/s/files/1/0668/0861/1129/products/960176_CRUNCHIE_TWINPACK.jpg?v=1754023349,1,"",false,,,,,,,,,,,,,,,,,,,,kg,,,active
kingsize-crunchie-80g,,,,,,,,,Shipper (3 Outer),,,,,,,,960176_Shipper,0.0,shopify,53,deny,manual,175.68,,true,true,,,,,,,,,,,,,,,,,,,,,,,,,,,,,kg,,,
kinder-surprise-pink-20g,Kinder Surprise Pink 20g x 24ct,"",Kinder,,"",Novelty,true,Pack Size,Outer,,,,,,,,100703277_Outer,0.0,shopify,34,deny,manual,46.50,,true,true,,,,,,https://cdn.shopify.com/s/files/1/0668/0861/1129/products/100703277_Kinder_Surprise_Pink.jpg?v=1754023350,1,"",false,,,,,,,,,,,,,,,,,,,,kg,,,active
kinder-surprise-pink-20g,,,,,,,,,Shipper (2 Outer),,,,,,,,100703277_Shipper,0.0,shopify,17,deny,manual,93.00,,true,true,,,,,,,,,,,,,,,,,,,,,,,,,,,,,kg,,,
kinder-surprise-blue-20g,Kinder Surprise Blue 20g x 24ct,"",Kinder,Uncategorized,"",Novelty,true,Pack Size,Outer,,,,,,,,100799478_Outer,0.0,shopify,27,deny,manual,46.50,,true,true,,,,,,https://cdn.shopify.com/s/files/1/0668/0861/1129/products/100799478_KInder_Surprise_blue_1.jpg?v=1754023350,1,"",false,,,,,,,,,,,,,,,,,,,,kg,,,active
kinder-surprise-blue-20g,,,,,,,,,Shipper (2 Outer),,,,,,,,100799478_Shipper,0.0,shopify,13,deny,manual,93.00,,true,true,,,,,,,,,,,,,,,,,,,,,,,,,,,,,kg,,,
kinder-surprise-20g-natoons,Kinder Surprise Playmobil 20g x 24ct,"",Kinder,Uncategorized,"",Novelty,true,Pack Size,Outer,,,,,,,,100518406_Outer,0.0,shopify,13,deny,manual,46.50,,true,true,,,,,,https://cdn.shopify.com/s/files/1/0668/0861/1129/files/100518406KinderSurprisePawPatrol.jpg?v=1762378009,1,"",false,,,,,,,,,,,,,,,,,,,,kg,,,active
kinder-surprise-20g-natoons,,,,,,,,,Shipper (2 Outer),,,,,,,,100518406_Shipper,0.0,shopify,6,deny,manual,93.00,,true,true,,,,,,,,,,,,,,,,,,,,,,,,,,,,,kg,,,
kinder-choc-21g,Kinder Choc 21g x 36ct,"",Kinder,,"",Novelty,true,Pack Size,Outer,,,,,,,,100536893_Outer,0.0,shopify,4,deny,manual,32.50,,true,true,,,,,,https://cdn.shopify.com/s/files/1/0668/0861/1129/products/100536893_KINDER_CHOCOLATE_kQDjEHu.jpg?v=1754023352,1,"",false,,,,,,,,,,,,,,,,,,,,kg,,,active
kinder-choc-21g,,,,,,,,,Shipper (8 Outer),,,,,,,,100536893_Shipper,0.0,shopify,0,deny,manual,260.00,,true,true,,,,,,,,,,,,,,,,,,,,,,,,,,,,,kg,,,
kandos-minis-1kg,Kandos Minis 1kg x 333ct,<p>10 bags per shipper</p>,DutchRusk,,"","1kg, Bulk Gummies and Lollies, Novelty",true,Pack Size,Outer,,,,,,,,523_Outer,0.0,shopify,30,deny,manual,24.00,,true,true,,,,,,https://cdn.shopify.com/s/files/1/0668/0861/1129/products/523_KANDOS_MINIS_FjlV9X1.jpg?v=1754023353,1,"",false,,,,,,,,,,,,,,,,,,,,kg,,,active
kandos-minis-1kg,,,,,,,,,Shipper (10 Outer),,,,,,,,523_Shipper,0.0,shopify,3,deny,manual,240.00,,true,true,,,,,,,,,,,,,,,,,,,,,,,,,,,,,kg,,,
jojo-whacky-chews-vanilla-and-strawberry-10g,Whacky Chews Vanilla and Strawberry 10g x 60ct,"",Jojo,,"",Novelty,true,Pack Size,Outer,,,,,,,,100771178_Outer,0.0,shopify,23,deny,manual,6.00,,true,true,,,,,,https://cdn.shopify.com/s/files/1/0668/0861/1129/products/100771178_Whacky_Chews_Vanilla_and_Strawberry.jpg?v=1754023353,1,"",false,,,,,,,,,,,,,,,,,,,,kg,,,active
jojo-whacky-chews-vanilla-and-strawberry-10g,,,,,,,,,Shipper (18 Outer),,,,,,,,100771178_Shipper,0.0,shopify,1,deny,manual,108.00,,true,true,,,,,,,,,,,,,,,,,,,,,,,,,,,,,kg,,,
jojo-whacky-chews-grape-and-blueberry-10g,Whacky Chews Grape and Blueberry 10g x 60ct,"",Jojo,,"",Novelty,true,Pack Size,Outer,,,,,,,,100771320_Outer,0.0,shopify,18,deny,manual,6.00,,true,true,,,,,,https://cdn.shopify.com/s/files/1/0668/0861/1129/products/100771320_Whacky_Chews_Grape_and_Blueberry.jpg?v=1754023354,1,"",false,,,,,,,,,,,,,,,,,,,,kg,,,active
jojo-whacky-chews-grape-and-blueberry-10g,,,,,,,,,Shipper (18 Outer),,,,,,,,100771320_Shipper,0.0,shopify,1,deny,manual,108.00,,true,true,,,,,,,,,,,,,,,,,,,,,,,,,,,,,kg,,,
jojo-whacky-chews-cola-and-raspberry-10g,Whacky Chews Cola and Raspberry 10g x 60ct,"",Jojo,,"",Novelty,true,Pack Size,Outer,,,,,,,,100771321_Outer,0.0,shopify,6,deny,manual,6.00,,true,true,,,,,,https://cdn.shopify.com/s/files/1/0668/0861/1129/products/100771321_Whacky_Chews_Cola_and_Raspberry.jpg?v=1754023355,1,"",false,,,,,,,,,,,,,,,,,,,,kg,,,active
jojo-whacky-chews-cola-and-raspberry-10g,,,,,,,,,Shipper (18 Outer),,,,,,,,100771321_Shipper,0.0,shopify,0,deny,manual,108.00,,true,true,,,,,,,,,,,,,,,,,,,,,,,,,,,,,kg,,,
jojo-whacky-chews-apple-and-orange-10g,Whacky Chews Apple and Orange 10g x 60ct,"",Jojo,,"",Novelty,false,Pack Size,Outer,,,,,,,,100771179_Outer,0.0,shopify,0,deny,manual,6.00,,true,true,,,,,,https://cdn.shopify.com/s/files/1/0668/0861/1129/products/100771179_Whacky_Chews_Apple_and_Orange.jpg?v=1754023355,1,"",false,,,,,,,,,,,,,,,,,,,,kg,,,draft
jojo-whacky-chews-apple-and-orange-10g,,,,,,,,,Shipper (18 Outer),,,,,,,,100771179_Shipper,0.0,shopify,0,deny,manual,108.00,,true,true,,,,,,,,,,,,,,,,,,,,,,,,,,,,,kg,,,
jojo-wacky-rolls-gum-strawberry,Jojo Wacky Rolls Strawberry Gum x 36ct,"",Jojo,,"","Gum, Novelty",true,Pack Size,Outer,,,,,,,,100518968_Outer,0.0,shopify,20,deny,manual,14.30,,true,true,,,,,,https://cdn.shopify.com/s/files/1/0668/0861/1129/products/100518968_Wacky_Tape_Strawberry.jpg?v=1754023356,1,"",false,,,,,,,,,,,,,,,,,,,,kg,,,active
jojo-wacky-rolls-gum-strawberry,,,,,,,,,Shipper (12 Outer),,,,,,,,100518968_Shipper,0.0,shopify,1,deny,manual,171.60,,true,true,,,,,,,,,,,,,,,,,,,,,,,,,,,,,kg,,,
jojo-wacky-rolls-gum-mixed,Jojo Wacky Rolls MIXED Gum x 24ct,"",Jojo,,"","Gum, Novelty",false,Pack Size,Outer,,,,,,,,100999446_Outer,0.0,shopify,0,deny,manual,17.80,,true,true,,,,,,https://cdn.shopify.com/s/files/1/0668/0861/1129/products/100999446_Jojo_Wacky_Tape_Mixed_Gum.jpg?v=1754023357,1,"",false,,,,,,,,,,,,,,,,,,,,kg,,,draft
jojo-wacky-rolls-gum-mixed,,,,,,,,,Shipper (8 Outer),,,,,,,,100999446_Shipper,0.0,shopify,0,deny,manual,142.40,,true,true,,,,,,,,,,,,,,,,,,,,,,,,,,,,,kg,,,
jojo-wacky-rolls-gum-grape,Jojo Wacky Rolls Grape Gum x 36ct,"",Jojo,,"","Gum, Novelty",true,Pack Size,Outer,,,,,,,,100688539_Outer,0.0,shopify,23,deny,manual,14.30,,true,true,,,,,,https://cdn.shopify.com/s/files/1/0668/0861/1129/products/100688539_Whacky_Tape_Grape_15g.jpg?v=1754023358,1,"",false,,,,,,,,,,,,,,,,,,,,kg,,,active
jojo-wacky-rolls-gum-grape,,,,,,,,,Shipper (12 Outer),,,,,,,,100688539_Shipper,0.0,shopify,1,deny,manual,171.60,,true,true,,,,,,,,,,,,,,,,,,,,,,,,,,,,,kg,,,
jojo-wacky-rolls-gum-blueberry,Jojo Wacky Rolls Blueberry Gum x 36ct,"",Jojo,,"","Gum, Novelty",true,Pack Size,Outer,,,,,,,,100518283_Outer,0.0,shopify,11,deny,manual,14.30,,true,true,,,,,,https://cdn.shopify.com/s/files/1/0668/0861/1129/products/100518283_Wacky_Tape_Blueberry.jpg?v=1754023359,1,"",false,,,,,,,,,,,,,,,,,,,,kg,,,active
jojo-wacky-rolls-gum-blueberry,,,,,,,,,Shipper (12 Outer),,,,,,,,100518283_Shipper,0.0,shopify,0,deny,manual,171.60,,true,true,,,,,,,,,,,,,,,,,,,,,,,,,,,,,kg,,,
jojo-wacky-rolls-gum-apple,Jojo Wacky Rolls Apple Gum x 36ct,"",Jojo,,"","Gum, Novelty",true,Pack Size,Outer,,,,,,,,100519314_Outer,0.0,shopify,5,deny,manual,14.30,,true,true,,,,,,https://cdn.shopify.com/s/files/1/0668/0861/1129/products/100519314_Wacky_Rolls_Apple.jpg?v=1754023359,1,"",false,,,,,,,,,,,,,,,,,,,,kg,,,active
jojo-wacky-rolls-gum-apple,,,,,,,,,Shipper (12 Outer),,,,,,,,100519314_Shipper,0.0,shopify,0,deny,manual,171.60,,true,true,,,,,,,,,,,,,,,,,,,,,,,,,,,,,kg,,,
jojo-taffy-rope-watermelon-25g,JoJo Taffy Rope Watermelon 25g x 24ct,"",Jojo,,"",Novelty,true,Pack Size,Outer,,,,,,,,AIT44_Outer,0.0,shopify,0,deny,manual,8.20,,true,true,,,,,,https://cdn.shopify.com/s/files/1/0668/0861/1129/products/Taffy_Rope_Watermelon.jpg?v=1754023360,1,"",false,,,,,,,,,,,,,,,,,,,,kg,,,active
jojo-taffy-rope-watermelon-25g,,,,,,,,,Shipper (12 Outer),,,,,,,,AIT44_Shipper,0.0,shopify,0,deny,manual,98.40,,true,true,,,,,,,,,,,,,,,,,,,,,,,,,,,,,kg,,,
jojo-taffy-rope-strawberry-25g,JoJo Taffy Rope Strawberry 25g x 24ct,"",Jojo,,"",Novelty,true,Pack Size,Outer,,,,,,,,AIT43_Outer,0.0,shopify,0,deny,manual,8.20,,true,true,,,,,,https://cdn.shopify.com/s/files/1/0668/0861/1129/products/Taffy_Rope_Strawberry.jpg?v=1754023361,1,"",false,,,,,,,,,,,,,,,,,,,,kg,,,active
jojo-taffy-rope-strawberry-25g,,,,,,,,,Shipper (12 Outer),,,,,,,,AIT43_Shipper,0.0,shopify,0,deny,manual,98.40,,true,true,,,,,,,,,,,,,,,,,,,,,,,,,,,,,kg,,,
jojo-taffy-rope-assorted-25g,JoJo Taffy Rope Assorted Stripple 25g x 24ct,"",Jojo,,"",Novelty,true,Pack Size,Outer,,,,,,,,101117355_Outer,0.0,shopify,69,deny,manual,8.20,,true,true,,,,,,https://cdn.shopify.com/s/files/1/0668/0861/1129/products/101117355_Jojo_Stripple_Taffy_Rope.jpg?v=1754023361,1,"",false,,,,,,,,,,,,,,,,,,,,kg,,,active
jojo-taffy-rope-assorted-25g,,,,,,,,,Shipper (12 Outer),,,,,,,,101117355_Shipper,0.0,shopify,5,deny,manual,98.40,,true,true,,,,,,,,,,,,,,,,,,,,,,,,,,,,,kg,,,
jojo-sweet-balls-10g,Jojo Sweet Balls 10g x 48ct,"",Jojo,,"",Novelty,true,Pack Size,Outer,,,,,,,,101092624_Outer,0.0,shopify,124,deny,manual,8.55,,true,true,,,,,,https://cdn.shopify.com/s/files/1/0668/0861/1129/products/101092624_Jojo_Sweet_Balls.jpg?v=1754023362,1,"",false,,,,,,,,,,,,,,,,,,,,kg,,,active
jojo-sweet-balls-10g,,,,,,,,,Shipper (12 Outer),,,,,,,,101092624_Shipper,0.0,shopify,10,deny,manual,102.60,,true,true,,,,,,,,,,,,,,,,,,,,,,,,,,,,,kg,,,
jojo-sour-feet-assorted-9g,Jojo Assorted Sour Feet 9g x 24ct,"",Jojo,Uncategorized,"",Novelty,true,Pack Size,Outer,,,,,,,,100702506_Outer,0.0,shopify,0,deny,manual,3.60,,true,true,,,,,,https://cdn.shopify.com/s/files/1/0668/0861/1129/products/100702506_Jojo_Sour_Feet.jpg?v=1754023363,1,"",false,,,,,,,,,,,,,,,,,,,,kg,,,active
jojo-sour-feet-assorted-9g,,,,,,,,,Shipper (12 Outer),,,,,,,,100702506_Shipper,0.0,shopify,0,deny,manual,43.20,,true,true,,,,,,,,,,,,,,,,,,,,,,,,,,,,,kg,,,
jojo-sour-brain-bubble-gum-5g,Jojo Sour Brain Bubble Gum 5g x 175ct,"",Jojo,,"","Gum, Novelty",true,Pack Size,Outer,,,,,,,,100688625_Outer,0.0,shopify,10,deny,manual,13.09,,true,true,,,,,,https://cdn.shopify.com/s/files/1/0668/0861/1129/products/100688625_Sour_Brain_Bubble_Gum.jpg?v=1754023364,1,"",false,,,,,,,,,,,,,,,,,,,,kg,,,active
jojo-sour-brain-bubble-gum-5g,,,,,,,,,Shipper (8 Outer),,,,,,,,100688625_Shipper,0.0,shopify,1,deny,manual,104.72,,true,true,,,,,,,,,,,,,,,,,,,,,,,,,,,,,kg,,,
jojo-sour-bombs-strawberry-30g,Jojo Sour Bombs Strawberry 30g x 12ct,"",Jojo,,"",Novelty,true,Pack Size,Outer,,,,,,,,100630730_Outer,0.0,shopify,69,deny,manual,4.60,,true,true,,,,,,https://cdn.shopify.com/s/files/1/0668/0861/1129/products/100630730_Jojo_Strawberry_Sour_Bombs.jpg?v=1754023365,1,"",false,,,,,,,,,,,,,,,,,,,,kg,,,active
jojo-sour-bombs-strawberry-30g,,,,,,,,,Shipper (12 Outer),,,,,,,,100630730_Shipper,0.0,shopify,5,deny,manual,55.20,,true,true,,,,,,,,,,,,,,,,,,,,,,,,,,,,,kg,,,
jojo-sour-bombs-grape-30g,Jojo Sour Bombs Grape 30g x 12ct,"",Jojo,,"",Novelty,true,Pack Size,Outer,,,,,,,,100630733_Outer,0.0,shopify,105,deny,manual,4.60,,true,true,,,,,,https://cdn.shopify.com/s/files/1/0668/0861/1129/products/100630733_Jojo_Grape_Sour_Bombs.jpg?v=1754023366,1,"",false,,,,,,,,,,,,,,,,,,,,kg,,,active
jojo-sour-bombs-grape-30g,,,,,,,,,Shipper (12 Outer),,,,,,,,100630733_Shipper,0.0,shopify,8,deny,manual,55.20,,true,true,,,,,,,,,,,,,,,,,,,,,,,,,,,,,kg,,,
jojo-sour-bombs-blueberry-30g,Jojo Sour Bombs Blueberry 30g x 12ct,"",Jojo,Uncategorized,"",Novelty,true,Pack Size,Outer,,,,,,,,100630732_Outer,0.0,shopify,72,deny,manual,4.60,,true,true,,,,,,https://cdn.shopify.com/s/files/1/0668/0861/1129/files/100630732JojoSourBlueberryBombs.jpg?v=1756169574,1,"",false,,,,,,,,,,,,,,,,,,,,kg,,,active
jojo-sour-bombs-blueberry-30g,,,,,,,,,Shipper (12 Outer),,,,,,,,100630732_Shipper,0.0,shopify,6,deny,manual,55.20,,true,true,,,,,,,,,,,,,,,,,,,,,,,,,,,,,kg,,,
jojo-sour-bombs-assorted-30g,Jojo Sour Bombs Assorted 30g x 12ct,"",Jojo,,"",Novelty,true,Pack Size,Outer,,,,,,,,100517975_Outer,0.0,shopify,72,deny,manual,4.60,,true,true,,,,,,https://cdn.shopify.com/s/files/1/0668/0861/1129/products/100517975_Jojos_Sour_Assorted_Bombs.jpg?v=1754023369,1,"",false,,,,,,,,,,,,,,,,,,,,kg,,,active
jojo-sour-bombs-assorted-30g,,,,,,,,,Shipper (12 Outer),,,,,,,,100517975_Shipper,0.0,shopify,6,deny,manual,55.20,,true,true,,,,,,,,,,,,,,,,,,,,,,,,,,,,,kg,,,
jojo-sour-bombs-apple-30g,Jojo Sour Bombs Apple 30g x 12ct,"",Jojo,,"",Novelty,true,Pack Size,Outer,,,,,,,,100630731_Outer,0.0,shopify,61,deny,manual,4.60,,true,true,,,,,,https://cdn.shopify.com/s/files/1/0668/0861/1129/products/100630731_Jojo_Sour_Apple_Bombs.jpg?v=1754023370,1,"",false,,,,,,,,,,,,,,,,,,,,kg,,,active
jojo-sour-bombs-apple-30g,,,,,,,,,Shipper (12 Outer),,,,,,,,100630731_Shipper,0.0,shopify,5,deny,manual,55.20,,true,true,,,,,,,,,,,,,,,,,,,,,,,,,,,,,kg,,,
jojo-silly-sherbet-straws-8g,JoJo Silly Sherbet Straws 8g x100ct,"",Jojo,Uncategorized,"","Archie Brothers, Novelty",true,Pack Size,Outer,,,,,,,,101134395_Outer,0.0,shopify,57,deny,manual,14.00,,true,true,,,,,,https://cdn.shopify.com/s/files/1/0668/0861/1129/products/101134395_Jojo_Silly_Straws.jpg?v=1754023372,1,"",false,,,,,,,,,,,,,,,,,,,,kg,,,active
jojo-silly-sherbet-straws-8g,,,,,,,,,Shipper (12 Outer),,,,,,,,101134395_Shipper,0.0,shopify,4,deny,manual,168.00,,true,true,,,,,,,,,,,,,,,,,,,,,,,,,,,,,kg,,,
jojo-pencil-bubble-gum-60g,Jojo Sour Filled Color Pencil Gum 60g x 12ct,"",Jojo,,"","Gum, Novelty",true,Pack Size,Outer,,,,,,,,100703770_Outer,0.0,shopify,32,deny,manual,11.34,,true,true,,,,,,https://cdn.shopify.com/s/files/1/0668/0861/1129/products/100703770_Jojo_Pencils.jpg?v=1754023373,1,"",false,,,,,,,,,,,,,,,,,,,,kg,,,active
jojo-pencil-bubble-gum-60g,,,,,,,,,Shipper (12 Outer),,,,,,,,100703770_Shipper,0.0,shopify,2,deny,manual,136.08,,true,true,,,,,,,,,,,,,,,,,,,,,,,,,,,,,kg,,,
jojo-hazard-strawberry-50g,Jojo Hazard Strawberry 50g x 24ct,"",Jojo,,"",Novelty,true,Pack Size,Outer,,,,,,,,100923162_Outer,0.0,shopify,119,deny,manual,8.90,,true,true,,,,,,https://cdn.shopify.com/s/files/1/0668/0861/1129/products/100923162_Jojo_Hazard_Strawberry.jpg?v=1754023375,1,"",false,,,,,,,,,,,,,,,,,,,,kg,,,active
jojo-hazard-strawberry-50g,,,,,,,,,Shipper (12 Outer),,,,,,,,100923162_Shipper,0.0,shopify,9,deny,manual,106.80,,true,true,,,,,,,,,,,,,,,,,,,,,,,,,,,,,kg,,,
jojo-hazard-grape-50g,Jojo Hazard Grape 50g x 24ct,"",Jojo,,"",Novelty,true,Pack Size,Outer,,,,,,,,100923605_Outer,0.0,shopify,129,deny,manual,8.90,,true,true,,,,,,https://cdn.shopify.com/s/files/1/0668/0861/1129/products/100923605_Jojo_Hazard_Grape.jpg?v=1754023376,1,"",false,,,,,,,,,,,,,,,,,,,,kg,,,active
jojo-hazard-grape-50g,,,,,,,,,Shipper (12 Outer),,,,,,,,100923605_Shipper,0.0,shopify,10,deny,manual,106.80,,true,true,,,,,,,,,,,,,,,,,,,,,,,,,,,,,kg,,,
jojo-gum-fries-15g,Jojo Gum Fries 15g x 24ct,"",Jojo,Uncategorized,"","Gum, Novelty",false,Pack Size,Outer,,,,,,,,101092548_Outer,0.0,shopify,0,deny,manual,5.20,,true,true,,,,,,https://cdn.shopify.com/s/files/1/0668/0861/1129/products/101092548_Jojo_Gum_Fries.jpg?v=1754023377,1,"",false,,,,,,,,,,,,,,,,,,,,kg,,,draft
jojo-gum-fries-15g,,,,,,,,,Shipper (12 Outer),,,,,,,,101092548_Shipper,0.0,shopify,0,deny,manual,62.40,,true,true,,,,,,,,,,,,,,,,,,,,,,,,,,,,,kg,,,
jojo-ghouliez-triple-chew-grape-orange-strawberry-80g,Ghouliez Triple Chew Grape Orange Strawb 80g x 12ct,"",Jojo,,"",Novelty,true,Pack Size,Outer,,,,,,,,100771174_Outer,0.0,shopify,78,deny,manual,11.60,,true,true,,,,,,https://cdn.shopify.com/s/files/1/0668/0861/1129/products/100771174_Ghouliez_Triple_Chew_Grape_Orange_Strawberry.jpg?v=1754023377,1,"",false,,,,,,,,,,,,,,,,,,,,kg,,,active
jojo-ghouliez-triple-chew-grape-orange-strawberry-80g,,,,,,,,,Shipper (12 Outer),,,,,,,,100771174_Shipper,0.0,shopify,6,deny,manual,139.20,,true,true,,,,,,,,,,,,,,,,,,,,,,,,,,,,,kg,,,
jojo-ghouliez-triple-chew-blueberry-cola-lemonade-80g,Ghouliez Triple Chew Blueberry Cola Lemonade 80g x 12ct,"",Jojo,,"",Novelty,true,Pack Size,Outer,,,,,,,,100771175_Outer,0.0,shopify,56,deny,manual,11.60,,true,true,,,,,,https://cdn.shopify.com/s/files/1/0668/0861/1129/products/100771175_Ghouliez_Triple_Chew_Blueberry_Cola_Lemonade.jpg?v=1754023378,1,"",false,,,,,,,,,,,,,,,,,,,,kg,,,active
jojo-ghouliez-triple-chew-blueberry-cola-lemonade-80g,,,,,,,,,Shipper (12 Outer),,,,,,,,100771175_Shipper,0.0,shopify,4,deny,manual,139.20,,true,true,,,,,,,,,,,,,,,,,,,,,,,,,,,,,kg,,,
jojo-ghouliez-sour-chews-28g-strawberry,Ghouliez Sour Chews - Strawberry 28g x 72ct,"",Jojo,Uncategorized,"","Night n Day Misc, Novelty",true,Pack Size,Outer,,,,,,,,101113663_Outer,0.0,shopify,16,deny,manual,26.70,,true,true,,,,,,https://cdn.shopify.com/s/files/1/0668/0861/1129/products/101113663_Ghouliez_Sour_Chews_Strawberry.jpg?v=1754023379,1,"",false,,,,,,,,,,,,,,,,,,,,kg,,,active
jojo-ghouliez-sour-chews-28g-strawberry,,,,,,,,,Shipper (8 Outer),,,,,,,,101113663_Shipper,0.0,shopify,2,deny,manual,213.60,,true,true,,,,,,,,,,,,,,,,,,,,,,,,,,,,,kg,,,
jojo-ghouliez-sour-chews-28g-grape,Ghouliez Sour Chews - Grape 28g x 72ct,"",Jojo,,"","Night n Day Misc, Novelty",true,Pack Size,Outer,,,,,,,,101113662_Outer,0.0,shopify,10,deny,manual,26.70,,true,true,,,,,,https://cdn.shopify.com/s/files/1/0668/0861/1129/products/101113662_Ghouliez_Sour_Chews_Grape.jpg?v=1754023379,1,"",false,,,,,,,,,,,,,,,,,,,,kg,,,active
jojo-ghouliez-sour-chews-28g-grape,,,,,,,,,Shipper (8 Outer),,,,,,,,101113662_Shipper,0.0,shopify,1,deny,manual,213.60,,true,true,,,,,,,,,,,,,,,,,,,,,,,,,,,,,kg,,,
jojo-ghouliez-sour-chews-28g-cola,Ghouliez Sour Chews - Cola 28g x 72ct,"",Jojo,,"","Night n Day Misc, Novelty",true,Pack Size,Outer,,,,,,,,101113661_Outer,0.0,shopify,9,deny,manual,26.70,,true,true,,,,,,https://cdn.shopify.com/s/files/1/0668/0861/1129/products/101113661_Ghouliez_Sour_Chews_Cola.jpg?v=1754023380,1,"",false,,,,,,,,,,,,,,,,,,,,kg,,,active
jojo-ghouliez-sour-chews-28g-cola,,,,,,,,,Shipper (8 Outer),,,,,,,,101113661_Shipper,0.0,shopify,1,deny,manual,213.60,,true,true,,,,,,,,,,,,,,,,,,,,,,,,,,,,,kg,,,
jojo-ghouliez-sour-chews-28g-blueberry,Ghouliez Sour Chews - Blueberry 28g x 72ct,"",Jojo,,"","Night n Day Misc, Novelty",true,Pack Size,Outer,,,,,,,,101113660_Outer,0.0,shopify,14,deny,manual,26.70,,true,true,,,,,,https://cdn.shopify.com/s/files/1/0668/0861/1129/products/101113660_Ghouliez_Sour_Chews_Blueberry.jpg?v=1754023381,1,"",false,,,,,,,,,,,,,,,,,,,,kg,,,active
jojo-ghouliez-sour-chews-28g-blueberry,,,,,,,,,Shipper (8 Outer),,,,,,,,101113660_Shipper,0.0,shopify,1,deny,manual,213.60,,true,true,,,,,,,,,,,,,,,,,,,,,,,,,,,,,kg,,,
jojo-ghouliez-sour-chews-28g-apple,Ghouliez Sour Chews - Apple 28g x 72ct,"",Jojo,,"","Night n Day Misc, Novelty",true,Pack Size,Outer,,,,,,,,101113599_Outer,0.0,shopify,11,deny,manual,26.70,,true,true,,,,,,https://cdn.shopify.com/s/files/1/0668/0861/1129/products/101113599_Ghouliez_Sour_Chews_Apple.jpg?v=1754023382,1,"",false,,,,,,,,,,,,,,,,,,,,kg,,,active
jojo-ghouliez-sour-chews-28g-apple,,,,,,,,,Shipper (8 Outer),,,,,,,,101113599_Shipper,0.0,shopify,1,deny,manual,213.60,,true,true,,,,,,,,,,,,,,,,,,,,,,,,,,,,,kg,,,
jojo-ghouliez-rock-rodz,Ghouliez Rock Rodz x 24ct,"",Jojo,,"",Novelty,true,Pack Size,Outer,,,,,,,,100702507_Outer,0.0,shopify,27,deny,manual,17.90,,true,true,,,,,,https://cdn.shopify.com/s/files/1/0668/0861/1129/products/100702507_Jojo_Ghouliez_Rock_Rodz_Gum_Stick.jpg?v=1754023382,1,"",false,,,,,,,,,,,,,,,,,,,,kg,,,active
jojo-ghouliez-rock-rodz,,,,,,,,,Shipper (8 Outer),,,,,,,,100702507_Shipper,0.0,shopify,3,deny,manual,143.20,,true,true,,,,,,,,,,,,,,,,,,,,,,,,,,,,,kg,,,
jojo-ghouliez-liquid-centre-strawberry-7-5g,Ghouliez Liquid Centre Strawberry 7.5g x 120ct,"",Jojo,,"",Novelty,true,Pack Size,Outer,,,,,,,,100660573_Outer,0.0,shopify,57,deny,manual,8.98,,true,true,,,,,,https://cdn.shopify.com/s/files/1/0668/0861/1129/products/100660573_Ghouliez_Liquid_Centre_Strawberry.jpg?v=1754023383,1,"",false,,,,,,,,,,,,,,,,,,,,kg,,,active
jojo-ghouliez-liquid-centre-strawberry-7-5g,,,,,,,,,Shipper (8 Outer),,,,,,,,100660573_Shipper,0.0,shopify,7,deny,manual,71.84,,true,true,,,,,,,,,,,,,,,,,,,,,,,,,,,,,kg,,,
jojo-ghouliez-liquid-centre-grape-7-5g,Ghouliez Liquid Centre Grape 7.5g x 120ct,"",Jojo,Uncategorized,"",Novelty,true,Pack Size,Outer,,,,,,,,100660572_Outer,0.0,shopify,73,deny,manual,8.98,,true,true,,,,,,https://cdn.shopify.com/s/files/1/0668/0861/1129/products/100660572_Ghouliez_Liquid_Centre_Grape.jpg?v=1754023384,1,"",false,,,,,,,,,,,,,,,,,,,,kg,,,active
jojo-ghouliez-liquid-centre-grape-7-5g,,,,,,,,,Shipper (8 Outer),,,,,,,,100660572_Shipper,0.0,shopify,9,deny,manual,71.84,,true,true,,,,,,,,,,,,,,,,,,,,,,,,,,,,,kg,,,
jojo-ghouliez-liquid-centre-blueberry-7-5g,Ghouliez Liquid Centre Blueberry 7.5g x 120ct,"",Jojo,,"",Novelty,true,Pack Size,Outer,,,,,,,,100660571_Outer,0.0,shopify,47,deny,manual,8.98,,true,true,,,,,,https://cdn.shopify.com/s/files/1/0668/0861/1129/products/100660571_Ghouliez_Liquid_Centre_Blueberry.jpg?v=1754023385,1,"",false,,,,,,,,,,,,,,,,,,,,kg,,,active
jojo-ghouliez-liquid-centre-blueberry-7-5g,,,,,,,,,Shipper (8 Outer),,,,,,,,100660571_Shipper,0.0,shopify,5,deny,manual,71.84,,true,true,,,,,,,,,,,,,,,,,,,,,,,,,,,,,kg,,,
jojo-ghouliez-creepiez-60g,Ghouliez Creepiez 60g x 24ct,"",Jojo,,"",Novelty,true,Pack Size,Outer,,,,,,,,100660497_Outer,0.0,shopify,36,deny,manual,12.95,,true,true,,,,,,https://cdn.shopify.com/s/files/1/0668/0861/1129/products/100660497_Ghouliez_Creepiez.jpg?v=1754023386,1,"",false,,,,,,,,,,,,,,,,,,,,kg,,,active
jojo-ghouliez-creepiez-60g,,,,,,,,,Shipper (12 Outer),,,,,,,,100660497_Shipper,0.0,shopify,3,deny,manual,155.40,,true,true,,,,,,,,,,,,,,,,,,,,,,,,,,,,,kg,,,
jojo-ghouliez-chewy-tape-tutti-fruitti-85g,Ghouliez Chewy Tape Tutti Fruitti 85g x 12ct,"",Jojo,Uncategorized,"",Novelty,true,Pack Size,Outer,,,,,,,,100702560_Outer,0.0,shopify,11,deny,manual,11.55,,true,true,,,,,,https://cdn.shopify.com/s/files/1/0668/0861/1129/products/100702560_Ghouliez_chewy_Tape_Tutti_Fruitti.jpg?v=1754023386,1,"",false,,,,,,,,,,,,,,,,,,,,kg,,,active
jojo-ghouliez-chewy-tape-tutti-fruitti-85g,,,,,,,,,Shipper (12 Outer),,,,,,,,100702560_Shipper,0.0,shopify,0,deny,manual,138.60,,true,true,,,,,,,,,,,,,,,,,,,,,,,,,,,,,kg,,,
jojo-ghouliez-chewy-tape-strawberry-85g,Ghouliez Chewy Tape Strawberry 85g x 12ct,"",Jojo,,"",Novelty,true,Pack Size,Outer,,,,,,,,100660499_Outer,0.0,shopify,62,deny,manual,11.55,,true,true,,,,,,https://cdn.shopify.com/s/files/1/0668/0861/1129/products/100660499_Ghouliez_Chewy_Tape_Strawberry.jpg?v=1754023387,1,"",false,,,,,,,,,,,,,,,,,,,,kg,,,active
jojo-ghouliez-chewy-tape-strawberry-85g,,,,,,,,,Shipper (12 Outer),,,,,,,,100660499_Shipper,0.0,shopify,5,deny,manual,138.60,,true,true,,,,,,,,,,,,,,,,,,,,,,,,,,,,,kg,,,
jojo-ghouliez-chewy-tape-grape-85g,Ghouliez Chewy Tape Grape 85g x 12ct,"",Jojo,,"",Novelty,true,Pack Size,Outer,,,,,,,,100702556_Outer,0.0,shopify,83,deny,manual,11.55,,true,true,,,,,,https://cdn.shopify.com/s/files/1/0668/0861/1129/products/100702556_Ghouliez_Chewy_Tape_Grape.jpg?v=1754023388,1,"",false,,,,,,,,,,,,,,,,,,,,kg,,,active
jojo-ghouliez-chewy-tape-grape-85g,,,,,,,,,Shipper (12 Outer),,,,,,,,100702556_Shipper,0.0,shopify,6,deny,manual,138.60,,true,true,,,,,,,,,,,,,,,,,,,,,,,,,,,,,kg,,,
jojo-ghouliez-chewy-tape-bubblegum-flavour-85g,Ghouliez Chewy Tape Bubblegum 85g x 12ct,"",Jojo,,"",Novelty,true,Pack Size,Outer,,,,,,,,100755927_Outer,0.0,shopify,40,deny,manual,11.55,,true,true,,,,,,https://cdn.shopify.com/s/files/1/0668/0861/1129/products/100755927_Ghouliez_Chewy_Tape_Bubblegum_flavour.jpg?v=1754023389,1,"",false,,,,,,,,,,,,,,,,,,,,kg,,,active
jojo-ghouliez-chewy-tape-bubblegum-flavour-85g,,,,,,,,,Shipper (12 Outer),,,,,,,,100755927_Shipper,0.0,shopify,3,deny,manual,138.60,,true,true,,,,,,,,,,,,,,,,,,,,,,,,,,,,,kg,,,
jojo-ghouliez-chewy-tape-blueberry-85g,Ghouliez Chewy Tape Blueberry 85g x 12ct,"",Jojo,Uncategorized,"",Novelty,true,Pack Size,Outer,,,,,,,,100660570_Outer,0.0,shopify,31,deny,manual,11.55,,true,true,,,,,,https://cdn.shopify.com/s/files/1/0668/0861/1129/products/100660570_Ghouliez_Chewy_Tape_Blueberry.jpg?v=1754023390,1,"",false,,,,,,,,,,,,,,,,,,,,kg,,,active
jojo-ghouliez-chewy-tape-blueberry-85g,,,,,,,,,Shipper (12 Outer),,,,,,,,100660570_Shipper,0.0,shopify,2,deny,manual,138.60,,true,true,,,,,,,,,,,,,,,,,,,,,,,,,,,,,kg,,,
jojo-ghouliez-chewy-tape-apple-85g,Ghouliez Chewy Tape Apple 85g x 12ct,"",Jojo,,"",Novelty,true,Pack Size,Outer,,,,,,,,100660498_Outer,0.0,shopify,43,deny,manual,11.55,,true,true,,,,,,https://cdn.shopify.com/s/files/1/0668/0861/1129/products/100660498_Ghouliez_Chewy_Tape_Apple.jpg?v=1754023391,1,"",false,,,,,,,,,,,,,,,,,,,,kg,,,active
jojo-ghouliez-chewy-tape-apple-85g,,,,,,,,,Shipper (12 Outer),,,,,,,,100660498_Shipper,0.0,shopify,3,deny,manual,138.60,,true,true,,,,,,,,,,,,,,,,,,,,,,,,,,,,,kg,,,
jojo-crayon-bubble-gum-55g,Jojo Crayon Bubble Gum 55g x12ct,"",Jojo,,"","Gum, Novelty",true,Pack Size,Outer,,,,,,,,100519349_Outer,0.0,shopify,0,deny,manual,8.90,,true,true,,,,,,https://cdn.shopify.com/s/files/1/0668/0861/1129/products/100519349_CRAYON_FILLED_GUM.jpg?v=1754023392,1,"",false,,,,,,,,,,,,,,,,,,,,kg,,,active
jojo-crayon-bubble-gum-55g,,,,,,,,,Shipper (12 Outer),,,,,,,,100519349_Shipper,0.0,shopify,0,deny,manual,106.80,,true,true,,,,,,,,,,,,,,,,,,,,,,,,,,,,,kg,,,
jojo-busters-tangy-watermelon-and-strawberry,JoJo Busters Tangy Watermelon & Strawberry x 12ct,"",Jojo,,"",Novelty,true,Pack Size,Outer,,,,,,,,100999441_Outer,0.0,shopify,49,deny,manual,8.90,,true,true,,,,,,https://cdn.shopify.com/s/files/1/0668/0861/1129/products/100999441_Jojo_Tangy_Busters_Watermelon__Strawberry.jpg?v=1754023393,1,"",false,,,,,,,,,,,,,,,,,,,,kg,,,active
jojo-busters-tangy-watermelon-and-strawberry,,,,,,,,,Shipper (12 Outer),,,,,,,,100999441_Shipper,0.0,shopify,4,deny,manual,106.80,,true,true,,,,,,,,,,,,,,,,,,,,,,,,,,,,,kg,,,
jojo-busters-tangy-grape-blueberry,JoJo Busters Tangy Grape & Blueberry x 12ct,"",Jojo,,"",Novelty,true,Pack Size,Outer,,,,,,,,100999440_Outer,0.0,shopify,57,deny,manual,8.90,,true,true,,,,,,https://cdn.shopify.com/s/files/1/0668/0861/1129/products/100999440_Jojo_Tangy_Busters_Grape__Blueberry.jpg?v=1754023393,1,"",false,,,,,,,,,,,,,,,,,,,,kg,,,active
jojo-busters-tangy-grape-blueberry,,,,,,,,,Shipper (12 Outer),,,,,,,,100999440_Shipper,0.0,shopify,4,deny,manual,106.80,,true,true,,,,,,,,,,,,,,,,,,,,,,,,,,,,,kg,,,
jojo-busters-tangy-4-pack-assorted,JoJo Busters Tangy assorted 4 pack x 12ct,"",Jojo,Uncategorized,"",Novelty,true,Pack Size,Outer,,,,,,,,100712346_Outer,0.0,shopify,62,deny,manual,10.40,,true,true,,,,,,https://cdn.shopify.com/s/files/1/0668/0861/1129/products/100712346_Jojos_Busters_Tangy_Candy.jpg?v=1754023394,1,"",false,,,,,,,,,,,,,,,,,,,,kg,,,active
jojo-busters-tangy-4-pack-assorted,,,,,,,,,Shipper (12 Outer),,,,,,,,100712346_Shipper,0.0,shopify,5,deny,manual,124.80,,true,true,,,,,,,,,,,,,,,,,,,,,,,,,,,,,kg,,,
jack-links-steak-bar-25g-teriyaki,Jack Links Steak Bar Teriyaki 25g x 12ct,"",Jack Links,,"","",true,Pack Size,Outer,,,,,,,,101036099_Outer,0.0,shopify,14,deny,manual,28.60,,true,true,,,,,,https://cdn.shopify.com/s/files/1/0668/0861/1129/products/100542122_Jack_Link_Steak_Bar_Teriyaki.jpg?v=1754023395,1,"",false,,,,,,,,,,,,,,,,,,,,kg,,,active
jack-links-steak-bar-25g-teriyaki,,,,,,,,,Shipper (12 Outer),,,,,,,,101036099_Shipper,0.0,shopify,1,deny,manual,343.20,,true,true,,,,,,,,,,,,,,,,,,,,,,,,,,,,,kg,,,
jack-links-steak-bar-25g-peppered,Jack Links Steak Bar Peppered 25g x 12ct,"",Jack Links,,"","",true,Pack Size,Outer,,,,,,,,101036241_Outer,0.0,shopify,10,deny,manual,28.60,,true,true,,,,,,https://cdn.shopify.com/s/files/1/0668/0861/1129/products/100542121_Jack_Links_Steak_Bar_Peppered.jpg?v=1754023396,1,"",false,,,,,,,,,,,,,,,,,,,,kg,,,active
jack-links-steak-bar-25g-peppered,,,,,,,,,Shipper (12 Outer),,,,,,,,101036241_Shipper,0.0,shopify,0,deny,manual,343.20,,true,true,,,,,,,,,,,,,,,,,,,,,,,,,,,,,kg,,,
jack-links-biltong-traditional-45g,Jack Links Biltong Traditional 45g x 10ct,"",Jack Links,,"","",true,Pack Size,Outer,,,,,,,,100937662_Outer,0.0,shopify,19,deny,manual,51.70,,true,true,,,,,,https://cdn.shopify.com/s/files/1/0668/0861/1129/products/100937662_Jack_Links_Biltong_Traditional_45g.jpg?v=1754023397,1,"",false,,,,,,,,,,,,,,,,,,,,kg,,,active
jack-links-biltong-traditional-45g,,,,,,,,,Shipper (12 Outer),,,,,,,,100937662_Shipper,0.0,shopify,1,deny,manual,620.40,,true,true,,,,,,,,,,,,,,,,,,,,,,,,,,,,,kg,,,
jack-links-biltong-chilli-45g,Jack Links Biltong Chilli 45g x 10ct,"",Jack Links,,"","",true,Pack Size,Outer,,,,,,,,100937663_Outer,0.0,shopify,17,deny,manual,51.70,,true,true,,,,,,https://cdn.shopify.com/s/files/1/0668/0861/1129/products/100937663_Jack_Links_Biltong_Chilli.jpg?v=1754023398,1,"",false,,,,,,,,,,,,,,,,,,,,kg,,,active
jack-links-biltong-chilli-45g,,,,,,,,,Shipper (12 Outer),,,,,,,,100937663_Shipper,0.0,shopify,1,deny,manual,620.40,,true,true,,,,,,,,,,,,,,,,,,,,,,,,,,,,,kg,,,
jack-links-beef-stick-12g,Jack Links 12g Beef Stick x 25ct,"",Jack Links,,"","",true,Pack Size,Outer,,,,,,,,100518812_Outer,0.0,shopify,15,deny,manual,25.50,,true,true,,,,,,https://cdn.shopify.com/s/files/1/0668/0861/1129/products/100518812_Jack_Links_Original_Beef_Stick.jpg?v=1754023399,1,"",false,,,,,,,,,,,,,,,,,,,,kg,,,active
jack-links-beef-stick-12g,,,,,,,,,Shipper (12 Outer),,,,,,,,100518812_Shipper,0.0,shopify,1,deny,manual,306.00,,true,true,,,,,,,,,,,,,,,,,,,,,,,,,,,,,kg,,,
jack-links-beef-jerky-50g-teriyaki,Jack Links 50g Beef Teriyaki Jerky x 10ct,"",Jack Links,,"","",true,Pack Size,Outer,,,,,,,,100519153_Outer,0.0,shopify,12,deny,manual,49.80,,true,true,,,,,,https://cdn.shopify.com/s/files/1/0668/0861/1129/products/100519153_Jack_Links_Teriyaki_Jerky_50g.jpg?v=1754023399,1,"",false,,,,,,,,,,,,,,,,,,,,kg,,,active
jack-links-beef-jerky-50g-teriyaki,,,,,,,,,Shipper (12 Outer),,,,,,,,100519153_Shipper,0.0,shopify,1,deny,manual,597.60,,true,true,,,,,,,,,,,,,,,,,,,,,,,,,,,,,kg,,,
jack-links-beef-jerky-50g-original,Jack Links 50g Beef Jerky Original x 10ct,"",Jack Links,,"","",true,Pack Size,Outer,,,,,,,,100517873_Outer,0.0,shopify,7,deny,manual,49.80,,true,true,,,,,,https://cdn.shopify.com/s/files/1/0668/0861/1129/products/100517873_Jack_Links_Original_50g_Jerky.jpg?v=1754023400,1,"",false,,,,,,,,,,,,,,,,,,,,kg,,,active
jack-links-beef-jerky-50g-original,,,,,,,,,Shipper (12 Outer),,,,,,,,100517873_Shipper,0.0,shopify,0,deny,manual,597.60,,true,true,,,,,,,,,,,,,,,,,,,,,,,,,,,,,kg,,,
jack-links-beef-jerky-50g-manuka-smoked,Jack Links 50g Beef Manuka Smoked Jerky x 10ct,"",Jack Links,,"","",true,Pack Size,Outer,,,,,,,,100886585_Outer,0.0,shopify,9,deny,manual,49.80,,true,true,,,,,,https://cdn.shopify.com/s/files/1/0668/0861/1129/products/100886585_Jack_Links_Manuka_Smoked_Jerky_50g.jpg?v=1754023401,1,"",false,,,,,,,,,,,,,,,,,,,,kg,,,active
jack-links-beef-jerky-50g-manuka-smoked,,,,,,,,,Shipper (12 Outer),,,,,,,,100886585_Shipper,0.0,shopify,0,deny,manual,597.60,,true,true,,,,,,,,,,,,,,,,,,,,,,,,,,,,,kg,,,
jack-links-beef-jerky-25g-teriyaki,Jack Links 25g Beef Jerky Teriyaki x 10ct,"",Jack Links,,"","",true,Pack Size,Outer,,,,,,,,100517567_Outer,0.0,shopify,21,deny,manual,32.80,,true,true,,,,,,https://cdn.shopify.com/s/files/1/0668/0861/1129/products/100517567_Jack_Links_Teriyaki_25g_Jerky.jpg?v=1754023402,1,"",false,,,,,,,,,,,,,,,,,,,,kg,,,active
jack-links-beef-jerky-25g-teriyaki,,,,,,,,,Shipper (12 Outer),,,,,,,,100517567_Shipper,0.0,shopify,1,deny,manual,393.60,,true,true,,,,,,,,,,,,,,,,,,,,,,,,,,,,,kg,,,
jack-links-beef-jerky-25g-sweet-hot,Jack Links 25g Beef Jerky Sweet n Hot  x 10ct,"",Jack Links,,"","",true,Pack Size,Outer,,,,,,,,100518262_Outer,0.0,shopify,25,deny,manual,32.80,,true,true,,,,,,https://cdn.shopify.com/s/files/1/0668/0861/1129/products/100518262_Jack_Links_Sweet__Hot_25g_Jerky.jpg?v=1754023403,1,"",false,,,,,,,,,,,,,,,,,,,,kg,,,active
jack-links-beef-jerky-25g-sweet-hot,,,,,,,,,Shipper (12 Outer),,,,,,,,100518262_Shipper,0.0,shopify,2,deny,manual,393.60,,true,true,,,,,,,,,,,,,,,,,,,,,,,,,,,,,kg,,,
jack-links-beef-jerky-25g-original,Jack Links 25g Beef Jerky Original x 10ct,"",Jack Links,,"","",true,Pack Size,Outer,,,,,,,,100518075_Outer,0.0,shopify,13,deny,manual,32.80,,true,true,,,,,,https://cdn.shopify.com/s/files/1/0668/0861/1129/products/100518075_Jack_Links_Original_25g_Jerky.jpg?v=1754023403,1,"",false,,,,,,,,,,,,,,,,,,,,kg,,,active
jack-links-beef-jerky-25g-original,,,,,,,,,Shipper (12 Outer),,,,,,,,100518075_Shipper,0.0,shopify,1,deny,manual,393.60,,true,true,,,,,,,,,,,,,,,,,,,,,,,,,,,,,kg,,,
jack-links-beef-jerky-100g-teriyaki,Jack Links 100g Beef Jerky Teriyaki EACH,"",Jack Links,,"","",true,Pack Size,Bag,,,,,,,,101135440_Bag,0.0,shopify,61,deny,manual,8.75,,true,true,,,,,,https://cdn.shopify.com/s/files/1/0668/0861/1129/products/101135440_Jack_Links_100g_Beef_Jerky_Teriyaki.jpg?v=1754023404,1,"",false,,,,,,,,,,,,,,,,,,,,kg,,,active
jack-links-beef-jerky-100g-teriyaki,,,,,,,,,Outer (12 Bag),,,,,,,,101135440_Outer,0.0,shopify,5,deny,manual,105.00,,true,true,,,,,,,,,,,,,,,,,,,,,,,,,,,,,kg,,,
jack-links-beef-jerky-100g-teriyaki,,,,,,,,,Shipper (72 Bag),,,,,,,,101135440_Shipper,0.0,shopify,0,deny,manual,630.00,,true,true,,,,,,,,,,,,,,,,,,,,,,,,,,,,,kg,,,
irish-moss-1-6kg,Irish Moss 1.5kg x 340ct approx,<p>12 bags per shipper</p>,Mayceys,,"","",true,Pack Size,Outer,,,,,,,,DSZIM_Outer,0.0,shopify,1,deny,manual,15.95,,true,true,,,,,,https://cdn.shopify.com/s/files/1/0668/0861/1129/files/DSZIMDRAGONIRISHMOSS.jpg?v=1754023405,1,"",false,,,,,,,,,,,,,,,,,,,,kg,,,active
irish-moss-1-6kg,,,,,,,,,Shipper (12 Outer),,,,,,,,DSZIM_Shipper,0.0,shopify,0,deny,manual,191.40,,true,true,,,,,,,,,,,,,,,,,,,,,,,,,,,,,kg,,,
hubba-bubba-tape-strawberry,Hubba Bubba Tape Strawberry x 12ct,"",Mars,,"","Gum, Night n Day Misc, Wrigleys",true,Pack Size,Outer,,,,,,,,251836_Outer,0.0,shopify,72,deny,manual,27.45,,true,true,,,,,,https://cdn.shopify.com/s/files/1/0668/0861/1129/products/251836_HUBBA_BUBBA_TAPE_STRAW.jpg?v=1754023406,1,"",false,,,,,,,,,,,,,,,,,,,,kg,,,active
hubba-bubba-tape-strawberry,,,,,,,,,Shipper (12 Outer),,,,,,,,251836_Shipper,0.0,shopify,6,deny,manual,329.40,,true,true,,,,,,,,,,,,,,,,,,,,,,,,,,,,,kg,,,
hubba-bubba-gum-strawberry-35g,Hubba Bubba Seriously Strawb 35g x 20ct,"",Mars,,"","Gum, Night n Day Misc, Wrigleys",true,Pack Size,Outer,,,,,,,,372553_Outer,0.0,shopify,76,deny,manual,21.67,,true,true,,,,,,https://cdn.shopify.com/s/files/1/0668/0861/1129/products/372553_HUBBA_BUBBA_STRAWBERRY.jpg?v=1754023407,1,"",false,,,,,,,,,,,,,,,,,,,,kg,,,active
hubba-bubba-gum-strawberry-35g,,,,,,,,,Shipper (18 Outer),,,,,,,,372553_Shipper,0.0,shopify,4,deny,manual,390.06,,true,true,,,,,,,,,,,,,,,,,,,,,,,,,,,,,kg,,,
hi-chew-57g-strawberry,Hi-Chew Strawberry 57g x 12ct,"",Hi-Chew,"Food, Beverages & Tobacco > Food Items > Candy & Chocolate > Candy","",Hi-Chew Sticks,true,Pack Size,Outer,,,,,,,,DN90226_Outer,0.0,shopify,67,deny,manual,15.05,,true,true,,,,,,https://cdn.shopify.com/s/files/1/0668/0861/1129/products/DN90226_Hi_Chew_Strawberry_57g.jpg?v=1754023407,1,"",false,,,4748,,,,,,,,,,,,,,,,,kg,,,active
hi-chew-57g-strawberry,,,,,,,,,Shipper (12 Outer),,,,,,,,DN90226_Shipper,0.0,shopify,5,deny,manual,180.60,,true,true,,,,,,,,,,,,,,,,,,,,,,,,,,,,,kg,,,
hi-chew-57g-pineapple,Hi-Chew Sweet & Sour Pineapple 57g x 12ct,"",Hi-Chew,"Food, Beverages & Tobacco > Food Items > Candy & Chocolate > Candy","",Hi-Chew Sticks,true,Pack Size,Outer,,,,,,,,DN11144_Outer,0.0,shopify,25,deny,manual,15.05,,true,true,,,,,,https://cdn.shopify.com/s/files/1/0668/0861/1129/products/DN11144_HI-CHEW_Sweet__Sour_Pineapple_57g.jpg?v=1754023408,1,"",false,,,4748,,,,,,,,,,,,,,,,,kg,,,active
hi-chew-57g-pineapple,,,,,,,,,Shipper (12 Outer),,,,,,,,DN11144_Shipper,0.0,shopify,2,deny,manual,180.60,,true,true,,,,,,,,,,,,,,,,,,,,,,,,,,,,,kg,,,
hi-chew-57g-mango,Hi-Chew Mango 57g x 12ct,"",Hi-Chew,"Food, Beverages & Tobacco > Food Items > Candy & Chocolate > Candy","",Hi-Chew Sticks,true,Pack Size,Outer,,,,,,,,DN90228_Outer,0.0,shopify,48,deny,manual,15.05,,true,true,,,,,,https://cdn.shopify.com/s/files/1/0668/0861/1129/products/DN90228_Hi_Chew_Mango_57g.jpg?v=1754023409,1,"",false,,,4748,,,,,,,,,,,,,,,,,kg,,,active
hi-chew-57g-mango,,,,,,,,,Shipper (12 Outer),,,,,,,,DN90228_Shipper,0.0,shopify,4,deny,manual,180.60,,true,true,,,,,,,,,,,,,,,,,,,,,,,,,,,,,kg,,,
hi-chew-57g-grape,Hi-Chew Grape 57g x 12ct,"",Hi-Chew,"Food, Beverages & Tobacco > Food Items > Candy & Chocolate > Candy","",Hi-Chew Sticks,true,Pack Size,Outer,,,,,,,,DN90225_Outer,0.0,shopify,20,deny,manual,15.05,,true,true,,,,,,https://cdn.shopify.com/s/files/1/0668/0861/1129/products/DN90225_Hi_Chew_.Grape_57g.jpg?v=1754023410,1,"",false,,,4748,,,,,,,,,,,,,,,,,kg,,,active
hi-chew-57g-grape,,,,,,,,,Shipper (12 Outer),,,,,,,,DN90225_Shipper,0.0,shopify,1,deny,manual,180.60,,true,true,,,,,,,,,,,,,,,,,,,,,,,,,,,,,kg,,,
hi-chew-57g-cola,Hi-Chew Cola 57g x 12ct,"",Hi-Chew,"Food, Beverages & Tobacco > Food Items > Candy & Chocolate > Candy","",Hi-Chew Sticks,true,Pack Size,Outer,,,,,,,,DN90237_Outer,0.0,shopify,118,deny,manual,15.05,,true,true,,,,,,https://cdn.shopify.com/s/files/1/0668/0861/1129/products/DN90237_Hi_Chew_Cola_57g.jpg?v=1754023411,1,"",false,,,4748,,,,,,,,,,,,,,,,,kg,,,active
hi-chew-57g-cola,,,,,,,,,Shipper (12 Outer),,,,,,,,DN90237_Shipper,0.0,shopify,9,deny,manual,180.60,,true,true,,,,,,,,,,,,,,,,,,,,,,,,,,,,,kg,,,
hi-chew-57g-apple,Hi-Chew Green Apple 57g x 12ct,"",Hi-Chew,"Food, Beverages & Tobacco > Food Items > Candy & Chocolate > Candy","",Hi-Chew Sticks,true,Pack Size,Outer,,,,,,,,DN90227_Outer,0.0,shopify,32,deny,manual,15.05,,true,true,,,,,,https://cdn.shopify.com/s/files/1/0668/0861/1129/products/DN90227_Hi_Chew_Apple_57g.jpg?v=1754023412,1,"",false,,,4748,,,,,,,,,,,,,,,,,kg,,,active
hi-chew-57g-apple,,,,,,,,,Shipper (12 Outer),,,,,,,,DN90227_Shipper,0.0,shopify,2,deny,manual,180.60,,true,true,,,,,,,,,,,,,,,,,,,,,,,,,,,,,kg,,,
hersheys-milk-chocolate-43g,Hersheys Milk Chocolate 40g x 24ct,"",Hersheys,Uncategorized,"",Novelty,true,Pack Size,Outer,,,,,,,,6829_Outer,0.0,shopify,21,deny,manual,37.95,,true,true,,,,,,https://cdn.shopify.com/s/files/1/0668/0861/1129/products/6829_hersheymilkchoc.jpg?v=1754023412,1,"",false,,,,,,,,,,,,,,,,,,,,kg,,,active
hersheys-milk-chocolate-43g,,,,,,,,,Shipper (12 Outer),,,,,,,,6829_Shipper,0.0,shopify,1,deny,manual,455.40,,true,true,,,,,,,,,,,,,,,,,,,,,,,,,,,,,kg,,,
hersheys-cookies-and-cream,Hersheys Cookie Cream 40g x 24ct,"",Hersheys,Uncategorized,"","Night n Day Misc, Novelty",true,Pack Size,Outer,,,,,,,,9031_Outer,0.0,shopify,0,deny,manual,37.95,,true,true,,,,,,https://cdn.shopify.com/s/files/1/0668/0861/1129/products/9031_COOKIES_N_CREAM_5Z1LKxW.jpg?v=1754023413,1,"",false,,,,,,,,,,,,,,,,,,,,kg,,,active
hersheys-cookies-and-cream,,,,,,,,,Shipper (12 Outer),,,,,,,,9031_Shipper,0.0,shopify,0,deny,manual,455.40,,true,true,,,,,,,,,,,,,,,,,,,,,,,,,,,,,kg,,,
hemp-energy-drink-500ml-lemon-lime-bitters,Hemp Lemon Lime Bitters Energy Drink 500ml x 24ct,"",Hemp,,"","Drinks, Herbal Drinks",true,Pack Size,Shipper,,,,,,,,UD004_Shipper,0.0,shopify,13,deny,manual,58.15,,true,true,,,,,,https://cdn.shopify.com/s/files/1/0668/0861/1129/products/HEMPLEMONLIME_Hemp_Lemon_Lime.jpg?v=1754023414,1,"",false,,,,,,,,,,,,,,,,,,,,kg,,,active
hemp-energy-drink-500ml-black-label-original,Hemp Black Label Energy Drink 500ml  x 24ct,"",Hemp,,"","Drinks, Herbal Drinks",true,Pack Size,Shipper,,,,,,,,UD002_Shipper,0.0,shopify,25,deny,manual,58.15,,true,true,,,,,,https://cdn.shopify.com/s/files/1/0668/0861/1129/products/UD002_BLACK_LEAF_CAN.jpg?v=1754023414,1,"",false,,,,,,,,,,,,,,,,,,,,kg,,,active
hemp-energy-drink-500ml-berry,Hemp Berry Energy Drink 500ml  x 24ct,"",Hemp,,"","Drinks, Herbal Drinks",true,Pack Size,Shipper,,,,,,,,UD003_Shipper,0.0,shopify,5,deny,manual,58.15,,true,true,,,,,,https://cdn.shopify.com/s/files/1/0668/0861/1129/products/UD003_Hemp_Berry_500ml.jpg?v=1754023415,1,"",false,,,,,,,,,,,,,,,,,,,,kg,,,active
hemp-energy-drink-340ml-green-label-bottle,Hemp Green Label Energy Drink Bottles 340ml x 24ct,"",Hemp,,"","Drinks, Herbal Drinks",true,Pack Size,Shipper,,,,,,,,UD001_Shipper,0.0,shopify,26,deny,manual,58.15,,true,true,,,,,,https://cdn.shopify.com/s/files/1/0668/0861/1129/products/UD001_HEMP_BOTTLE_GREEN.jpg?v=1754023416,1,"",false,,,,,,,,,,,,,,,,,,,,kg,,,active
hemp-blue-energy-drink-500ml,Hemp Blue Energy Drink 500ml x 24ct,"",Hemp,,"","Drinks, Herbal Drinks",true,Pack Size,Shipper,,,,,,,,UD005_Shipper,0.0,shopify,16,deny,manual,58.15,,true,true,,,,,,https://cdn.shopify.com/s/files/1/0668/0861/1129/products/UD005_Hemp_Blue_500ml.jpg?v=1754023417,1,"",false,,,,,,,,,,,,,,,,,,,,kg,,,active
heartland-chips-40g-southern-salt,Heartland Southern Salt Chips 40g x 24ct,<p>24 bags per shipper</p>,Heartland,,"","Chips, Snacks",true,Pack Size,Shipper,,,,,,,,ISS21312_Shipper,0.0,shopify,17,deny,manual,34.00,,true,true,,,,,,https://cdn.shopify.com/s/files/1/0668/0861/1129/products/ISS21312_HEARTLAND_SOUTHERN_SALT.jpg?v=1754023418,1,"",false,,,,,,,,,,,,,,,,,,,,kg,,,active
heartland-chips-40g-sour-cream-chives,Heartland Sour Cream & Chives Chips 40g x 24ct,<p>24 bags per shipper</p>,Heartland,,"","Chips, Snacks",true,Pack Size,Shipper,,,,,,,,ISC21314_Shipper,0.0,shopify,16,deny,manual,34.00,,true,true,,,,,,https://cdn.shopify.com/s/files/1/0668/0861/1129/products/ISC21314_HEARTLAND_SOUR_CREAM__CHIVES.jpg?v=1754023419,1,"",false,,,,,,,,,,,,,,,,,,,,kg,,,active
heartland-chips-40g-salt-vinegar,Heartland Salt & Vinegar Chips 40g x 24ct,<p>24 bags per shipper</p>,Heartland,,"","Chips, Snacks",true,Pack Size,Shipper,,,,,,,,ISV21313_Shipper,0.0,shopify,14,deny,manual,34.00,,true,true,,,,,,https://cdn.shopify.com/s/files/1/0668/0861/1129/products/ISV21313_HEARTLAND_SALT__VINEGAR_CHIPS.jpg?v=1754023421,1,"",false,,,,,,,,,,,,,,,,,,,,kg,,,active
heartland-chips-40g-chicken,Heartland Chicken Chips 40g x 24ct,<p>24 bags per shipper</p>,Heartland,,"","Chips, Snacks",true,Pack Size,Shipper,,,,,,,,ICH21315_Shipper,0.0,shopify,21,deny,manual,34.00,,true,true,,,,,,https://cdn.shopify.com/s/files/1/0668/0861/1129/products/ICH21315_Heartland_Chicken_Chips-1.jpg?v=1754023422,1,"",false,,,,,,,,,,,,,,,,,,,,kg,,,active
haverland-pumpernickel-rye-bread-500g,Haverland Pumpernickel Rye Bread 500g x 5ct,"",DutchRusk,,"","",true,Pack Size,Unit,,,,,,,,10109C-1_Unit,0.0,shopify,28,deny,manual,4.88,,true,true,,,,,,https://cdn.shopify.com/s/files/1/0668/0861/1129/products/10109C_Pumpernickle_Bread.jpg?v=1754023423,1,"",false,,,,,,,,,,,,,,,,,,,,kg,,,active
haverland-pumpernickel-rye-bread-500g,,,,,,,,,Shipper (5 Unit),,,,,,,,10109C-1_Shipper,0.0,shopify,5,deny,manual,24.40,,true,true,,,,,,,,,,,,,,,,,,,,,,,,,,,,,kg,,,
halls-throaties-original-34g,Halls Throaties Original 34g x20ct,"",Halls,Uncategorized,"","Health, Night n Day Misc, Novelty",true,Pack Size,Outer,,,,,,,,610334_Outer,0.0,shopify,16,deny,manual,23.00,,true,true,,,,,,https://cdn.shopify.com/s/files/1/0668/0861/1129/products/610334_THROATIES_ORIGINAL.jpg?v=1754023424,1,"",false,,,,,,,,,,,,,,,,,,,,kg,,,active
halls-throaties-original-34g,,,,,,,,,Shipper (12 Outer),,,,,,,,610334_Shipper,0.0,shopify,1,deny,manual,276.00,,true,true,,,,,,,,,,,,,,,,,,,,,,,,,,,,,kg,,,
halls-throaties-honey-lemon-34g,Halls Throaties Honey Lemon 34g x20ct,"",Halls,,"","Health, Night n Day Misc, Novelty",true,Pack Size,Outer,,,,,,,,610337_Outer,0.0,shopify,26,deny,manual,23.00,,true,true,,,,,,https://cdn.shopify.com/s/files/1/0668/0861/1129/products/610337_HONEY__LEMON.jpg?v=1754023425,1,"",false,,,,,,,,,,,,,,,,,,,,kg,,,active
halls-throaties-honey-lemon-34g,,,,,,,,,Shipper (12 Outer),,,,,,,,610337_Shipper,0.0,shopify,2,deny,manual,276.00,,true,true,,,,,,,,,,,,,,,,,,,,,,,,,,,,,kg,,,
gold-nuggets-50g,Nuggets Gold 50g x 24ct,"",Jojo,Uncategorized,"",Novelty,true,Pack Size,Outer,,,,,,,,100629437_Outer,0.0,shopify,21,deny,manual,23.34,,true,true,,,,,,https://cdn.shopify.com/s/files/1/0668/0861/1129/products/100629437_Gold_Nuggets_2.jpg?v=1754023427,1,"",false,,,,,,,,,,,,,,,,,,,,kg,,,active
gold-nuggets-50g,,,,,,,,,Shipper (12 Outer),,,,,,,,100629437_Shipper,0.0,shopify,1,deny,manual,280.08,,true,true,,,,,,,,,,,,,,,,,,,,,,,,,,,,,kg,,,
gob-licker-sour-watermelon-60ml,"Gob Gob Licker - Sour Watermelon,  Raspberry,  Blueberry 60ml x 12ct","",DutchRusk,Uncategorized,"",Novelty,true,Pack Size,Outer,,,,,,,,101156049_Outer,0.0,shopify,46,deny,manual,19.50,,true,true,,,,,,https://cdn.shopify.com/s/files/1/0668/0861/1129/files/101156049GobLickerSourWatermelon.jpg?v=1755574942,1,"",false,,,,,,,,,,,,,,,,,,,,kg,,,active
gob-licker-sour-watermelon-60ml,,,,,,,,,Shipper (12 Outer),,,,,,,,101156049_Shipper,0.0,shopify,3,deny,manual,234.00,,true,true,,,,,,,,,,,,,,,,,,,,,,,,,,,,,kg,,,
gob-licker-60ml,Gob Licker - Sour Blue Raspberry  Strawberry  Grape 60ml x 12ct,"",DutchRusk,,"",Novelty,true,Pack Size,Outer,,,,,,,,100886583_Outer,0.0,shopify,62,deny,manual,19.50,,true,true,,,,,,https://cdn.shopify.com/s/files/1/0668/0861/1129/products/AIT26_Gob_Licker_002.jpg?v=1754023429,1,"",false,,,,,,,,,,,,,,,,,,,,kg,,,active
gob-licker-60ml,,,,,,,,,Shipper (12 Outer),,,,,,,,100886583_Shipper,0.0,shopify,5,deny,manual,234.00,,true,true,,,,,,,,,,,,,,,,,,,,,,,,,,,,,kg,,,
fruit-nut-mix-80g,Fruit Nut Mix 80g x 24ct,<p>24 bags per shipper</p>,DutchRusk,Uncategorized,"",Snacks,true,Pack Size,Bag,,,,,,,,DR304_Bag,0.0,shopify,338,deny,manual,1.30,,true,true,,,,,,https://cdn.shopify.com/s/files/1/0668/0861/1129/products/DR304_Fruit_and_Nut_MIX_CAROB_TQsHvua.jpg?v=1754023430,1,"",false,,,,,,,,,,,,,,,,,,,,kg,,,active
fruit-nut-mix-80g,,,,,,,,,Shipper (24 Bag),,,,,,,,DR304_Shipper,0.0,shopify,14,deny,manual,31.20,,true,true,,,,,,,,,,,,,,,,,,,,,,,,,,,,,kg,,,
fruit-nut-mix-300g,Fruit Nut Mix 300g x 20ct,<p>20 bags per shipper</p>,DutchRusk,,"",Snacks,true,Pack Size,Bag,,,,,,,,DR306_Bag,0.0,shopify,0,deny,manual,3.80,,true,true,,,,,,https://cdn.shopify.com/s/files/1/0668/0861/1129/products/DR306_FRUIT_NUT_mix_300_8XYnXON.jpg?v=1754023430,1,"",false,,,,,,,,,,,,,,,,,,,,kg,,,active
fruit-nut-mix-300g,,,,,,,,,Shipper (20 Bag),,,,,,,,DR306_Shipper,0.0,shopify,0,deny,manual,76.00,,true,true,,,,,,,,,,,,,,,,,,,,,,,,,,,,,kg,,,
fruit-nut-mix-200g,Fruit Nut Mix 200g x 24ct,<p>24 bags per shipper</p>,DutchRusk,Uncategorized,"",Snacks,true,Pack Size,Bag,,,,,,,,DR305_Bag,0.0,shopify,11,deny,manual,2.65,,true,true,,,,,,https://cdn.shopify.com/s/files/1/0668/0861/1129/products/DR305_FRUIT_NUT_mix_200g.jpg?v=1754023431,1,"",false,,,,,,,,,,,,,,,,,,,,kg,,,active
fruit-nut-mix-200g,,,,,,,,,Shipper (24 Bag),,,,,,,,DR305_Shipper,0.0,shopify,0,deny,manual,63.60,,true,true,,,,,,,,,,,,,,,,,,,,,,,,,,,,,kg,,,
flopi-tins-40g,Flopi Sugar Free 40g x 12ct,"",DutchRusk,,"",Novelty,true,Pack Size,Outer,,,,,,,,960_Outer,0.0,shopify,23,deny,manual,30.95,,true,true,,,,,,https://cdn.shopify.com/s/files/1/0668/0861/1129/products/960_FLOPI_TINS.jpg?v=1754023432,1,"",false,,,,,,,,,,,,,,,,,,,,kg,,,active
flopi-tins-40g,,,,,,,,,Shipper (4 Outer),,,,,,,,960_Shipper,0.0,shopify,5,deny,manual,123.80,,true,true,,,,,,,,,,,,,,,,,,,,,,,,,,,,,kg,,,
flashing-emoji-jelly-ring,Toy - Flashing Emoji Ring x 36ct,"",DutchRusk,,"","Novelty, Toys",false,Pack Size,Outer,,,,,,,,651751_Outer,0.0,shopify,0,deny,manual,36.00,,true,true,,,,,,https://cdn.shopify.com/s/files/1/0668/0861/1129/products/651751_Flashing_Emoji_Jelly_Ring.jpg?v=1754023433,1,"",false,,,,,,,,,,,,,,,,,,,,kg,,,draft
fini-giant-xxl-rainbow-twist-30g,Fini Giant XXL Rainbow Twist 30g x 24ct,"",Fini,Uncategorized,"","Fini, Novelty",true,Pack Size,Outer,,,,,,,,101122053_Outer,0.0,shopify,0,deny,manual,21.95,,true,true,,,,,,https://cdn.shopify.com/s/files/1/0668/0861/1129/products/101122053_Fini_XXL_Rainbow_Twist.jpg?v=1754023434,1,"",false,,,,,,,,,,,,,,,,,,,,kg,,,active
fini-giant-xxl-rainbow-twist-30g,,,,,,,,,Shipper (6 Outer),,,,,,,,101122053_Shipper,0.0,shopify,0,deny,manual,131.70,,true,true,,,,,,,,,,,,,,,,,,,,,,,,,,,,,kg,,,
fini-fantasy-belts,Fini Fantasy Belts x 200ct,"",Fini,,"","Fini, Novelty",true,Pack Size,Outer,,,,,,,,100518585_Outer,0.0,shopify,33,deny,manual,29.65,,true,true,,,,,,https://cdn.shopify.com/s/files/1/0668/0861/1129/products/100518585_FINI_FANTASY_BELTS_1Lu970D.jpg?v=1754023434,1,"",false,,,,,,,,,,,,,,,,,,,,kg,,,active
fini-fantasy-belts,,,,,,,,,Shipper (8 Outer),,,,,,,,100518585_Shipper,0.0,shopify,4,deny,manual,237.20,,true,true,,,,,,,,,,,,,,,,,,,,,,,,,,,,,kg,,,
fini-dyna-stix-8g-strawberry,Fini  Dyna Strawberry Stix 8g x 200ct,"",Fini,,"","Fini, Licorice, Night n Day Misc, Novelty",true,Pack Size,Outer,,,,,,,,100519036_Outer,0.0,shopify,23,deny,manual,25.65,,true,true,,,,,,https://cdn.shopify.com/s/files/1/0668/0861/1129/products/100519036_Fini_Dyna_Stix_Strawberry.jpg?v=1754023435,1,"",false,,,,,,,,,,,,,,,,,,,,kg,,,active
fini-dyna-stix-8g-strawberry,,,,,,,,,Shipper (8 Outer),,,,,,,,100519036_Shipper,0.0,shopify,2,deny,manual,205.20,,true,true,,,,,,,,,,,,,,,,,,,,,,,,,,,,,kg,,,
fini-dyna-stix-8g-rainbow,Fini  Dyna Rainbow Twist Stix 8g x 200ct,"",Fini,,"","Fini, Licorice, Night n Day Misc, Novelty",true,Pack Size,Outer,,,,,,,,100583328_Outer,0.0,shopify,30,deny,manual,25.65,,true,true,,,,,,https://cdn.shopify.com/s/files/1/0668/0861/1129/products/100583328_Fini_Dyna_Stix_Rainbow_Twist_8g.jpg?v=1754023435,1,"",false,,,,,,,,,,,,,,,,,,,,kg,,,active
fini-dyna-stix-8g-rainbow,,,,,,,,,Shipper (8 Outer),,,,,,,,100583328_Shipper,0.0,shopify,3,deny,manual,205.20,,true,true,,,,,,,,,,,,,,,,,,,,,,,,,,,,,kg,,,
fini-dyna-stix-8g-fizzy-rainbow,Fini  Dyna Fizzy Rainbow Stix 8g x 200ct,"",Fini,,"","Fini, Licorice, Night n Day Misc, Novelty",true,Pack Size,Outer,,,,,,,,100519019_Outer,0.0,shopify,12,deny,manual,25.65,,true,true,,,,,,https://cdn.shopify.com/s/files/1/0668/0861/1129/products/100519019_Fini_Dyna_Stix_Rainbow_Stix.jpg?v=1754023436,1,"",false,,,,,,,,,,,,,,,,,,,,kg,,,active
fini-dyna-stix-8g-fizzy-rainbow,,,,,,,,,Shipper (8 Outer),,,,,,,,100519019_Shipper,0.0,shopify,1,deny,manual,205.20,,true,true,,,,,,,,,,,,,,,,,,,,,,,,,,,,,kg,,,
fini-dyna-stix-8g-blue-raspberry,Fini  Dyna Blue Rasp Stix 8g x 200ct,"",Fini,,"","Fini, Licorice, Night n Day Misc, Novelty",true,Pack Size,Outer,,,,,,,,100517773_Outer,0.0,shopify,34,deny,manual,25.65,,true,true,,,,,,https://cdn.shopify.com/s/files/1/0668/0861/1129/products/100517773_Fini_Dyna_Stix_Blue_Raspberry.jpg?v=1754023437,1,"",false,,,,,,,,,,,,,,,,,,,,kg,,,active
fini-dyna-stix-8g-blue-raspberry,,,,,,,,,Shipper (8 Outer),,,,,,,,100517773_Shipper,0.0,shopify,4,deny,manual,205.20,,true,true,,,,,,,,,,,,,,,,,,,,,,,,,,,,,kg,,,
fini-destroyer-gum,Fini Destroyer x 200ct,"",Fini,,"","Fini, Novelty",true,Pack Size,Outer,,,,,,,,100518230_Outer,0.0,shopify,24,deny,manual,32.55,,true,true,,,,,,https://cdn.shopify.com/s/files/1/0668/0861/1129/products/100518230_DESTROYER_GUM.jpg?v=1754023437,1,"",false,,,,,,,,,,,,,,,,,,,,kg,,,active
fini-destroyer-gum,,,,,,,,,Shipper (6 Outer),,,,,,,,100518230_Shipper,0.0,shopify,4,deny,manual,195.30,,true,true,,,,,,,,,,,,,,,,,,,,,,,,,,,,,kg,,,
fini-camel-balls-gum,Fini Camel Balls Gum x200ct,"",Fini,,"","Fini, Novelty",true,Pack Size,Outer,,,,,,,,100517698_Outer,0.0,shopify,4,deny,manual,32.55,,true,true,,,,,,https://cdn.shopify.com/s/files/1/0668/0861/1129/products/100517698_CAMEL_BALLS.jpg?v=1754023438,1,"",false,,,,,,,,,,,,,,,,,,,,kg,,,active
fini-camel-balls-gum,,,,,,,,,Shipper (6 Outer),,,,,,,,100517698_Shipper,0.0,shopify,0,deny,manual,195.30,,true,true,,,,,,,,,,,,,,,,,,,,,,,,,,,,,kg,,,
fini-2kg-white-cream-strawberry-bricks,Fini Bricks 2kg White Cream Strawberry x 400ct,<p>6 bags per shipper</p>,Fini,,"","2kg, Fini, Night n Day Misc, Novelty",true,Pack Size,Bag,,,,,,,,100518046_Bag,0.0,shopify,46,deny,manual,34.25,,true,true,,,,,,https://cdn.shopify.com/s/files/1/0668/0861/1129/products/100518046_FINI_WHITE_BRICKS.jpg?v=1754023439,1,"",false,,,,,,,,,,,,,,,,,,,,kg,,,active
fini-2kg-white-cream-strawberry-bricks,,,,,,,,,Shipper (6 Bag),,,,,,,,100518046_Shipper,0.0,shopify,7,deny,manual,205.50,,true,true,,,,,,,,,,,,,,,,,,,,,,,,,,,,,kg,,,
fini-2kg-watermelon-bubble-gum,Fini 2kg Watermelon Bubble Gum,<p>6 bags per shipper</p>,Fini,,"","2kg, Fini, Novelty",true,Pack Size,Bag,,,,,,,,100519505_Bag,0.0,shopify,25,deny,manual,34.25,,true,true,,,,,,https://cdn.shopify.com/s/files/1/0668/0861/1129/products/100519505_Fini_Watermelon_gum.jpg?v=1754023439,1,"",false,,,,,,,,,,,,,,,,,,,,kg,,,active
fini-2kg-watermelon-bubble-gum,,,,,,,,,Shipper (6 Bag),,,,,,,,100519505_Shipper,0.0,shopify,4,deny,manual,205.50,,true,true,,,,,,,,,,,,,,,,,,,,,,,,,,,,,kg,,,
fini-2kg-strawberry-milk-shakes,Fini 2kg Strawberry Milk Shakes,<p>6 bags per shipper</p>,Fini,,"","2kg, Fini, Novelty",true,Pack Size,Bag,,,,,,,,100519544_Bag,0.0,shopify,0,deny,manual,28.25,,true,true,,,,,,https://cdn.shopify.com/s/files/1/0668/0861/1129/products/100519544_Fini_Strawb_Milk_Shakes_2kg.jpg?v=1754023440,1,"",false,,,,,,,,,,,,,,,,,,,,kg,,,active
fini-2kg-strawberry-milk-shakes,,,,,,,,,Shipper (6 Bag),,,,,,,,100519544_Shipper,0.0,shopify,0,deny,manual,169.50,,true,true,,,,,,,,,,,,,,,,,,,,,,,,,,,,,kg,,,
fini-2kg-fizzy-red-bricks,Fini Bricks 2kg Red Fizzy x400ct,<p>6 bags per shipper</p>,Fini,,"","2kg, Fini, Night n Day Misc, Novelty",true,Pack Size,Bag,,,,,,,,100519258_Bag,0.0,shopify,43,deny,manual,34.25,,true,true,,,,,,https://cdn.shopify.com/s/files/1/0668/0861/1129/products/100519258_Fini_Red_Fizzy_Bricks_2kg_x400ct.jpg?v=1754023441,1,"",false,,,,,,,,,,,,,,,,,,,,kg,,,active
fini-2kg-fizzy-red-bricks,,,,,,,,,Shipper (6 Bag),,,,,,,,100519258_Shipper,0.0,shopify,7,deny,manual,205.50,,true,true,,,,,,,,,,,,,,,,,,,,,,,,,,,,,kg,,,
fini-2kg-fizzy-rainbow-bricks,Fini Bricks 2kg Rainbow Fizzy x400ct,<p>6 bags per shipper</p>,Fini,,"","2kg, Fini, Night n Day Misc, Novelty",true,Pack Size,Bag,,,,,,,,100744684_Bag,0.0,shopify,0,deny,manual,34.25,,true,true,,,,,,https://cdn.shopify.com/s/files/1/0668/0861/1129/products/100744684_Fini_Fizzy_Rainbow_Bricks.jpg?v=1754023442,1,"",false,,,,,,,,,,,,,,,,,,,,kg,,,active
fini-2kg-fizzy-rainbow-bricks,,,,,,,,,Shipper (6 Bag),,,,,,,,100744684_Shipper,0.0,shopify,0,deny,manual,205.50,,true,true,,,,,,,,,,,,,,,,,,,,,,,,,,,,,kg,,,
fini-2kg-fizzy-blue-raspberry-bricks,Fini Bricks 2kg Fizzy Blue Raspberry,<p>6 bags per shipper</p>,Fini,,"","2kg, Fini, Night n Day Misc, Novelty",true,Pack Size,Bag,,,,,,,,100583325_Bag,0.0,shopify,43,deny,manual,34.25,,true,true,,,,,,https://cdn.shopify.com/s/files/1/0668/0861/1129/products/100583325_FINI_BLUE_RASPBERRY_BRICKS.jpg?v=1754023443,1,"",false,,,,,,,,,,,,,,,,,,,,kg,,,active
fini-2kg-fizzy-blue-raspberry-bricks,,,,,,,,,Shipper (6 Bag),,,,,,,,100583325_Shipper,0.0,shopify,7,deny,manual,205.50,,true,true,,,,,,,,,,,,,,,,,,,,,,,,,,,,,kg,,,
fini-2kg-filled-skulls,Fini 2kg Filled Skulls,<p>6 bags per shipper</p>,Fini,,"","2kg, Fini, Night n Day Misc, Novelty",true,Pack Size,Bag,,,,,,,,100519055_Bag,0.0,shopify,19,deny,manual,34.25,,true,true,,,,,,https://cdn.shopify.com/s/files/1/0668/0861/1129/products/100519055_FINI_FILLED_SKULLS.jpg?v=1754023443,1,"",false,,,,,,,,,,,,,,,,,,,,kg,,,active
fini-2kg-filled-skulls,,,,,,,,,Shipper (6 Bag),,,,,,,,100519055_Shipper,0.0,shopify,3,deny,manual,205.50,,true,true,,,,,,,,,,,,,,,,,,,,,,,,,,,,,kg,,,
fini-1kg-mallow-twists,Fini 1kg Mallows Twist x 180ct,<p>8 bags per shipper</p>,Fini,,"","1kg, Bulk Gummies and Lollies, Fini, Novelty",true,Pack Size,Bag,,,,,,,,100518086_Bag,0.0,shopify,14,deny,manual,29.40,,true,true,,,,,,https://cdn.shopify.com/s/files/1/0668/0861/1129/products/100518086_Fini_Mallows_Twist.jpg?v=1754023444,1,"",false,,,,,,,,,,,,,,,,,,,,kg,,,active
fini-1kg-mallow-twists,,,,,,,,,Shipper (8 Bag),,,,,,,,100518086_Shipper,0.0,shopify,1,deny,manual,235.20,,true,true,,,,,,,,,,,,,,,,,,,,,,,,,,,,,kg,,,
fidget-loopy-animal-unicorn,Toy - Fidget - Loopy Animal Unicorn,"",DutchRusk,,"",Novelty,true,Pack Size,Unit,,,,,,,,652224_Unit,0.0,shopify,31,deny,manual,1.00,,true,true,,,,,,https://cdn.shopify.com/s/files/1/0668/0861/1129/products/652224_Fidget_Loopy_Animal_Unicorn.jpg?v=1754023444,1,"",false,,,,,,,,,,,,,,,,,,,,kg,,,active
fidget-loopy-animal-unicorn,,,,,,,,,Shipper (24 Unit),,,,,,,,652224_Shipper,0.0,shopify,1,deny,manual,24.00,,true,true,,,,,,,,,,,,,,,,,,,,,,,,,,,,,kg,,,
fidget-loopy-animal-dinosaur,Toy - Fidget - Loopy Animal Dinosaur,"",DutchRusk,,"","Novelty, Toys",true,Pack Size,Unit,,,,,,,,652225_Unit,0.0,shopify,29,deny,manual,1.00,,true,true,,,,,,https://cdn.shopify.com/s/files/1/0668/0861/1129/products/652225_Fidget_Loopy_Animal_Dinosaur_1.jpg?v=1754023445,1,"",false,,,,,,,,,,,,,,,,,,,,kg,,,active
fidget-loopy-animal-dinosaur,,,,,,,,,Shipper (24 Unit),,,,,,,,652225_Shipper,0.0,shopify,1,deny,manual,24.00,,true,true,,,,,,,,,,,,,,,,,,,,,,,,,,,,,kg,,,
family-bags-werthers-original-eclairs-100g,Werthers Original Eclairs Bag 100g x 12ct,<p>12 bags per outer</p>,Werthers,,"",Family Bags,false,Pack Size,Bag,,,,,,,,100750724_Bag,0.0,shopify,0,deny,manual,3.80,,true,true,,,,,,https://cdn.shopify.com/s/files/1/0668/0861/1129/products/100750724_Werthers_Eclairs_100g.jpg?v=1754023447,1,"",false,,,,,,,,,,,,,,,,,,,,kg,,,draft
family-bags-werthers-original-eclairs-100g,,,,,,,,,Shipper (12 Bag),,,,,,,,100750724_Shipper,0.0,shopify,0,deny,manual,45.60,,true,true,,,,,,,,,,,,,,,,,,,,,,,,,,,,,kg,,,
family-bags-werthers-original-caramel-chews-135g,Werthers Original Chewy Toffees 135g x 12ct,<p>12 bags per outer</p>,Werthers,,"",Family Bags,false,Pack Size,Bag,,,,,,,,100750725_Bag,0.0,shopify,0,deny,manual,3.80,,true,true,,,,,,https://cdn.shopify.com/s/files/1/0668/0861/1129/products/100750725_Werthers_Caramel_Chews_wTUgarA.jpg?v=1754023447,1,"",false,,,,,,,,,,,,,,,,,,,,kg,,,draft
family-bags-werthers-original-caramel-chews-135g,,,,,,,,,Shipper (12 Bag),,,,,,,,100750725_Shipper,0.0,shopify,0,deny,manual,45.60,,true,true,,,,,,,,,,,,,,,,,,,,,,,,,,,,,kg,,,
family-bags-werthers-original-140g,Werthers Original Bag 140g x 12ct,<p>12 bags per outer</p>,Werthers,,"",Family Bags,true,Pack Size,Bag,,,,,,,,100750721_Bag,0.0,shopify,8,deny,manual,3.80,,true,true,,,,,,https://cdn.shopify.com/s/files/1/0668/0861/1129/products/werthers_cream_candies.jpg?v=1754023448,1,"",false,,,,,,,,,,,,,,,,,,,,kg,,,active
family-bags-werthers-original-140g,,,,,,,,,Shipper (12 Bag),,,,,,,,100750721_Shipper,0.0,shopify,0,deny,manual,45.60,,true,true,,,,,,,,,,,,,,,,,,,,,,,,,,,,,kg,,,
family-bags-tncc-snakes-230g,TNCC Snakes Family Bag 230g x 16ct,<p>16 bags per outer</p>,TNCC,,"","Family Bags, Night n Day Misc, Pascall, TNCC",true,Pack Size,Bag,,,,,,,,4303950_Bag,0.0,shopify,626,deny,manual,3.95,,true,true,,,,,,https://cdn.shopify.com/s/files/1/0668/0861/1129/products/650122_TNCC_SNAKES.jpg?v=1754023449,1,"",false,,,,,,,,,,,,,,,,,,,,kg,,,active
family-bags-tncc-snakes-230g,,,,,,,,,Shipper (16 Bag),,,,,,,,4303950_Shipper,0.0,shopify,39,deny,manual,63.20,,true,true,,,,,,,,,,,,,,,,,,,,,,,,,,,,,kg,,,
family-bags-tncc-fruit-salad-240g,TNCC Fruit Salad Family Bag 220g x 18ct,<p>18 bags per outer</p>,TNCC,,"","Family Bags, Night n Day Misc, Pascall, TNCC",true,Pack Size,Bag,,,,,,,,4303962_Bag,0.0,shopify,950,deny,manual,3.95,,true,true,,,,,,https://cdn.shopify.com/s/files/1/0668/0861/1129/products/650076_TNCC_FRUIT_SALAD.jpg?v=1754023449,1,"",false,,,,,,,,,,,,,,,,,,,,kg,,,active
family-bags-tncc-fruit-salad-240g,,,,,,,,,Shipper (18 Bag),,,,,,,,4303962_Shipper,0.0,shopify,52,deny,manual,71.10,,true,true,,,,,,,,,,,,,,,,,,,,,,,,,,,,,kg,,,
family-bags-rjs-twists-rasbperry-chocolate-280g,RJ's Twists Raspberry Chocolate Licorice 280g FAMILY BAG x 12ct,<p>12 bags per outer</p>,RJ's,"Food, Beverages & Tobacco > Food Items > Candy & Chocolate","","Family Bags, Licorice, Night n Day Misc, RJ's",true,Pack Size,Bag,,,,,,,,5026_Bag,0.0,shopify,0,deny,manual,4.95,,true,true,,,,,,https://cdn.shopify.com/s/files/1/0668/0861/1129/products/5026_RJs_raspberry_choc_twist_280g.jpg?v=1754023450,1,"",false,,,4748,,,,,,,,,,,,,,,,,kg,,,active
family-bags-rjs-twists-rasbperry-chocolate-280g,,,,,,,,,Shipper (12 Bag),,,,,,,,5026_Shipper,0.0,shopify,0,deny,manual,59.40,,true,true,,,,,,,,,,,,,,,,,,,,,,,,,,,,,kg,,,
family-bags-rjs-twists-chocolate-280g,RJ's Twists Chocolate Licorice 280g FAMILY BAG x 12ct,<p>12 bags per outer</p>,RJ's,"Food, Beverages & Tobacco > Food Items > Candy & Chocolate","","Family Bags, Licorice, Night n Day Misc, RJ's",true,Pack Size,Bag,,,,,,,,5018_Bag,0.0,shopify,476,deny,manual,4.95,,true,true,,,,,,https://cdn.shopify.com/s/files/1/0668/0861/1129/products/5018_RJs_Lic_Choc_twists_280g_2wE4nTl.jpg?v=1754023450,1,"",false,,,4748,,,,,,,,,,,,,,,,,kg,,,active
family-bags-rjs-twists-chocolate-280g,,,,,,,,,Shipper (12 Bag),,,,,,,,5018_Shipper,0.0,shopify,39,deny,manual,59.40,,true,true,,,,,,,,,,,,,,,,,,,,,,,,,,,,,kg,,,
family-bags-rjs-smallsorts-180g,RJ's Smallsorts 180g FAMILY BAG x 12ct,<p>12 bags per outer</p>,RJ's,"Food, Beverages & Tobacco > Food Items > Candy & Chocolate","","Family Bags, Licorice, Night n Day Misc, RJ's",true,Pack Size,Bag,,,,,,,,5075_Bag,0.0,shopify,344,deny,manual,3.70,,true,true,,,,,,https://cdn.shopify.com/s/files/1/0668/0861/1129/products/5075_Licorice_Smallsorts_180g.jpg?v=1754023451,1,"",false,,,4748,,,,,,,,,,,,,,,,,kg,,,active
family-bags-rjs-smallsorts-180g,,,,,,,,,Shipper (12 Bag),,,,,,,,5075_Shipper,0.0,shopify,28,deny,manual,44.40,,true,true,,,,,,,,,,,,,,,,,,,,,,,,,,,,,kg,,,
family-bags-rjs-sherbet-fizz-green-apple-200g,RJ's Fabullicious Sherbet Fizz Green Apple FAMILY BAG 200g x 12ct,<p>12 bags per shipper</p>,RJ's,"Food, Beverages & Tobacco > Food Items > Candy & Chocolate","","Family Bags, Licorice, Night n Day Misc, RJ's",true,Pack Size,Bag,,,,,,,,5086_Bag,0.0,shopify,130,deny,manual,3.70,,true,true,,,,,,https://cdn.shopify.com/s/files/1/0668/0861/1129/products/5086_RJ_Fabulicious_Green_Apple_Sherbet_Fizz.jpg?v=1754023452,1,"",false,,,4748,,,,,,,,,,,,,,,,,kg,,,active
family-bags-rjs-sherbet-fizz-green-apple-200g,,,,,,,,,Shipper (12 Bag),,,,,,,,5086_Shipper,0.0,shopify,10,deny,manual,44.40,,true,true,,,,,,,,,,,,,,,,,,,,,,,,,,,,,kg,,,
family-bags-rjs-sherbet-fizz-200g,RJ's Fabulicious Sherbet Fizz Raspberry FAMILY BAG  200g x 12ct,<p>12 bags per outer</p>,RJ's,"Food, Beverages & Tobacco > Food Items > Candy & Chocolate","","Family Bags, Licorice, Night n Day Misc, RJ's",true,Pack Size,Bag,,,,,,,,5071_Bag,0.0,shopify,406,deny,manual,3.70,,true,true,,,,,,https://cdn.shopify.com/s/files/1/0668/0861/1129/products/5071_RJ_Fabulicious_Sherbet_Fizz.jpg?v=1754023452,1,"",false,,,4748,,,,,,,,,,,,,,,,,kg,,,active
family-bags-rjs-sherbet-fizz-200g,,,,,,,,,Shipper (12 Bag),,,,,,,,5071_Shipper,0.0,shopify,33,deny,manual,44.40,,true,true,,,,,,,,,,,,,,,,,,,,,,,,,,,,,kg,,,
family-bags-rjs-raspberry-twister-200g,RJ's Fabulicious Raspberry Twister FAMILY BAG 200g x 12ct,<p>12 bags per outer</p>,RJ's,"Food, Beverages & Tobacco > Food Items > Candy & Chocolate","","Family Bags, Licorice, Night n Day Misc, RJ's",true,Pack Size,Bag,,,,,,,,5057_Bag,0.0,shopify,437,deny,manual,3.70,,true,true,,,,,,https://cdn.shopify.com/s/files/1/0668/0861/1129/products/5057_RJ_FAMILY_BAG_RASPBERRY_TWISTER.jpg?v=1754023453,1,"",false,,,4748,,,,,,,,,,,,,,,,,kg,,,active
family-bags-rjs-raspberry-twister-200g,,,,,,,,,Shipper (12 Bag),,,,,,,,5057_Shipper,0.0,shopify,36,deny,manual,44.40,,true,true,,,,,,,,,,,,,,,,,,,,,,,,,,,,,kg,,,
family-bags-rjs-licorice-allsorts-280g,RJ's Licorice Allsorts 280g FAMILY BAGS x 12ct,<p>12 bags per outer</p>,RJ's,"Food, Beverages & Tobacco > Food Items > Candy & Chocolate","","Family Bags, Licorice, Night n Day Misc, RJ's",true,Pack Size,Bag,,,,,,,,5004_Bag,0.0,shopify,90,deny,manual,4.95,,true,true,,,,,,https://cdn.shopify.com/s/files/1/0668/0861/1129/products/5004_RJs_Lic_Allsorts_280g.jpg?v=1754023454,1,"",false,,,4748,,,,,,,,,,,,,,,,,kg,,,active
family-bags-rjs-licorice-allsorts-280g,,,,,,,,,Shipper (12 Bag),,,,,,,,5004_Shipper,0.0,shopify,7,deny,manual,59.40,,true,true,,,,,,,,,,,,,,,,,,,,,,,,,,,,,kg,,,
family-bags-rjs-chocolate-raspberry-balls-220g,RJ's Balls Chocolate Raspberry 220g FAMILY BAG x 12ct,<p>12 bags per outer</p>,RJ's,"Food, Beverages & Tobacco > Food Items > Candy & Chocolate","","Family Bags, Licorice, Night n Day Misc, RJ's",true,Pack Size,Bag,,,,,,,,5012_Bag,0.0,shopify,108,deny,manual,4.95,,true,true,,,,,,https://cdn.shopify.com/s/files/1/0668/0861/1129/products/5012_RJs_Chocolate_Raspberry_Balls.jpg?v=1754023454,1,"",false,,,4748,,,,,,,,,,,,,,,,,kg,,,active
family-bags-rjs-chocolate-raspberry-balls-220g,,,,,,,,,Shipper (12 Bag),,,,,,,,5012_Shipper,0.0,shopify,9,deny,manual,59.40,,true,true,,,,,,,,,,,,,,,,,,,,,,,,,,,,,kg,,,
family-bags-rjs-candy-coated-strawberry-balls-200g,RJ's Balls Candy Coated Strawberry Balls FAMILY BAG 200g x 12ct,<p>12 bags per outer</p>,RJ's,"Food, Beverages & Tobacco > Food Items > Candy & Chocolate","","Family Bags, Licorice, Night n Day Misc, RJ's",true,Pack Size,Bag,,,,,,,,5053_Bag,0.0,shopify,74,deny,manual,4.95,,true,true,,,,,,https://cdn.shopify.com/s/files/1/0668/0861/1129/products/5053_RJs_CandyCoatedBalls_Strawberry.jpg?v=1754023455,1,"",false,,,4748,,,,,,,,,,,,,,,,,kg,,,active
family-bags-rjs-candy-coated-strawberry-balls-200g,,,,,,,,,Shipper (12 Bag),,,,,,,,5053_Shipper,0.0,shopify,6,deny,manual,59.40,,true,true,,,,,,,,,,,,,,,,,,,,,,,,,,,,,kg,,,
family-bags-pascall-wine-gums-180g,Pascall Family Bag Wine Gums 180g x 18ct,<p>18 bags per outer</p>,Pascall,,"","Family Bags, Night n Day Misc, Pascall, TNCC",true,Pack Size,Bag,,,,,,,,4228637_Bag,0.0,shopify,365,deny,manual,2.94,,true,true,,,,,,https://cdn.shopify.com/s/files/1/0668/0861/1129/products/4228637_PASCALL_WINE_GUMS_FBAG_240g.jpg?v=1754023456,1,"",false,,,,,,,,,,,,,,,,,,,,kg,,,active
family-bags-pascall-wine-gums-180g,,,,,,,,,Shipper (18 Bag),,,,,,,,4228637_Shipper,0.0,shopify,20,deny,manual,52.92,,true,true,,,,,,,,,,,,,,,,,,,,,,,,,,,,,kg,,,
family-bags-pascall-pineapple-lumps-140g,Pascall Family Bag Pineapple Lumps 120g x 14ct,<p>14 bags per outer</p>,Pascall,,"","Family Bags, Night n Day Misc, Pascall, TNCC",true,Pack Size,Bag,,,,,,,,4300335_Bag,0.0,shopify,680,deny,manual,2.94,,true,true,,,,,,https://cdn.shopify.com/s/files/1/0668/0861/1129/products/4269346_PASCALL_PINEAPPLE_LUMP_FBAG_140g.jpg?v=1754023456,1,"",false,,,,,,,,,,,,,,,,,,,,kg,,,active
family-bags-pascall-pineapple-lumps-140g,,,,,,,,,Shipper (14 Bag),,,,,,,,4300335_Shipper,0.0,shopify,48,deny,manual,41.16,,true,true,,,,,,,,,,,,,,,,,,,,,,,,,,,,,kg,,,
family-bags-pascall-party-pack-180g,Pascall Family Bag Party Pack 180g x 18ct,<p>18 bags per outer</p>,Pascall,,"","Family Bags, Night n Day Misc, Pascall, TNCC",true,Pack Size,Bag,,,,,,,,4228634_Bag,0.0,shopify,976,deny,manual,2.94,,true,true,,,,,,https://cdn.shopify.com/s/files/1/0668/0861/1129/products/4228634_PASCALL_PARTY_PACK_240g.jpg?v=1754023457,1,"",false,,,,,,,,,,,,,,,,,,,,kg,,,active
family-bags-pascall-party-pack-180g,,,,,,,,,Shipper (18 Bag),,,,,,,,4228634_Shipper,0.0,shopify,54,deny,manual,52.92,,true,true,,,,,,,,,,,,,,,,,,,,,,,,,,,,,kg,,,
family-bags-pascall-mint-imperials-150g,Pascall Family Bag Mint Imperials 150g x 14ct,<p>14 bags per outer</p>,Pascall,,"","Family Bags, Night n Day Misc, Pascall, TNCC",true,Pack Size,Bag,,,,,,,,4228648_Bag,0.0,shopify,143,deny,manual,2.94,,true,true,,,,,,https://cdn.shopify.com/s/files/1/0668/0861/1129/products/4228648_MINT_IMPERIALS_FBAG.jpg?v=1754023457,1,"",false,,,,,,,,,,,,,,,,,,,,kg,,,active
family-bags-pascall-mint-imperials-150g,,,,,,,,,Shipper (14 Bag),,,,,,,,4228648_Shipper,0.0,shopify,10,deny,manual,41.16,,true,true,,,,,,,,,,,,,,,,,,,,,,,,,,,,,kg,,,
family-bags-pascall-minties-170g,Pascall Family Bag Minties 170g x 16ct,<p>16 bags per outer</p>,Pascall,Uncategorized,"","Archie Brothers, Family Bags, Night n Day Misc, Pascall, TNCC",true,Pack Size,Bag,,,,,,,,4228653_Bag,0.0,shopify,359,deny,manual,2.94,,true,true,,,,,,https://cdn.shopify.com/s/files/1/0668/0861/1129/products/4228653_PASCALL_MINTIES_FBAG_220g.jpg?v=1754023458,1,"",false,,,,,,,,,,,,,,,,,,,,kg,,,active
family-bags-pascall-minties-170g,,,,,,,,,Shipper (16 Bag),,,,,,,,4228653_Shipper,0.0,shopify,22,deny,manual,47.04,,true,true,,,,,,,,,,,,,,,,,,,,,,,,,,,,,kg,,,
family-bags-pascall-milkshakes-170g,Pascall Family Bag Milkshakes 170g x 16ct,<p>16 bags per outer</p>,Pascall,,"","Family Bags, Night n Day Misc, Pascall, TNCC",true,Pack Size,Bag,,,,,,,,4228651_Bag,0.0,shopify,117,deny,manual,2.94,,true,true,,,,,,https://cdn.shopify.com/s/files/1/0668/0861/1129/products/4228651_PASCALL_MILK_SHAKES_FBAG_210g.jpg?v=1754023459,1,"",false,,,,,,,,,,,,,,,,,,,,kg,,,active
family-bags-pascall-milkshakes-170g,,,,,,,,,Shipper (16 Bag),,,,,,,,4228651_Shipper,0.0,shopify,7,deny,manual,47.04,,true,true,,,,,,,,,,,,,,,,,,,,,,,,,,,,,kg,,,
family-bags-pascall-marshmallows-180g,Pascall Family Bag Marshmallows 180g x 12ct,<p>12 bags per outer</p>,Pascall,,"","Family Bags, Night n Day Misc, Pascall, TNCC",true,Pack Size,Bag,,,,,,,,650152_Bag,0.0,shopify,464,deny,manual,2.94,,true,true,,,,,,https://cdn.shopify.com/s/files/1/0668/0861/1129/products/650152_PASCALL_MARSHMALLOW_210g_FBAG.jpg?v=1754023459,1,"",false,,,,,,,,,,,,,,,,,,,,kg,,,active
family-bags-pascall-marshmallows-180g,,,,,,,,,Shipper (12 Bag),,,,,,,,650152_Shipper,0.0,shopify,38,deny,manual,35.28,,true,true,,,,,,,,,,,,,,,,,,,,,,,,,,,,,kg,,,
family-bags-pascall-lolly-scramble-170g,Pascall Family Bag Lolly Scramble 170g x 16ct,<p>16 bags per outer</p>,Pascall,,"","Family Bags, Night n Day Misc, Pascall, TNCC",true,Pack Size,Bag,,,,,,,,4228650_Bag,0.0,shopify,310,deny,manual,2.94,,true,true,,,,,,https://cdn.shopify.com/s/files/1/0668/0861/1129/products/4228650_PASCALL_LOLLY_SCRAMBLE_210G.jpg?v=1754023460,1,"",false,,,,,,,,,,,,,,,,,,,,kg,,,active
family-bags-pascall-lolly-scramble-170g,,,,,,,,,Shipper (16 Bag),,,,,,,,4228650_Shipper,0.0,shopify,19,deny,manual,47.04,,true,true,,,,,,,,,,,,,,,,,,,,,,,,,,,,,kg,,,
family-bags-pascall-jet-planes-180g,Pascall Family Bag Jet Planes 180g x 18ct,<p>18 bags per outer</p>,Pascall,,"","Family Bags, Night n Day Misc, Pascall, TNCC",true,Pack Size,Bag,,,,,,,,4228636_Bag,0.0,shopify,545,deny,manual,2.94,,true,true,,,,,,https://cdn.shopify.com/s/files/1/0668/0861/1129/products/4228636_PASCALL_JET_PLANES_FBAG_240g.jpg?v=1754023460,1,"",false,,,,,,,,,,,,,,,,,,,,kg,,,active
family-bags-pascall-jet-planes-180g,,,,,,,,,Shipper (18 Bag),,,,,,,,4228636_Shipper,0.0,shopify,30,deny,manual,52.92,,true,true,,,,,,,,,,,,,,,,,,,,,,,,,,,,,kg,,,
family-bags-pascall-fruit-jubes-180g,Pascall Family Bag Fruit Jubes 180g x 18ct,<p>18 bags per outer</p>,Pascall,,"","Family Bags, Night n Day Misc, Pascall, TNCC",true,Pack Size,Bag,,,,,,,,4228635_Bag,0.0,shopify,584,deny,manual,2.94,,true,true,,,,,,https://cdn.shopify.com/s/files/1/0668/0861/1129/products/4228635_PASCALL_FRUIT_JUBES_FBAG_240g.jpg?v=1754023461,1,"",false,,,,,,,,,,,,,,,,,,,,kg,,,active
family-bags-pascall-fruit-jubes-180g,,,,,,,,,Shipper (18 Bag),,,,,,,,4228635_Shipper,0.0,shopify,32,deny,manual,52.92,,true,true,,,,,,,,,,,,,,,,,,,,,,,,,,,,,kg,,,
family-bags-pascall-fruit-burst-170g,Pascall Family Bag Fruit Burst 170g x 16ct,<p>16 bags per outer</p>,Pascall,,"","Family Bags, Night n Day Misc, Pascall, TNCC",true,Pack Size,Bag,,,,,,,,4228652_Bag,0.0,shopify,466,deny,manual,2.94,,true,true,,,,,,https://cdn.shopify.com/s/files/1/0668/0861/1129/products/4228652_PASCALL_FRUITBURST_FBAG_220g.jpg?v=1754023462,1,"",false,,,,,,,,,,,,,,,,,,,,kg,,,active
family-bags-pascall-fruit-burst-170g,,,,,,,,,Shipper (16 Bag),,,,,,,,4228652_Shipper,0.0,shopify,29,deny,manual,47.04,,true,true,,,,,,,,,,,,,,,,,,,,,,,,,,,,,kg,,,
family-bags-pascall-explorers-150g,Pascall Family Bag Explorers 150g x 14ct,<p>18 bags per outer</p>,Pascall,"Food, Beverages & Tobacco > Food Items > Candy & Chocolate > Candy","","Family Bags, Night n Day Misc, Pascall, TNCC",true,Pack Size,Bag,,,,,,,,4308232_Bag,0.0,shopify,476,deny,manual,2.94,,true,true,,,,,,https://cdn.shopify.com/s/files/1/0668/0861/1129/products/4268255_Pascall_Explorers_150g.jpg?v=1754023462,1,"",false,,,4748,,,,,,,,,,,,,,,,,kg,,,active
family-bags-pascall-explorers-150g,,,,,,,,,Shipper (14 Bag),,,,,,,,4308232_Shipper,0.0,shopify,34,deny,manual,41.16,,true,true,,,,,,,,,,,,,,,,,,,,,,,,,,,,,kg,,,
family-bags-pascall-curiously-strong-peppermint-150g,Pascall Family Bag Curiously Strong Peppermint 150g x 14ct,<p>14 bags per outer</p>,Pascall,Uncategorized,"","Family Bags, Night n Day Misc, Pascall, TNCC",true,Pack Size,Bag,,,,,,,,4228649_Bag,0.0,shopify,248,deny,manual,2.94,,true,true,,,,,,https://cdn.shopify.com/s/files/1/0668/0861/1129/products/4228649_CURIOUSLY_STRONG_MINTS.jpg?v=1754023463,1,"",false,,,,,,,,,,,,,,,,,,,,kg,,,active
family-bags-pascall-curiously-strong-peppermint-150g,,,,,,,,,Shipper (14 Bag),,,,,,,,4228649_Shipper,0.0,shopify,17,deny,manual,41.16,,true,true,,,,,,,,,,,,,,,,,,,,,,,,,,,,,kg,,,
family-bags-oddfellows-strongmints-200g,RJ's Oddfellows Strongmints FAMILY BAG 200g x 12ct,<p>12 bags per outer</p>,RJ's,,"","Family Bags, Night n Day Misc, RJ's",false,Pack Size,Bag,,,,,,,,5070_Bag,0.0,shopify,0,deny,manual,3.70,,true,true,,,,,,https://cdn.shopify.com/s/files/1/0668/0861/1129/products/5070_RJs_Oddfellow_Strongmints.jpg?v=1754023464,1,"",false,,,,,,,,,,,,,,,,,,,,kg,,,draft
family-bags-oddfellows-strongmints-200g,,,,,,,,,Shipper (12 Bag),,,,,,,,5070_Shipper,0.0,shopify,0,deny,manual,44.40,,true,true,,,,,,,,,,,,,,,,,,,,,,,,,,,,,kg,,,
family-bags-oddfellows-spearmint-200g,RJ's Oddfellows Spearmints FAMILY BAG 200g x 12ct,<p>12 bags per outer</p>,RJ's,,"","Family Bags, Night n Day Misc, RJ's",true,Pack Size,Bag,,,,,,,,5082_Bag,0.0,shopify,320,deny,manual,3.70,,true,true,,,,,,https://cdn.shopify.com/s/files/1/0668/0861/1129/products/5082_Odd_fellows_spearmints_new.jpg?v=1754023464,1,"",false,,,,,,,,,,,,,,,,,,,,kg,,,active
family-bags-oddfellows-spearmint-200g,,,,,,,,,Shipper (12 Bag),,,,,,,,5082_Shipper,0.0,shopify,26,deny,manual,44.40,,true,true,,,,,,,,,,,,,,,,,,,,,,,,,,,,,kg,,,
family-bags-oddfellows-mints-200g,RJ's Oddfellows Mints FAMILY BAG 200g x 24ct,<p>24 bags per outer</p>,RJ's,,"","Family Bags, Night n Day Misc, RJ's",true,Pack Size,Bag,,,,,,,,5069_Bag,0.0,shopify,307,deny,manual,3.70,,true,true,,,,,,https://cdn.shopify.com/s/files/1/0668/0861/1129/products/5069_RJ_Oddfellows_Mint_Bag_200g_3D.jpg?v=1754023465,1,"",false,,,,,,,,,,,,,,,,,,,,kg,,,active
family-bags-oddfellows-mints-200g,,,,,,,,,Shipper (24 Bag),,,,,,,,5069_Shipper,0.0,shopify,12,deny,manual,88.80,,true,true,,,,,,,,,,,,,,,,,,,,,,,,,,,,,kg,,,
family-bags-jaffas-150g,RJ's Jaffas FAMILY BAG 150g x 12ct,<p>12 bags per outer</p>,RJ's,,"","Family Bags, Night n Day Misc, RJ's",true,Pack Size,Bag,,,,,,,,DL20003_Bag,0.0,shopify,0,deny,manual,4.50,,true,true,,,,,,https://cdn.shopify.com/s/files/1/0668/0861/1129/products/DL20003_RJs_Jaffas_family_bag.jpg?v=1754023466,1,"",false,,,,,,,,,,,,,,,,,,,,kg,,,active
family-bags-jaffas-150g,,,,,,,,,Shipper (12 Bag),,,,,,,,DL20003_Shipper,0.0,shopify,0,deny,manual,54.00,,true,true,,,,,,,,,,,,,,,,,,,,,,,,,,,,,kg,,,
family-bags-hi-chew-90g-sweet-sour-mix,Hi-Chew Bag Sweet n Sour Mix 90g x 18ct,<p>18 bags per outer</p>,Hi-Chew,"Food, Beverages & Tobacco > Food Items > Candy & Chocolate > Candy","","Family Bags, Hi-Chew Bags, hide-bag, Night n Day Misc",true,Pack Size,Bag,,,,,,,,DN11077_Bag,0.0,shopify,214,deny,manual,2.57,,true,true,,,,,,https://cdn.shopify.com/s/files/1/0668/0861/1129/products/DN11077_HI-CHEW_SWEET__SOUR_MIX_90G.jpg?v=1754023466,1,"",false,,,4748,,,,,,,,,,,,,,,,,kg,,,active
family-bags-hi-chew-90g-sweet-sour-mix,,,,,,,,,Shipper (18 Bag),,,,,,,,DN11077_Shipper,0.0,shopify,11,deny,manual,46.26,,true,true,,,,,,,,,,,,,,,,,,,,,,,,,,,,,kg,,,
family-bags-hi-chew-100g-tropical-mix,Hi-Chew Bag Tropical Mix 100g x 18ct,<p>18 bags per outer</p>,Hi-Chew,"Food, Beverages & Tobacco > Food Items > Candy & Chocolate > Candy","","Family Bags, Hi-Chew Bags, hide-bag, Night n Day Misc",true,Pack Size,Bag,,,,,,,,DN11108_Bag,0.0,shopify,398,deny,manual,2.57,,true,true,,,,,,https://cdn.shopify.com/s/files/1/0668/0861/1129/products/DN11108_HI-CHEW_TROPICAL_MIX_100G.jpg?v=1754023467,1,"",false,,,4748,,,,,,,,,,,,,,,,,kg,,,active
family-bags-hi-chew-100g-tropical-mix,,,,,,,,,Shipper (18 Bag),,,,,,,,DN11108_Shipper,0.0,shopify,22,deny,manual,46.26,,true,true,,,,,,,,,,,,,,,,,,,,,,,,,,,,,kg,,,
family-bags-hi-chew-100g-soda-pop-mix,Hi-Chew Bag Soda Pop Mix 100g x 18ct,<p>18 bags per outer</p>,Hi-Chew,"Food, Beverages & Tobacco > Food Items > Candy & Chocolate > Candy","","Family Bags, Hi-Chew Bags, hide-bag, Night n Day Misc",true,Pack Size,Bag,,,,,,,,DN11105_Bag,0.0,shopify,275,deny,manual,2.57,,true,true,,,,,,https://cdn.shopify.com/s/files/1/0668/0861/1129/products/DN11105_Hi_Chew_Soda_Pop.jpg?v=1754023467,1,"",false,,,4748,,,,,,,,,,,,,,,,,kg,,,active
family-bags-hi-chew-100g-soda-pop-mix,,,,,,,,,Shipper (18 Bag),,,,,,,,DN11105_Shipper,0.0,shopify,15,deny,manual,46.26,,true,true,,,,,,,,,,,,,,,,,,,,,,,,,,,,,kg,,,
family-bags-hi-chew-100g-original-mix,Hi-Chew Bag Original Mix 100g x 18ct,<p>18 bags per outer</p>,Hi-Chew,"Food, Beverages & Tobacco > Food Items > Candy & Chocolate > Candy","","Family Bags, Hi-Chew Bags, hide-bag, Night n Day Misc",true,Pack Size,Bag,,,,,,,,DN10956_Bag,0.0,shopify,167,deny,manual,2.57,,true,true,,,,,,https://cdn.shopify.com/s/files/1/0668/0861/1129/products/DN10956_HI-CHEW_MIXED_FRUIT_100G.jpg?v=1754023468,1,"",false,,,4748,,,,,,,,,,,,,,,,,kg,,,active
family-bags-hi-chew-100g-original-mix,,,,,,,,,Shipper (18 Bag),,,,,,,,DN10956_Shipper,0.0,shopify,9,deny,manual,46.26,,true,true,,,,,,,,,,,,,,,,,,,,,,,,,,,,,kg,,,
family-bags-allens-mackintosh-toffees-200g,Allens Mackintoshs 200g FAMILY BAG x 24ct,<p>24 bags per outer</p>,RJ's,Uncategorized,"","Nestle, Night n Day Misc",true,Pack Size,Bag,,,,,,,,5067_Bag,0.0,shopify,264,deny,manual,3.70,,true,true,,,,,,https://cdn.shopify.com/s/files/1/0668/0861/1129/products/5067_RJ_MACKINTOSH_FBAG.jpg?v=1754023469,1,"",false,,,,,,,,,,,,,,,,,,,,kg,,,active
family-bags-allens-mackintosh-toffees-200g,,,,,,,,,Shipper (24 Bag),,,,,,,,5067_Shipper,0.0,shopify,11,deny,manual,88.80,,true,true,,,,,,,,,,,,,,,,,,,,,,,,,,,,,kg,,,
family-bags-allens-mackintosh-licorice-toffees-170g,Allens Mackintoshs Licorice Toffees FAMILY BAG 170g x 12ct,<p>12 bags per outer</p>,RJ's,"Food, Beverages & Tobacco > Food Items > Candy & Chocolate","","Family Bags, Licorice, Night n Day Misc",true,Pack Size,Bag,,,,,,,,5087_Bag,0.0,shopify,228,deny,manual,3.70,,true,true,,,,,,https://cdn.shopify.com/s/files/1/0668/0861/1129/products/5087_Mackintoshs_Licorice_Toffee_170g.jpg?v=1754023469,1,"",false,,,4748,,,,,,,,,,,,,,,,,kg,,,active
family-bags-allens-mackintosh-licorice-toffees-170g,,,,,,,,,Shipper (12 Bag),,,,,,,,5087_Shipper,0.0,shopify,19,deny,manual,44.40,,true,true,,,,,,,,,,,,,,,,,,,,,,,,,,,,,kg,,,
extreme-z-strawberry-40g,Extreme Z Strawberry 40g x24ct,"",Extreme Z,Uncategorized,"",Novelty,true,Pack Size,Outer,,,,,,,,GCEXS_Outer,0.0,shopify,76,deny,manual,18.20,,true,true,,,,,,https://cdn.shopify.com/s/files/1/0668/0861/1129/files/GCEXSEXTREMEZSTRAW.jpg?v=1772763195,1,"",false,,,,,,,,,,,,,,,,,,,,kg,,,active
extreme-z-strawberry-40g,,,,,,,,,Shipper (8 Outer),,,,,,,,GCEXS_Shipper,0.0,shopify,9,deny,manual,145.60,,true,true,,,,,,,,,,,,,,,,,,,,,,,,,,,,,kg,,,
extreme-z-blue-raspberry-40g,Extreme Z Blue Raspb 40g x24ct,"",Extreme Z,Uncategorized,"",Novelty,true,Pack Size,Outer,,,,,,,,GCEXBR_Outer,0.0,shopify,54,deny,manual,18.20,,true,true,,,,,,https://cdn.shopify.com/s/files/1/0668/0861/1129/files/GCEXBREXTREMEZBLUE1.jpg?v=1772763219,1,"",false,,,,,,,,,,,,,,,,,,,,kg,,,active
extreme-z-blue-raspberry-40g,,,,,,,,,Shipper (8 Outer),,,,,,,,GCEXBR_Shipper,0.0,shopify,6,deny,manual,145.60,,true,true,,,,,,,,,,,,,,,,,,,,,,,,,,,,,kg,,,
enduro-bars,Enduro Bar x 20ct,"",DutchRusk,,"",Snacks,true,Pack Size,Outer,,,,,,,,F43477_Outer,0.0,shopify,10,deny,manual,46.45,,true,true,,,,,,https://cdn.shopify.com/s/files/1/0668/0861/1129/products/F43477_ENDURO.jpg?v=1754023472,1,"",false,,,,,,,,,,,,,,,,,,,,kg,,,active
enduro-bars,,,,,,,,,Shipper (4 Outer),,,,,,,,F43477_Shipper,0.0,shopify,2,deny,manual,185.80,,true,true,,,,,,,,,,,,,,,,,,,,,,,,,,,,,kg,,,
empire-2kg-cough-tablets,Empire Cough Tablet lollies x 2kg,<p>10 bags per shipper</p>,Empire,,"","2kg, Bulk Gummies and Lollies",true,Pack Size,Outer,,,,,,,,8_Outer,0.0,shopify,0,deny,manual,27.40,,true,true,,,,,,https://cdn.shopify.com/s/files/1/0668/0861/1129/products/8_COUGH_TABLETS.jpg?v=1754023473,1,"",false,,,,,,,,,,,,,,,,,,,,kg,,,active
empire-2kg-cough-tablets,,,,,,,,,Shipper (10 Outer),,,,,,,,8_Shipper,0.0,shopify,0,deny,manual,274.00,,true,true,,,,,,,,,,,,,,,,,,,,,,,,,,,,,kg,,,
eclipse-mints-40g-tin-strawberry,Eclipse Mints 40g Tin - Strawberry x 12ct,"",Mars,,"","Gum, Night n Day Misc, Wrigleys",true,Pack Size,Outer,,,,,,,,378273_Outer,0.0,shopify,82,deny,manual,41.60,,true,true,,,,,,https://cdn.shopify.com/s/files/1/0668/0861/1129/products/378273_Wrigleys_Eclipse_Strawberry_40g.jpg?v=1754023474,1,"",false,,,,,,,,,,,,,,,,,,,,kg,,,active
eclipse-mints-40g-tin-strawberry,,,,,,,,,Shipper (10 Outer),,,,,,,,378273_Shipper,0.0,shopify,8,deny,manual,416.00,,true,true,,,,,,,,,,,,,,,,,,,,,,,,,,,,,kg,,,
eclipse-mints-40g-tin-spearmint,Eclipse Mints 40g Tin - Spearmint x 12ct,"",Mars,,"","Gum, Night n Day Misc, Wrigleys",true,Pack Size,Outer,,,,,,,,378271_Outer,0.0,shopify,38,deny,manual,41.60,,true,true,,,,,,https://cdn.shopify.com/s/files/1/0668/0861/1129/products/378271_Wrigleys_Eclipse_Spearmint_40g.jpg?v=1754023474,1,"",false,,,,,,,,,,,,,,,,,,,,kg,,,active
eclipse-mints-40g-tin-spearmint,,,,,,,,,Shipper (10 Outer),,,,,,,,378271_Shipper,0.0,shopify,3,deny,manual,416.00,,true,true,,,,,,,,,,,,,,,,,,,,,,,,,,,,,kg,,,
eclipse-mints-40g-tin-peppermint,Eclipse Mints 40g Tin - Peppermint x 12ct,"",Mars,,"","Gum, Night n Day Misc, Wrigleys",true,Pack Size,Outer,,,,,,,,378275_Outer,0.0,shopify,64,deny,manual,41.60,,true,true,,,,,,https://cdn.shopify.com/s/files/1/0668/0861/1129/products/378275_Eclipse_Peppermint_40g.jpg?v=1754023475,1,"",false,,,,,,,,,,,,,,,,,,,,kg,,,active
eclipse-mints-40g-tin-peppermint,,,,,,,,,Shipper (10 Outer),,,,,,,,378275_Shipper,0.0,shopify,6,deny,manual,416.00,,true,true,,,,,,,,,,,,,,,,,,,,,,,,,,,,,kg,,,
eclipse-mints-40g-tin-intense,Eclipse Mints 40g Tin - Intense x 12ct,"",Mars,,"","Gum, Night n Day Misc, Wrigleys",true,Pack Size,Outer,,,,,,,,378287_Outer,0.0,shopify,66,deny,manual,41.60,,true,true,,,,,,https://cdn.shopify.com/s/files/1/0668/0861/1129/products/378287_Eclipse_Intense_40g.jpg?v=1754023476,1,"",false,,,,,,,,,,,,,,,,,,,,kg,,,active
eclipse-mints-40g-tin-intense,,,,,,,,,Shipper (10 Outer),,,,,,,,378287_Shipper,0.0,shopify,6,deny,manual,416.00,,true,true,,,,,,,,,,,,,,,,,,,,,,,,,,,,,kg,,,
eclipse-chewy-mints-27g-spearmint,Eclipse Chewy Mints Spearmint 27g x 20ct,"",Mars,,"","Gum, Night n Day Misc, Wrigleys",true,Pack Size,Outer,,,,,,,,372495_Outer,0.0,shopify,64,deny,manual,42.50,,true,true,,,,,,https://cdn.shopify.com/s/files/1/0668/0861/1129/products/372495_WRIGLEYS_CHEWY_SPEARMINT.jpg?v=1754023476,1,"",false,,,,,,,,,,,,,,,,,,,,kg,,,active
eclipse-chewy-mints-27g-spearmint,,,,,,,,,Shipper (15 Outer),,,,,,,,372495_Shipper,0.0,shopify,4,deny,manual,637.50,,true,true,,,,,,,,,,,,,,,,,,,,,,,,,,,,,kg,,,
eclipse-chewy-mints-27g-peppermint,Eclipse Chewy Mints Peppermint 27g x 20ct,"",Mars,,"","Gum, Night n Day Misc, Wrigleys",true,Pack Size,Outer,,,,,,,,372494_Outer,0.0,shopify,58,deny,manual,42.50,,true,true,,,,,,https://cdn.shopify.com/s/files/1/0668/0861/1129/products/372494_WRIGLEYS_CHEWY_PEPPERMINT.jpg?v=1754023477,1,"",false,,,,,,,,,,,,,,,,,,,,kg,,,active
eclipse-chewy-mints-27g-peppermint,,,,,,,,,Shipper (15 Outer),,,,,,,,372494_Shipper,0.0,shopify,3,deny,manual,637.50,,true,true,,,,,,,,,,,,,,,,,,,,,,,,,,,,,kg,,,
dynamite-mega-sour-roller-105ml,Dynamite Mega Sour Roller 105ml x 12ct,"",DutchRusk,,"",Novelty,true,Pack Size,Outer,,,,,,,,100946830_Outer,0.0,shopify,0,deny,manual,16.56,,true,true,,,,,,https://cdn.shopify.com/s/files/1/0668/0861/1129/products/100946830_Dynamite_Mega_Sour_Roller.jpg?v=1754023478,1,"",false,,,,,,,,,,,,,,,,,,,,kg,,,active
dynamite-mega-sour-roller-105ml,,,,,,,,,Shipper (6 Outer),,,,,,,,100946830_Shipper,0.0,shopify,0,deny,manual,99.36,,true,true,,,,,,,,,,,,,,,,,,,,,,,,,,,,,kg,,,
dusky-lunch-packs,Dusky Lunch Snack Bag x 15ct,<p>15 Packs in a shipper</p>,DutchRusk,Uncategorized,"","Novelty, Snacks",true,Pack Size,Bag,,,,,,,,DR597_Bag,0.0,shopify,299,deny,manual,3.35,,true,true,,,,,,https://cdn.shopify.com/s/files/1/0668/0861/1129/files/DR597DuskyLunchBags.jpg?v=1768168524,1,"",false,,,,,,,,,,,,,,,,,,,,kg,,,active
dusky-lunch-packs,,,,,,,,,Shipper (15 Bag),,,,,,,,DR597_Shipper,0.0,shopify,19,deny,manual,50.25,,true,true,,,,,,,,,,,,,,,,,,,,,,,,,,,,,kg,,,
dragon-sweet-rolly,Dragon Sweet Rolly 40ml x 12ct,"<p>12 units per display outer, 18 outers per shipper</p>",Dragon,,"","Dragon Novelty, Night n Day Misc, Novelty",true,Pack Size,Outer,,,,,,,,DR224_Outer,0.0,shopify,68,deny,manual,13.85,,true,true,,,,,,https://cdn.shopify.com/s/files/1/0668/0861/1129/products/DR224_DRAGON_SWEET_ROLLY.jpg?v=1754023479,1,"",false,,,,,,,,,,,,,,,,,,,,kg,,,active
dragon-sweet-rolly,,,,,,,,,Shipper (18 Outer),,,,,,,,DR224_Shipper,0.0,shopify,3,deny,manual,249.30,,true,true,,,,,,,,,,,,,,,,,,,,,,,,,,,,,kg,,,
dragon-spray-grenade,Dragon Spray Grenade Candy 50ml x 12ct,"<p>12 units per display outer, 12 outers per shipper</p>",Dragon,,"","Dragon Novelty, Night n Day Misc, Novelty",true,Pack Size,Outer,,,,,,,,DR265_Outer,0.0,shopify,137,deny,manual,18.70,,true,true,,,,,,https://cdn.shopify.com/s/files/1/0668/0861/1129/products/DR_265_Spray_Grenade.jpg?v=1754023479,1,"",false,,,,,,,,,,,,,,,,,,,,kg,,,active
dragon-spray-grenade,,,,,,,,,Shipper (12 Outer),,,,,,,,DR265_Shipper,0.0,shopify,11,deny,manual,224.40,,true,true,,,,,,,,,,,,,,,,,,,,,,,,,,,,,kg,,,
dragon-spin-tops,Dragon Spin Tops Bubble Gum x 400ct,"<p>Approx 400 per bag, 4 bags per shipper</p>",Dragon,,"","Dragon Novelty, Novelty",true,Pack Size,Outer,,,,,,,,DR255_Outer,0.0,shopify,63,deny,manual,21.45,,true,true,,,,,,https://cdn.shopify.com/s/files/1/0668/0861/1129/products/DR_255_Spin_Tops_wZp3S6N.jpg?v=1754023480,1,"",false,,,,,,,,,,,,,,,,,,,,kg,,,active
dragon-spin-tops,,,,,,,,,Shipper (4 Outer),,,,,,,,DR255_Shipper,0.0,shopify,15,deny,manual,85.80,,true,true,,,,,,,,,,,,,,,,,,,,,,,,,,,,,kg,,,
dragon-sour-tongue-drops,Dragon Sour Tongue Drops 30ml x 15ct,"<p>18 units per display outer, 15 outers per shipper</p>",Dragon,,"","Dragon Novelty, Night n Day Misc, Novelty",true,Pack Size,Outer,,,,,,,,DR231_Outer,0.0,shopify,113,deny,manual,11.76,,true,true,,,,,,https://cdn.shopify.com/s/files/1/0668/0861/1129/products/DR231_DRAGON_SOUR_TONGUE_DROPS_XF0NUh4.jpg?v=1754023481,1,"",false,,,,,,,,,,,,,,,,,,,,kg,,,active
dragon-sour-tongue-drops,,,,,,,,,Shipper (18 Outer),,,,,,,,DR231_Shipper,0.0,shopify,6,deny,manual,211.68,,true,true,,,,,,,,,,,,,,,,,,,,,,,,,,,,,kg,,,
dragon-sour-rainbow-belts,Dragon Sour Rainbow Belts 8g  approx 250ct,"<p>Approx. 250 belts per display outer, 6 outers per shipper</p>",Dragon,,"","Dragon Novelty, Night n Day Misc, Novelty",true,Pack Size,Outer,,,,,,,,DR-122-2R_Outer,0.0,shopify,388,deny,manual,18.15,,true,true,,,,,,https://cdn.shopify.com/s/files/1/0668/0861/1129/products/DR-122-2R_RAINBOW_BELTS.jpg?v=1754023481,1,"",false,,,,,,,,,,,,,,,,,,,,kg,,,active
dragon-sour-rainbow-belts,,,,,,,,,Shipper (6 Outer),,,,,,,,DR-122-2R_Shipper,0.0,shopify,64,deny,manual,108.90,,true,true,,,,,,,,,,,,,,,,,,,,,,,,,,,,,kg,,,
dragon-rock-n-rollz-2kg,Dragon Candy Rolls approx 300ct,"<p>Candy Rolls<br>
Approx 280ct per bag, 6 bags per shipper</p>",Dragon,Uncategorized,"","2kg, Bulk Gummies and Lollies, Dragon Novelty, Night n Day Misc, Novelty",true,Pack Size,Outer,,,,,,,,DR-30B_Outer,0.0,shopify,0,deny,manual,21.95,,true,true,,,,,,https://cdn.shopify.com/s/files/1/0668/0861/1129/products/6307e0f4a41fb968c92ab1d1e5cb1826.jpg?v=1754023482,1,"",false,,,,,,,,,,,,,,,,,,,,kg,,,active
dragon-rock-n-rollz-2kg,,,,,,,,,Shipper (6 Outer),,,,,,,,DR-30B_Shipper,0.0,shopify,0,deny,manual,131.70,,true,true,,,,,,,,,,,,,,,,,,,,,,,,,,,,,kg,,,
dragon-mr-cool-banana-spray,Dragon Mr Cool Banana Spray x 9ct,"<p>9 units per display outer, 12 outers per shipper</p>",Dragon,,"","Dragon Novelty, Night n Day Misc, Novelty",true,Pack Size,Outer,,,,,,,,DR351_Outer,0.0,shopify,113,deny,manual,13.35,,true,true,,,,,,https://cdn.shopify.com/s/files/1/0668/0861/1129/products/DR351_Mr_Cool_Banana.jpg?v=1754023483,1,"",false,,,,,,,,,,,,,,,,,,,,kg,,,active
dragon-mr-cool-banana-spray,,,,,,,,,Shipper (12 Outer),,,,,,,,DR351_Shipper,0.0,shopify,9,deny,manual,160.20,,true,true,,,,,,,,,,,,,,,,,,,,,,,,,,,,,kg,,,
dragon-mega-sour-popping-dip,Dragon Mega Sour Popping Dip 54g x 24ct,"<p>24 units per display outer, 6 outers per shipper</p>",Dragon,Uncategorized,"","Dragon Novelty, Lollipops, Night n Day Misc, Novelty",true,Pack Size,Outer,,,,,,,,DR410_Outer,0.0,shopify,50,deny,manual,30.75,,true,true,,,,,,https://cdn.shopify.com/s/files/1/0668/0861/1129/products/DR410_Mega_Sour_Popping_Dip_2g2lXHK.jpg?v=1754023484,1,"",false,,,,,,,,,,,,,,,,,,,,kg,,,active
dragon-mega-sour-popping-dip,,,,,,,,,Shipper (6 Outer),,,,,,,,DR410_Shipper,0.0,shopify,8,deny,manual,184.50,,true,true,,,,,,,,,,,,,,,,,,,,,,,,,,,,,kg,,,
dragon-mega-sour-gel,Dragon Mega Sour Gel 120g x 12ct,"<p>12 units per display outer, 8 outers per shipper</p>",Dragon,,"","Dragon Novelty, Night n Day Misc, Novelty",true,Pack Size,Outer,,,,,,,,DR354_Outer,0.0,shopify,28,deny,manual,18.70,,true,true,,,,,,https://cdn.shopify.com/s/files/1/0668/0861/1129/products/DR354_Dragon_Mega_Sour_Gel_1.jpg?v=1754023485,1,"",false,,,,,,,,,,,,,,,,,,,,kg,,,active
dragon-mega-sour-gel,,,,,,,,,Shipper (8 Outer),,,,,,,,DR354_Shipper,0.0,shopify,3,deny,manual,149.60,,true,true,,,,,,,,,,,,,,,,,,,,,,,,,,,,,kg,,,
dragon-juicy-burst,Dragon Juicy Burst 42g x 24ct,"<p>24 units per display outer, 12 outers per shipper</p>",Dragon,,"","Dragon Novelty, Night n Day Misc, Novelty",true,Pack Size,Outer,,,,,,,,DR058_Outer,0.0,shopify,91,deny,manual,15.80,,true,true,,,,,,https://cdn.shopify.com/s/files/1/0668/0861/1129/products/DR058_Dragon_Juicy_Burst.jpg?v=1754023486,1,"",false,,,,,,,,,,,,,,,,,,,,kg,,,active
dragon-juicy-burst,,,,,,,,,Shipper (12 Outer),,,,,,,,DR058_Shipper,0.0,shopify,7,deny,manual,189.60,,true,true,,,,,,,,,,,,,,,,,,,,,,,,,,,,,kg,,,
dragon-fruity-ice-poster,Dragon Fruity Ice POSTER!!!!!!!! A4 size,<p>THIS IS A POSTER NOT PRODUCT</p>,Dragon,,"","Dragon Novelty, Novelty",true,Pack Size,Outer,,,,,,,,DR333-1_Outer,0.0,shopify,3,deny,manual,0.00,,true,true,,,,,,https://cdn.shopify.com/s/files/1/0668/0861/1129/products/DR333-1_NEW_Fruity_Ice_Poster.jpg?v=1754023487,1,"",false,,,,,,,,,,,,,,,,,,,,kg,,,active
dragon-double-trouble-spray,Dragon Double Trouble Spray 12ml x 15ct,"<p>15 units per display outer, 18 outers per shipper</p>",Dragon,,"","Dragon Novelty, hide-shipper, Night n Day Misc, Novelty",true,Pack Size,Outer,,,,,,,,DR207_Outer,0.0,shopify,183,deny,manual,17.30,,true,true,,,,,,https://cdn.shopify.com/s/files/1/0668/0861/1129/products/DR207_Double_Trouble.jpg?v=1754023488,1,"",false,,,,,,,,,,,,,,,,,,,,kg,,,active
dragon-double-trouble-spray,,,,,,,,,Shipper (18 Outer),,,,,,,,DR207_Shipper,0.0,shopify,10,deny,manual,311.40,,true,true,,,,,,,,,,,,,,,,,,,,,,,,,,,,,kg,,,
dragon-crazy-bubble-paste,Dragon Crazy Bubble Paste 50g x 12ct,"<p>12 units per display outer, 12 outers per shipper</p>",Dragon,,"","Dragon Novelty, hide-shipper, Night n Day Misc, Novelty",true,Pack Size,Outer,,,,,,,,DR204_Outer,0.0,shopify,89,deny,manual,17.00,,true,true,,,,,,https://cdn.shopify.com/s/files/1/0668/0861/1129/products/d0e8c59a6c0ff2945da6fb60d375e9bf.jpg?v=1754023488,1,"",false,,,,,,,,,,,,,,,,,,,,kg,,,active
dragon-crazy-bubble-paste,,,,,,,,,Shipper (12 Outer),,,,,,,,DR204_Shipper,0.0,shopify,7,deny,manual,204.00,,true,true,,,,,,,,,,,,,,,,,,,,,,,,,,,,,kg,,,
dragon-candy-necklaces,Dragon Candy Necklace 20g x 48ct,"<p>48 units per display outer, 6 outers per shipper</p>",Dragon,"Food, Beverages & Tobacco > Food Items > Candy & Chocolate > Candy","","Dragon Novelty, hide-shipper, Night n Day Misc, Novelty",true,Pack Size,Outer,,,,,,,,DR-8817_Outer,0.0,shopify,114,deny,manual,18.45,,true,true,,,,,,https://cdn.shopify.com/s/files/1/0668/0861/1129/products/DR-8817_Dragon_Candy_Necklace_20g.jpg?v=1754023489,1,"",false,,,4748,,,,,,,,,,,,,,,,,kg,,,active
dragon-candy-necklaces,,,,,,,,,Shipper (8 Outer),,,,,,,,DR-8817_Shipper,0.0,shopify,14,deny,manual,147.60,,true,true,,,,,,,,,,,,,,,,,,,,,,,,,,,,,kg,,,
dragon-2kg-strawberries,Dragon 2kg Gummy Strawberry,<p>Gluten Free product. Approx count 400 per bag</p>,Dragon,,"","2kg, Bulk Gummies and Lollies, Dragon 2KG, hide-shipper, Night n Day Misc",true,Pack Size,Bag,,,,,,,,DR-196_Bag,0.0,shopify,55,deny,manual,19.25,,true,true,,,,,,https://cdn.shopify.com/s/files/1/0668/0861/1129/products/DR_196_Strawberries_ypWrFMj.jpg?v=1754023490,1,"",false,,,,,,,,,,,,,,,,,,,,kg,,,active
dragon-2kg-strawberries,,,,,,,,,Shipper (6 Bag),,,,,,,,DR-196_Shipper,0.0,shopify,9,deny,manual,115.50,,true,true,,,,,,,,,,,,,,,,,,,,,,,,,,,,,kg,,,
dragon-2kg-starfish,Dragon 2kg Gummy Starfish,"<p>Gluten Free product. Approx count 400 per bag</p>
<p>6 bags per shipper</p>",Dragon,,"","2kg, Bulk Gummies and Lollies, Dragon 2KG, hide-shipper, Night n Day Misc",true,Pack Size,Bag,,,,,,,,DR-63B_Bag,0.0,shopify,68,deny,manual,19.25,,true,true,,,,,,https://cdn.shopify.com/s/files/1/0668/0861/1129/products/ca37fa2c89e8dae596a3d0717f094c80.jpg?v=1754023491,1,"",false,,,,,,,,,,,,,,,,,,,,kg,,,active
dragon-2kg-starfish,,,,,,,,,Shipper (6 Bag),,,,,,,,DR-63B_Shipper,0.0,shopify,11,deny,manual,115.50,,true,true,,,,,,,,,,,,,,,,,,,,,,,,,,,,,kg,,,
dragon-2kg-sour-worms,Dragon 2kg Sour Worms,<p>Gluten Free product. Approx count 400 per bag</p>,Dragon,,"","2kg, Bulk Gummies and Lollies, Dragon 2KG, hide-shipper, Night n Day Misc",true,Pack Size,Bag,,,,,,,,DR-41B_Bag,0.0,shopify,80,deny,manual,19.25,,true,true,,,,,,https://cdn.shopify.com/s/files/1/0668/0861/1129/products/70668242900ca8374eefd78e70429552.jpg?v=1754023492,1,"",false,,,,,,,,,,,,,,,,,,,,kg,,,active
dragon-2kg-sour-worms,,,,,,,,,Shipper (6 Bag),,,,,,,,DR-41B_Shipper,0.0,shopify,13,deny,manual,115.50,,true,true,,,,,,,,,,,,,,,,,,,,,,,,,,,,,kg,,,
dragon-2kg-sour-spiders-trademark-of-dutch-rusk-2013-ltd,Dragon 2kg Sour Spiders,<p>Gluten Free product. Approx count 400 per bag<br>6 bags per shipper<br></p>,Dragon,,"","2kg, Bulk Gummies and Lollies, Dragon 2KG, hide-shipper, Night n Day Misc",true,Pack Size,Bag,,,,,,,,DR-16B_Bag,0.0,shopify,51,deny,manual,19.25,,true,true,,,,,,https://cdn.shopify.com/s/files/1/0668/0861/1129/products/696a4843ba7dfab170d0ebc199996e0f.jpg?v=1754023492,1,"",false,,,,,,,,,,,,,,,,,,,,kg,,,active
dragon-2kg-sour-spiders-trademark-of-dutch-rusk-2013-ltd,,,,,,,,,Shipper (6 Bag),,,,,,,,DR-16B_Shipper,0.0,shopify,8,deny,manual,115.50,,true,true,,,,,,,,,,,,,,,,,,,,,,,,,,,,,kg,,,
dragon-2kg-sour-raspberry-cola-bottles,Dragon 2kg Sour Raspberry Cola Bottles,<p>Gluten Free product. Approx count 400 per bag</p>,Dragon,,"","2kg, Bulk Gummies and Lollies, Dragon 2KG, hide-shipper, Night n Day Misc",true,Pack Size,Bag,,,,,,,,DR-20A2_Bag,0.0,shopify,26,deny,manual,19.25,,true,true,,,,,,https://cdn.shopify.com/s/files/1/0668/0861/1129/products/4293f4128e773c423c16affa5e7d64b4.jpg?v=1754023493,1,"",false,,,,,,,,,,,,,,,,,,,,kg,,,active
dragon-2kg-sour-raspberry-cola-bottles,,,,,,,,,Shipper (6 Bag),,,,,,,,DR-20A2_Shipper,0.0,shopify,4,deny,manual,115.50,,true,true,,,,,,,,,,,,,,,,,,,,,,,,,,,,,kg,,,
dragon-2kg-sour-rainbow-lips,Dragon 2kg Sour Rainbow Lips,<p>Gluten Free product. Approx count 400 per bag</p>,Dragon,,"","2kg, Bulk Gummies and Lollies, Dragon 2KG, hide-shipper, Night n Day Misc",true,Pack Size,Bag,,,,,,,,DR-64_Bag,0.0,shopify,70,deny,manual,19.25,,true,true,,,,,,https://cdn.shopify.com/s/files/1/0668/0861/1129/products/DR-64_DRAGON_2KG_SOUR_RAINBOW_LIPS.jpg?v=1754023494,1,"",false,,,,,,,,,,,,,,,,,,,,kg,,,active
dragon-2kg-sour-rainbow-lips,,,,,,,,,Shipper (6 Bag),,,,,,,,DR-64_Shipper,0.0,shopify,11,deny,manual,115.50,,true,true,,,,,,,,,,,,,,,,,,,,,,,,,,,,,kg,,,
dragon-2kg-sour-peach-rings,Dragon 2kg Sour Rings - Peach,<p>Gluten Free product. Approx count 400 per bag</p>,Dragon,,"","2kg, Bulk Gummies and Lollies, Dragon 2KG, hide-shipper, Night n Day Misc",true,Pack Size,Bag,,,,,,,,DR-39B_Bag,0.0,shopify,16,deny,manual,19.25,,true,true,,,,,,https://cdn.shopify.com/s/files/1/0668/0861/1129/products/158940dab81956916d81215071a71d4a.jpg?v=1754023495,1,"",false,,,,,,,,,,,,,,,,,,,,kg,,,active
dragon-2kg-sour-peach-rings,,,,,,,,,Shipper (6 Bag),,,,,,,,DR-39B_Shipper,0.0,shopify,2,deny,manual,115.50,,true,true,,,,,,,,,,,,,,,,,,,,,,,,,,,,,kg,,,
dragon-2kg-sour-peach-hearts,Dragon 2kg Sour Peach Hearts,<p>Gluten Free product. Approx count 400 per bag</p>,Dragon,,"","2kg, Bulk Gummies and Lollies, Dragon 2KG, hide-shipper, Night n Day Misc",true,Pack Size,Bag,,,,,,,,DR-24_Bag,0.0,shopify,120,deny,manual,19.25,,true,true,,,,,,https://cdn.shopify.com/s/files/1/0668/0861/1129/products/8c0ee83675034bd29b44cbcb186b7417.jpg?v=1754023496,1,"",false,,,,,,,,,,,,,,,,,,,,kg,,,active
dragon-2kg-sour-peach-hearts,,,,,,,,,Shipper (6 Bag),,,,,,,,DR-24_Shipper,0.0,shopify,20,deny,manual,115.50,,true,true,,,,,,,,,,,,,,,,,,,,,,,,,,,,,kg,,,
dragon-2kg-sour-mountain-tops,Dragon 2kg Sour Mountain Tops,<p>Gluten Free product. Approx count 400 per bag</p>,Dragon,,"","2kg, Bulk Gummies and Lollies, Dragon 2KG, hide-shipper, Night n Day Misc",true,Pack Size,Bag,,,,,,,,DR-212_Bag,0.0,shopify,106,deny,manual,19.25,,true,true,,,,,,https://cdn.shopify.com/s/files/1/0668/0861/1129/products/DR127_Dragon_2kg_Sour_Mountain_Tops.jpg?v=1754023496,1,"",false,,,,,,,,,,,,,,,,,,,,kg,,,active
dragon-2kg-sour-mountain-tops,,,,,,,,,Shipper (6 Bag),,,,,,,,DR-212_Shipper,0.0,shopify,17,deny,manual,115.50,,true,true,,,,,,,,,,,,,,,,,,,,,,,,,,,,,kg,,,
dragon-2kg-sour-jet-planes,Dragon 2kg Sour Jet Plane,<p>Gluten Free product. Approx count 400 per bag</p>,Dragon,,"","2kg, Bulk Gummies and Lollies, Dragon 2KG, hide-shipper, Night n Day Misc",true,Pack Size,Bag,,,,,,,,DR-61_Bag,0.0,shopify,49,deny,manual,19.25,,true,true,,,,,,https://cdn.shopify.com/s/files/1/0668/0861/1129/products/DR-61_DRAGON_2KG_SOUR_JET_PLANES.jpg?v=1754023497,1,"",false,,,,,,,,,,,,,,,,,,,,kg,,,active
dragon-2kg-sour-jet-planes,,,,,,,,,Shipper (6 Bag),,,,,,,,DR-61_Shipper,0.0,shopify,8,deny,manual,115.50,,true,true,,,,,,,,,,,,,,,,,,,,,,,,,,,,,kg,,,
dragon-2kg-sour-hearts,Dragon 2kg Sour Hearts x 400ct,<p>Gluten Free product. Approx count 400 per bag</p>,Dragon,,"","2kg, Bulk Gummies and Lollies, Dragon 2KG, hide-shipper, Night n Day Misc",true,Pack Size,Bag,,,,,,,,DR-60_Bag,0.0,shopify,50,deny,manual,19.25,,true,true,,,,,,https://cdn.shopify.com/s/files/1/0668/0861/1129/products/DR-60_DRAGON_2KG_SOUR_HEARTS.jpg?v=1754023498,1,"",false,,,,,,,,,,,,,,,,,,,,kg,,,active
dragon-2kg-sour-hearts,,,,,,,,,Shipper (6 Bag),,,,,,,,DR-60_Shipper,0.0,shopify,8,deny,manual,115.50,,true,true,,,,,,,,,,,,,,,,,,,,,,,,,,,,,kg,,,
dragon-2kg-sour-cola-worms,Dragon 2kg Sour Cola Worms,<p>Gluten Free product. Approx count 400 per bag</p>,Dragon,,"","2kg, Bulk Gummies and Lollies, Dragon 2KG, hide-shipper, Night n Day Misc",true,Pack Size,Bag,,,,,,,,DR-14B_Bag,0.0,shopify,34,deny,manual,19.25,,true,true,,,,,,https://cdn.shopify.com/s/files/1/0668/0861/1129/products/17ef2fccf65113ad546cbce5945df0f9.jpg?v=1754023498,1,"",false,,,,,,,,,,,,,,,,,,,,kg,,,active
dragon-2kg-sour-cola-worms,,,,,,,,,Shipper (6 Bag),,,,,,,,DR-14B_Shipper,0.0,shopify,5,deny,manual,115.50,,true,true,,,,,,,,,,,,,,,,,,,,,,,,,,,,,kg,,,
dragon-2kg-sour-cola-bottles,Dragon 2kg Sour Cola Bottles,<p>Gluten Free product. Approx count 400 per bag</p>,Dragon,,"","2kg, Bulk Gummies and Lollies, Dragon 2KG, hide-shipper, Night n Day Misc",true,Pack Size,Bag,,,,,,,,DR-69B_Bag,0.0,shopify,49,deny,manual,19.25,,true,true,,,,,,https://cdn.shopify.com/s/files/1/0668/0861/1129/products/fa33426c55594b16df0a888646a6f310.jpg?v=1754023499,1,"",false,,,,,,,,,,,,,,,,,,,,kg,,,active
dragon-2kg-sour-cola-bottles,,,,,,,,,Shipper (6 Bag),,,,,,,,DR-69B_Shipper,0.0,shopify,8,deny,manual,115.50,,true,true,,,,,,,,,,,,,,,,,,,,,,,,,,,,,kg,,,
dragon-2kg-sour-blueberry-rings,Dragon 2kg Sour Rings - Blueberry,"<p>Gluten Free product. Approx count 400 per bag<br>
6 bags per shipper</p>",Dragon,,"","2kg, Bulk Gummies and Lollies, Dragon 2KG, hide-shipper, Night n Day Misc",true,Pack Size,Bag,,,,,,,,DR-97_Bag,0.0,shopify,89,deny,manual,19.25,,true,true,,,,,,https://cdn.shopify.com/s/files/1/0668/0861/1129/products/800a7d3e26501ed6dfd96cd21f92cb5a.jpg?v=1754023499,1,"",false,,,,,,,,,,,,,,,,,,,,kg,,,active
dragon-2kg-sour-blueberry-rings,,,,,,,,,Shipper (6 Bag),,,,,,,,DR-97_Shipper,0.0,shopify,14,deny,manual,115.50,,true,true,,,,,,,,,,,,,,,,,,,,,,,,,,,,,kg,,,
dragon-2kg-pythons-40ct,Dragon 2kg Gummy Pythons 50g x 40ct,"<p>Gluten Free product. Approx count 40 pythons per bag<br>
6 bags per shipper</p>",Dragon,,"","2kg, Bulk Gummies and Lollies, Dragon 2KG, hide-shipper, Night n Day Misc",true,Pack Size,Bag,,,,,,,,DR-91_Bag,0.0,shopify,15,deny,manual,19.25,,true,true,,,,,,https://cdn.shopify.com/s/files/1/0668/0861/1129/products/7a8d26873039651131cf01b8d9db189f.jpg?v=1754023501,1,"",false,,,,,,,,,,,,,,,,,,,,kg,,,active
dragon-2kg-pythons-40ct,,,,,,,,,Shipper (6 Bag),,,,,,,,DR-91_Shipper,0.0,shopify,2,deny,manual,115.50,,true,true,,,,,,,,,,,,,,,,,,,,,,,,,,,,,kg,,,
dragon-2kg-milk-bottles,Dragon 2kg Gummy Milk Bottles,"<p>Gluten Free product. Approx count 400 per bag<br>
6 bags per shipper</p>",Dragon,,"","2kg, Bulk Gummies and Lollies, Dragon 2KG, hide-shipper, Night n Day Misc",true,Pack Size,Bag,,,,,,,,DR-207_Bag,0.0,shopify,51,deny,manual,19.25,,true,true,,,,,,https://cdn.shopify.com/s/files/1/0668/0861/1129/products/DR-207_Dragon_2kg_Milk_Bottles.jpg?v=1754023502,1,"",false,,,,,,,,,,,,,,,,,,,,kg,,,active
dragon-2kg-milk-bottles,,,,,,,,,Shipper (6 Bag),,,,,,,,DR-207_Shipper,0.0,shopify,8,deny,manual,115.50,,true,true,,,,,,,,,,,,,,,,,,,,,,,,,,,,,kg,,,
dragon-2kg-lips,Dragon 2kg Gummy Lips,"<p>Gluten Free product. Approx count 400 per bag<br>
6 bags per shipper</p>",Dragon,,"","2kg, Bulk Gummies and Lollies, Dragon 2KG, hide-shipper, Night n Day Misc",true,Pack Size,Bag,,,,,,,,DR-31_Bag,0.0,shopify,77,deny,manual,19.25,,true,true,,,,,,https://cdn.shopify.com/s/files/1/0668/0861/1129/products/b184b5365d10f5eee09c9e33638004f6.jpg?v=1754023503,1,"",false,,,,,,,,,,,,,,,,,,,,kg,,,active
dragon-2kg-lips,,,,,,,,,Shipper (6 Bag),,,,,,,,DR-31_Shipper,0.0,shopify,12,deny,manual,115.50,,true,true,,,,,,,,,,,,,,,,,,,,,,,,,,,,,kg,,,
dragon-2kg-gummy-bears,Dragon 2kg Gummy Bears,"<p>Gluten Free product. Approx count 400 per bag<br>
6 bags per shipper</p>",Dragon,,"","2kg, Bulk Gummies and Lollies, Dragon 2KG, hide-shipper, Night n Day Misc",true,Pack Size,Bag,,,,,,,,DR-43B_Bag,0.0,shopify,61,deny,manual,19.25,,true,true,,,,,,https://cdn.shopify.com/s/files/1/0668/0861/1129/products/ffacbbe63f512e80d3b801c842a86f76.jpg?v=1754023504,1,"",false,,,,,,,,,,,,,,,,,,,,kg,,,active
dragon-2kg-gummy-bears,,,,,,,,,Shipper (6 Bag),,,,,,,,DR-43B_Shipper,0.0,shopify,10,deny,manual,115.50,,true,true,,,,,,,,,,,,,,,,,,,,,,,,,,,,,kg,,,
dragon-2kg-fried-eggs,Dragon 2kg Gummy Fried Eggs,"<p>Gluten Free product. Approx count 400 per bag<br>
6 bags per shipper</p>",Dragon,,"","2kg, Bulk Gummies and Lollies, Dragon 2KG, hide-shipper, Night n Day Misc",true,Pack Size,Bag,,,,,,,,DR-32_Bag,0.0,shopify,39,deny,manual,19.25,,true,true,,,,,,https://cdn.shopify.com/s/files/1/0668/0861/1129/products/c6bd9e9c73285aa9a55703464df05ee5.jpg?v=1754023505,1,"",false,,,,,,,,,,,,,,,,,,,,kg,,,active
dragon-2kg-fried-eggs,,,,,,,,,Shipper (6 Bag),,,,,,,,DR-32_Shipper,0.0,shopify,6,deny,manual,115.50,,true,true,,,,,,,,,,,,,,,,,,,,,,,,,,,,,kg,,,
dragon-2kg-dracula-teeth,Dragon 2kg Gummy Dracula Teeth,"<p>Gluten Free product. Approx count 400 per bag<br>
6 bags per shipper</p>",Dragon,,"","2kg, Bulk Gummies and Lollies, Dragon 2KG, hide-shipper, Night n Day Misc",true,Pack Size,Bag,,,,,,,,DR-87_Bag,0.0,shopify,78,deny,manual,19.25,,true,true,,,,,,https://cdn.shopify.com/s/files/1/0668/0861/1129/products/d3c042db5b0cd8e0d4bd1f091530e9e8.jpg?v=1754023506,1,"",false,,,,,,,,,,,,,,,,,,,,kg,,,active
dragon-2kg-dracula-teeth,,,,,,,,,Shipper (6 Bag),,,,,,,,DR-87_Shipper,0.0,shopify,13,deny,manual,115.50,,true,true,,,,,,,,,,,,,,,,,,,,,,,,,,,,,kg,,,
dragon-2kg-dog-bones,Dragon 2kg Gummy Dog Bones,"<p>Gluten Free product. Approx count 400 per bag</p>
<p>6 bags per shipper</p>",Dragon,,"","2kg, Bulk Gummies and Lollies, Dragon 2KG, hide-shipper, Night n Day Misc",true,Pack Size,Bag,,,,,,,,DR-74B_Bag,0.0,shopify,67,deny,manual,19.25,,true,true,,,,,,https://cdn.shopify.com/s/files/1/0668/0861/1129/products/757be8e4361eb826654bdf6a07ade2d4.jpg?v=1754023507,1,"",false,,,,,,,,,,,,,,,,,,,,kg,,,active
dragon-2kg-dog-bones,,,,,,,,,Shipper (6 Bag),,,,,,,,DR-74B_Shipper,0.0,shopify,11,deny,manual,115.50,,true,true,,,,,,,,,,,,,,,,,,,,,,,,,,,,,kg,,,
dragon-2kg-coloured-worms,Dragon 2kg Gummy Coloured Worms,"<p>Gluten Free product. Approx count 400 per bag<br>
6 bags per shipper</p>",Dragon,,"","2kg, Bulk Gummies and Lollies, Dragon 2KG, hide-shipper, Night n Day Misc",true,Pack Size,Bag,,,,,,,,DR-18A_Bag,0.0,shopify,28,deny,manual,19.25,,true,true,,,,,,https://cdn.shopify.com/s/files/1/0668/0861/1129/products/ac4d5e8ffdbd37f54d57afa8af8b5e90.jpg?v=1754023508,1,"",false,,,,,,,,,,,,,,,,,,,,kg,,,active
dragon-2kg-coloured-worms,,,,,,,,,Shipper (6 Bag),,,,,,,,DR-18A_Shipper,0.0,shopify,4,deny,manual,115.50,,true,true,,,,,,,,,,,,,,,,,,,,,,,,,,,,,kg,,,
dragon-2kg-cola-worms,Dragon 2kg Gummy Cola Worms x 400ct,"<p>Gluten Free product. Approx count 400 per bag<br>
6 bags per shipper</p>",Dragon,,"","2kg, Bulk Gummies and Lollies, Dragon 2KG, hide-shipper, Night n Day Misc",true,Pack Size,Bag,,,,,,,,Q357B_Bag,0.0,shopify,95,deny,manual,19.25,,true,true,,,,,,https://cdn.shopify.com/s/files/1/0668/0861/1129/products/34429708d20d178b53943728d3cc22c4.jpg?v=1754023510,1,"",false,,,,,,,,,,,,,,,,,,,,kg,,,active
dragon-2kg-cola-worms,,,,,,,,,Shipper (6 Bag),,,,,,,,Q357B_Shipper,0.0,shopify,15,deny,manual,115.50,,true,true,,,,,,,,,,,,,,,,,,,,,,,,,,,,,kg,,,
dragon-2kg-cola-bottles,Dragon 2kg Gummy Cola Bottles,"<p>Gluten Free product. Approx count 400 per bag<br>
6 bags per shipper</p>",Dragon,Uncategorized,"","2kg, Bulk Gummies and Lollies, Dragon 2KG, hide-shipper, Night n Day Misc",true,Pack Size,Bag,,,,,,,,DR-22B_Bag,0.0,shopify,76,deny,manual,19.25,,true,true,,,,,,https://cdn.shopify.com/s/files/1/0668/0861/1129/products/8a01778b5474f3909c3421d829370cfc.jpg?v=1754023511,1,"",false,,,,,,,,,,,,,,,,,,,,kg,,,active
dragon-2kg-cola-bottles,,,,,,,,,Shipper (6 Bag),,,,,,,,DR-22B_Shipper,0.0,shopify,12,deny,manual,115.50,,true,true,,,,,,,,,,,,,,,,,,,,,,,,,,,,,kg,,,
dragon-2kg-chicken-feet,Dragon 2kg Gummy Chicken Feet,"<p>Gluten Free product. Approx count 400 per bag<br>
6 bags per shipper</p>",Dragon,,"","2kg, Bulk Gummies and Lollies, Dragon 2KG, hide-shipper, Night n Day Misc",true,Pack Size,Bag,,,,,,,,Q164_Bag,0.0,shopify,95,deny,manual,19.25,,true,true,,,,,,https://cdn.shopify.com/s/files/1/0668/0861/1129/products/cd0c2403629e38c79aec7574f9aba31f.jpg?v=1754023512,1,"",false,,,,,,,,,,,,,,,,,,,,kg,,,active
dragon-2kg-chicken-feet,,,,,,,,,Shipper (6 Bag),,,,,,,,Q164_Shipper,0.0,shopify,15,deny,manual,115.50,,true,true,,,,,,,,,,,,,,,,,,,,,,,,,,,,,kg,,,
dragon-2kg-carrots,Dragon 2kg Gummy Carrots,"<p>Gluten Free product. Approx count 400 per bag<br>
6 bags per shipper</p>",Dragon,,"","2kg, Bulk Gummies and Lollies, Dragon 2KG, hide-shipper, Night n Day Misc",true,Pack Size,Bag,,,,,,,,Q140_Bag,0.0,shopify,49,deny,manual,19.25,,true,true,,,,,,https://cdn.shopify.com/s/files/1/0668/0861/1129/products/9ee2cf87d5f53ffc2b8c616f6f972a86.jpg?v=1754023513,1,"",false,,,,,,,,,,,,,,,,,,,,kg,,,active
dragon-2kg-carrots,,,,,,,,,Shipper (6 Bag),,,,,,,,Q140_Shipper,0.0,shopify,8,deny,manual,115.50,,true,true,,,,,,,,,,,,,,,,,,,,,,,,,,,,,kg,,,
dragon-2kg-blackberries-raspberries,Dragon 2kg Gummy Blackberries and Raspberries,"<p>Gluten Free product. Approx count 400 per bag<br>
6 bags per shipper</p>",Dragon,,"","2kg, Bulk Gummies and Lollies, Dragon 2KG, hide-shipper, Night n Day Misc",true,Pack Size,Bag,,,,,,,,DR-2110_Bag,0.0,shopify,71,deny,manual,19.25,,true,true,,,,,,https://cdn.shopify.com/s/files/1/0668/0861/1129/products/DR-2110_Dragon_2kg_Blackberries_and_Raspberries.jpg?v=1754023514,1,"",false,,,,,,,,,,,,,,,,,,,,kg,,,active
dragon-2kg-blackberries-raspberries,,,,,,,,,Shipper (6 Bag),,,,,,,,DR-2110_Shipper,0.0,shopify,11,deny,manual,115.50,,true,true,,,,,,,,,,,,,,,,,,,,,,,,,,,,,kg,,,
dragon-10kg-sour-mix,Dragon 10kg Sour Mix,"",Dragon,,"","Bulk Gummies and Lollies, Night n Day Misc",true,Pack Size,Shipper,,,,,,,,DR085_Shipper,0.0,shopify,58,deny,manual,88.00,,true,true,,,,,,https://cdn.shopify.com/s/files/1/0668/0861/1129/products/DR085_DRAGON_SOUR_MIX_10KG.jpg?v=1754023515,1,"",false,,,,,,,,,,,,,,,,,,,,kg,,,active
dragon-10kg-gummy-mix,Dragon 10kg Gummy Mix,"",Dragon,,"","Bulk Gummies and Lollies, Night n Day Misc",true,Pack Size,Shipper,,,,,,,,DR086_Shipper,0.0,shopify,35,deny,manual,88.00,,true,true,,,,,,https://cdn.shopify.com/s/files/1/0668/0861/1129/products/DR086_DRAGON_10KG_MIX_G6SjUAR.jpg?v=1754023516,1,"",false,,,,,,,,,,,,,,,,,,,,kg,,,active
damascus-french-nougat-75g,Damascus French Nougat 75g x24ct,"",Damascus,Uncategorized,"",Novelty,true,Pack Size,Outer,,,,,,,,100517683_Outer,0.0,shopify,18,deny,manual,44.50,,true,true,,,,,,https://cdn.shopify.com/s/files/1/0668/0861/1129/products/100517683_DAMASCUS_FRENCH_NOUGAT.jpg?v=1754023516,1,"",false,,,,,,,,,,,,,,,,,,,,kg,,,active
damascus-french-nougat-75g,,,,,,,,,Shipper (6 Outer),,,,,,,,100517683_Shipper,0.0,shopify,3,deny,manual,267.00,,true,true,,,,,,,,,,,,,,,,,,,,,,,,,,,,,kg,,,
ctc-puppy-love-house-with-candy,CTC Puppy Love House with candy x 12ct,"",DutchRusk,,"",Novelty,true,Pack Size,Outer,,,,,,,,101113330_Outer,0.0,shopify,27,deny,manual,27.30,,true,true,,,,,,https://cdn.shopify.com/s/files/1/0668/0861/1129/products/101113330_CTC_Puppy_House.jpg?v=1754023517,1,"",false,,,,,,,,,,,,,,,,,,,,kg,,,active
ctc-puppy-love-house-with-candy,,,,,,,,,Shipper (12 Outer),,,,,,,,101113330_Shipper,0.0,shopify,2,deny,manual,327.60,,true,true,,,,,,,,,,,,,,,,,,,,,,,,,,,,,kg,,,
ctc-paint-splash-39g,CTC Paint Splash 39g x 12ct,"",DutchRusk,,"",Novelty,true,Pack Size,Outer,,,,,,,,100984237_Outer,0.0,shopify,25,deny,manual,28.45,,true,true,,,,,,https://cdn.shopify.com/s/files/1/0668/0861/1129/products/100984237_CTC_Paint_Splash.jpg?v=1754023517,1,"",false,,,,,,,,,,,,,,,,,,,,kg,,,active
ctc-paint-splash-39g,,,,,,,,,Shipper (12 Outer),,,,,,,,100984237_Shipper,0.0,shopify,2,deny,manual,341.40,,true,true,,,,,,,,,,,,,,,,,,,,,,,,,,,,,kg,,,
ctc-monkey-swing-13g,CTC Monkey Swing 13g x 12ct,"",DutchRusk,,"",Novelty,true,Pack Size,Outer,,,,,,,,100913734_Outer,0.0,shopify,21,deny,manual,27.49,,true,true,,,,,,https://cdn.shopify.com/s/files/1/0668/0861/1129/products/100913734_CTC_Monkey_Swing.jpg?v=1754023518,1,"",false,,,,,,,,,,,,,,,,,,,,kg,,,active
ctc-monkey-swing-13g,,,,,,,,,Shipper (12 Outer),,,,,,,,100913734_Shipper,0.0,shopify,1,deny,manual,329.88,,true,true,,,,,,,,,,,,,,,,,,,,,,,,,,,,,kg,,,
ctc-magic-potion-65g,CTC Magic Potion 65g x 12ct,"",DutchRusk,,"",Novelty,true,Pack Size,Outer,,,,,,,,101072551_Outer,0.0,shopify,18,deny,manual,28.10,,true,true,,,,,,https://cdn.shopify.com/s/files/1/0668/0861/1129/products/101072551_CTC_Magic_Potion.jpg?v=1754023519,1,"",false,,,,,,,,,,,,,,,,,,,,kg,,,active
ctc-magic-potion-65g,,,,,,,,,Shipper (8 Outer),,,,,,,,101072551_Shipper,0.0,shopify,2,deny,manual,224.80,,true,true,,,,,,,,,,,,,,,,,,,,,,,,,,,,,kg,,,
ctc-licky-loot-lollipop,CTC Licky Loot lollipop x 24ct,"",DutchRusk,,"","Lollipops, Novelty",true,Pack Size,Outer,,,,,,,,101045855_Outer,0.0,shopify,0,deny,manual,30.00,,true,true,,,,,,https://cdn.shopify.com/s/files/1/0668/0861/1129/products/101045855_CTC_Licky_Loot.jpg?v=1754023519,1,"",false,,,,,,,,,,,,,,,,,,,,kg,,,active
ctc-licky-loot-lollipop,,,,,,,,,Shipper (12 Outer),,,,,,,,101045855_Shipper,0.0,shopify,0,deny,manual,360.00,,true,true,,,,,,,,,,,,,,,,,,,,,,,,,,,,,kg,,,
ctc-ice-cream-dip-20g,CTC Ice Cream Dips 20g x 12ct,"",DutchRusk,,"",Novelty,true,Pack Size,Outer,,,,,,,,100926343_Outer,0.0,shopify,31,deny,manual,17.30,,true,true,,,,,,https://cdn.shopify.com/s/files/1/0668/0861/1129/products/100926343_Ice_Cream_Dips.jpg?v=1754023520,1,"",false,,,,,,,,,,,,,,,,,,,,kg,,,active
ctc-ice-cream-dip-20g,,,,,,,,,Shipper (12 Outer),,,,,,,,100926343_Shipper,0.0,shopify,2,deny,manual,207.60,,true,true,,,,,,,,,,,,,,,,,,,,,,,,,,,,,kg,,,
ctc-dubble-sour-dip-32g,CTC Dubble Sour Dips 32g x 12ct,"",DutchRusk,,"",Novelty,true,Pack Size,Outer,,,,,,,,101045853_Outer,0.0,shopify,29,deny,manual,27.40,,true,true,,,,,,https://cdn.shopify.com/s/files/1/0668/0861/1129/products/101045853_CTC_Dubble_Sour_Dip.jpg?v=1754023520,1,"",false,,,,,,,,,,,,,,,,,,,,kg,,,active
ctc-dubble-sour-dip-32g,,,,,,,,,Shipper (12 Outer),,,,,,,,101045853_Shipper,0.0,shopify,2,deny,manual,328.80,,true,true,,,,,,,,,,,,,,,,,,,,,,,,,,,,,kg,,,
ctc-chirpy-chicks-13g,CTC Chirpy Chick 13g x 12ct,"",DutchRusk,,"",Novelty,false,Pack Size,Outer,,,,,,,,CTC14_Outer,0.0,shopify,0,deny,manual,17.00,,true,true,,,,,,https://cdn.shopify.com/s/files/1/0668/0861/1129/products/CTC14_CTC_Chirpy_Chick.jpg?v=1754023521,1,"",false,,,,,,,,,,,,,,,,,,,,kg,,,draft
ctc-chirpy-chicks-13g,,,,,,,,,Shipper (12 Outer),,,,,,,,CTC14_Shipper,0.0,shopify,0,deny,manual,204.00,,true,true,,,,,,,,,,,,,,,,,,,,,,,,,,,,,kg,,,
cosmic-swirl-pops,Cosmic Swirl Pops 50g 24ct,"",Cosmic,,"","Lollipops, Novelty",true,Pack Size,Outer,,,,,,,,100977652_Outer,0.0,shopify,12,deny,manual,28.85,,true,true,,,,,,https://cdn.shopify.com/s/files/1/0668/0861/1129/products/100977652_Swirl_Pop.jpg?v=1754023521,1,"",false,,,,,,,,,,,,,,,,,,,,kg,,,active
cosmic-swirl-pops,,,,,,,,,Shipper (4 Outer),,,,,,,,100977652_Shipper,0.0,shopify,3,deny,manual,115.40,,true,true,,,,,,,,,,,,,,,,,,,,,,,,,,,,,kg,,,
cosmic-shaker-candy-35g,Cosmic Shaker Candy 35g x 12ct,"",Cosmic,,"",Novelty,true,Pack Size,Outer,,,,,,,,101001985_Outer,0.0,shopify,26,deny,manual,22.80,,true,true,,,,,,https://cdn.shopify.com/s/files/1/0668/0861/1129/products/101001985_Cosmic_Shaker_Candy.jpg?v=1754023522,1,"",false,,,,,,,,,,,,,,,,,,,,kg,,,active
cosmic-shaker-candy-35g,,,,,,,,,Shipper (8 Outer),,,,,,,,101001985_Shipper,0.0,shopify,3,deny,manual,182.40,,true,true,,,,,,,,,,,,,,,,,,,,,,,,,,,,,kg,,,
cosmic-puppy-pop-40g,Cosmic Puppy Pop 40g x 12ct,"",Cosmic,,"","Lollipops, Novelty",true,Pack Size,Outer,,,,,,,,101046202_Outer,0.0,shopify,0,deny,manual,20.70,,true,true,,,,,,https://cdn.shopify.com/s/files/1/0668/0861/1129/products/101046202_40G_COSMIC_PUPPIES_POP.jpg?v=1754023523,1,"",false,,,,,,,,,,,,,,,,,,,,kg,,,active
cosmic-puppy-pop-40g,,,,,,,,,Shipper (12 Outer),,,,,,,,101046202_Shipper,0.0,shopify,0,deny,manual,248.40,,true,true,,,,,,,,,,,,,,,,,,,,,,,,,,,,,kg,,,
cosmic-pop-tongue-45g,Cosmic Pop Tongue 45g x 12ct,"",Cosmic,,"","Lollipops, Novelty",true,Pack Size,Outer,,,,,,,,101001984_Outer,0.0,shopify,20,deny,manual,15.20,,true,true,,,,,,https://cdn.shopify.com/s/files/1/0668/0861/1129/products/101001984_Cosmic_Pop_Tongue.jpg?v=1754023523,1,"",false,,,,,,,,,,,,,,,,,,,,kg,,,active
cosmic-pop-tongue-45g,,,,,,,,,Shipper (12 Outer),,,,,,,,101001984_Shipper,0.0,shopify,1,deny,manual,182.40,,true,true,,,,,,,,,,,,,,,,,,,,,,,,,,,,,kg,,,
cosmic-jewel-pop-18g,Cosmic Jewel Pop 18g x 24ct,"",Cosmic,,"","Lollipops, Novelty",true,Pack Size,Outer,,,,,,,,100976433_Outer,0.0,shopify,16,deny,manual,25.50,,true,true,,,,,,https://cdn.shopify.com/s/files/1/0668/0861/1129/products/100976433_Jewel_Pop.jpg?v=1754023524,1,"",false,,,,,,,,,,,,,,,,,,,,kg,,,active
cosmic-jewel-pop-18g,,,,,,,,,Shipper (6 Outer),,,,,,,,100976433_Shipper,0.0,shopify,2,deny,manual,153.00,,true,true,,,,,,,,,,,,,,,,,,,,,,,,,,,,,kg,,,
cosmic-ice-cream-candy-19ml,Cosmic Ice Cream Candy 19ml x 12ct,"",Cosmic,,"",Novelty,true,Pack Size,Outer,,,,,,,,100976432_Outer,0.0,shopify,19,deny,manual,21.30,,true,true,,,,,,https://cdn.shopify.com/s/files/1/0668/0861/1129/products/100976432_Cosmic_Ice_Cream_Candy.jpg?v=1754023525,1,"",false,,,,,,,,,,,,,,,,,,,,kg,,,active
cosmic-ice-cream-candy-19ml,,,,,,,,,Shipper (8 Outer),,,,,,,,100976432_Shipper,0.0,shopify,2,deny,manual,170.40,,true,true,,,,,,,,,,,,,,,,,,,,,,,,,,,,,kg,,,
cosmic-fizzy-gum-box-54g,Cosmic Fizzy Gum Box 54g x 12ct,"",Cosmic,,"",Novelty,true,Pack Size,Outer,,,,,,,,100976431_Outer,0.0,shopify,21,deny,manual,32.60,,true,true,,,,,,https://cdn.shopify.com/s/files/1/0668/0861/1129/products/100976431_Cosmic_Fizzy_Gum_Box_54g.jpg?v=1754023525,1,"",false,,,,,,,,,,,,,,,,,,,,kg,,,active
cosmic-fizzy-gum-box-54g,,,,,,,,,Shipper (6 Outer),,,,,,,,100976431_Shipper,0.0,shopify,3,deny,manual,195.60,,true,true,,,,,,,,,,,,,,,,,,,,,,,,,,,,,kg,,,
cosmic-boomb-spray-55g,Cosmic Boomb Spray 55g x 12ct,"",Cosmic,,"",Novelty,true,Pack Size,Outer,,,,,,,,100976430_Outer,0.0,shopify,23,deny,manual,23.95,,true,true,,,,,,https://cdn.shopify.com/s/files/1/0668/0861/1129/products/100976430_Cosmic_Boomb_Spray.jpg?v=1754023526,1,"",false,,,,,,,,,,,,,,,,,,,,kg,,,active
cosmic-boomb-spray-55g,,,,,,,,,Shipper (12 Outer),,,,,,,,100976430_Shipper,0.0,shopify,1,deny,manual,287.40,,true,true,,,,,,,,,,,,,,,,,,,,,,,,,,,,,kg,,,
cosmic-big-dipper-72g,Cosmic Big Dipper 72g x 12ct,"",Cosmic,,"",Novelty,true,Pack Size,Outer,,,,,,,,100976259_Outer,0.0,shopify,38,deny,manual,23.70,,true,true,,,,,,https://cdn.shopify.com/s/files/1/0668/0861/1129/products/100976259__Big_Dipper.jpg?v=1754023527,1,"",false,,,,,,,,,,,,,,,,,,,,kg,,,active
cosmic-big-dipper-72g,,,,,,,,,Shipper (8 Outer),,,,,,,,100976259_Shipper,0.0,shopify,4,deny,manual,189.60,,true,true,,,,,,,,,,,,,,,,,,,,,,,,,,,,,kg,,,
cookie-bear-stripes-biscuits,Cookie Bear Stripes Biscuits 200g,"",Griffins,Uncategorized,"","Cookies, show-packet",true,Pack Size,Packet,,,,,,,,F44635_Packet,0.0,shopify,62,deny,manual,3.30,,true,true,,,,,,https://cdn.shopify.com/s/files/1/0668/0861/1129/products/F44635_Cookie_Bear_Stripes_Biscuits.jpg?v=1754023527,1,"",false,,,,,,,,,,,,,,,,,,,,kg,,,active
cookie-bear-stripes-biscuits,,,,,,,,,Shipper (25 Packet),,,,,,,,F44635_Shipper,0.0,shopify,2,deny,manual,82.50,,true,true,,,,,,,,,,,,,,,,,,,,,,,,,,,,,kg,,,
chupa-chups-xxl-trio,Chupa Chups Lollipop XXL Trio x 20ct,"",Chupa Chups,,"","Lollipops, Novelty",true,Pack Size,Outer,,,,,,,,100571006_Outer,0.0,shopify,42,deny,manual,15.75,,true,true,,,,,,https://cdn.shopify.com/s/files/1/0668/0861/1129/products/100571006_Chupa_Chups_XXL.jpg?v=1754023528,1,"",false,,,,,,,,,,,,,,,,,,,,kg,,,active
chupa-chups-xxl-trio,,,,,,,,,Shipper (6 Outer),,,,,,,,100571006_Shipper,0.0,shopify,7,deny,manual,94.50,,true,true,,,,,,,,,,,,,,,,,,,,,,,,,,,,,kg,,,
chupa-chups-sour-infernals,Chupa Chups Sour Infernals x 50ct,"",Chupa Chups,,"","Lollipops, Novelty",true,Pack Size,Outer,,,,,,,,100978542_Outer,0.0,shopify,0,deny,manual,16.00,,true,true,,,,,,https://cdn.shopify.com/s/files/1/0668/0861/1129/products/100978542_Chupa_Chups_Sour_Infernals.jpg?v=1754023528,1,"",false,,,,,,,,,,,,,,,,,,,,kg,,,active
chupa-chups-sour-infernals,,,,,,,,,Shipper (8 Outer),,,,,,,,100978542_Shipper,0.0,shopify,0,deny,manual,128.00,,true,true,,,,,,,,,,,,,,,,,,,,,,,,,,,,,kg,,,
chupa-chups-lollipops-bags,Chupa Chups Lollipop BAG x 100ct - no barcode,"",Chupa Chups,Uncategorized,"","Archie Brothers, hide-packet, Kingpin Queenstown, Lollipops, Novelty, Timezone F&B, Xtreme Wairau",true,Pack Size,Outer,,,,,,,,CHUPA_Outer,0.0,shopify,296,deny,manual,34.50,,true,true,,,,,,https://cdn.shopify.com/s/files/1/0668/0861/1129/products/CHUPA_Chupa_Chups_bag.jpg?v=1754023529,1,"",false,,,,,,,,,,,,,,,,,,,,kg,,,active
chupa-chups-lollipops-bags,,,,,,,,,Shipper (15 Outer),,,,,,,,CHUPA_Shipper,0.0,shopify,19,deny,manual,517.50,,true,true,,,,,,,,,,,,,,,,,,,,,,,,,,,,,kg,,,
chupa-chups-lollipop-drum,Chupa Chups Lollipop Drum x 100ct,"",Chupa Chups,,"","Lollipops, Novelty",true,Pack Size,Outer,,,,,,,,100517699_Outer,0.0,shopify,4,deny,manual,46.23,,true,true,,,,,,https://cdn.shopify.com/s/files/1/0668/0861/1129/products/100517699_CHUPA_CHUPS_DRUM.jpg?v=1754023530,1,"",false,,,,,,,,,,,,,,,,,,,,kg,,,active
chupa-chups-lollipop-drum,,,,,,,,,Shipper (6 Outer),,,,,,,,100517699_Shipper,0.0,shopify,0,deny,manual,277.38,,true,true,,,,,,,,,,,,,,,,,,,,,,,,,,,,,kg,,,
chupa-chups-fairy-floss,Chupa Chups Fairy Floss 11g x 12ct,"",Chupa Chups,Uncategorized,"","Gum, Lollipops, Novelty",true,Pack Size,Outer,,,,,,,,101066614_Outer,0.0,shopify,45,deny,manual,10.70,,true,true,,,,,,https://cdn.shopify.com/s/files/1/0668/0861/1129/products/100629435_Chupa_Chups_Fairy_Floss_11g.jpg?v=1754023530,1,"",false,,,,,,,,,,,,,,,,,,,,kg,,,active
chupa-chups-fairy-floss,,,,,,,,,Shipper (6 Outer),,,,,,,,101066614_Shipper,0.0,shopify,7,deny,manual,64.20,,true,true,,,,,,,,,,,,,,,,,,,,,,,,,,,,,kg,,,
chupa-chups-dip-lick-9g,Chupa Chups Dip & Lick 9g x 12ct,"",Chupa Chups,Uncategorized,"","Lollipops, Novelty",true,Pack Size,Outer,,,,,,,,101074799_Outer,0.0,shopify,136,deny,manual,7.25,,true,true,,,,,,https://cdn.shopify.com/s/files/1/0668/0861/1129/products/101074799_Chupa_Chups_Dip__Lick.jpg?v=1754023531,1,"",false,,,,,,,,,,,,,,,,,,,,kg,,,active
chupa-chups-dip-lick-9g,,,,,,,,,Shipper (24 Outer),,,,,,,,101074799_Shipper,0.0,shopify,5,deny,manual,174.00,,true,true,,,,,,,,,,,,,,,,,,,,,,,,,,,,,kg,,,
chocolate-orange-balls-large-2kg,Choc Orange Balls Large 1kg x 150ct,<p>approx 150ct per bag</p>,DutchRusk,,"","1kg, 2kg, Bulk Gummies and Lollies",true,Pack Size,Outer,,,,,,,,CHOCLOB7-1KG_Outer,0.0,shopify,64,deny,manual,33.50,,true,true,,,,,,https://cdn.shopify.com/s/files/1/0668/0861/1129/products/CHOCLOB7-2KG_Choc_Orange_Balls_Large_3034a78e-847d-4bd6-a4cc-c0e93923b442.jpg?v=1754023532,1,"",false,,,,,,,,,,,,,,,,,,,,kg,,,active
chocolate-orange-balls-large-2kg,,,,,,,,,Shipper (10 Outer),,,,,,,,CHOCLOB7-1KG_Shipper,0.0,shopify,6,deny,manual,335.00,,true,true,,,,,,,,,,,,,,,,,,,,,,,,,,,,,kg,,,
chocolate-orange-balls-2kg,Choc Orange Balls 2kg x 760ct approx,<p>approx 760g ct per bag</p>,DutchRusk,,"",2kg,true,Pack Size,Outer,,,,,,,,CHOCB-2KG_Outer,0.0,shopify,41,deny,manual,41.00,,true,true,,,,,,https://cdn.shopify.com/s/files/1/0668/0861/1129/products/CHOCB-2KG_Choc_Orange_Balls.jpg?v=1754023532,1,"",false,,,,,,,,,,,,,,,,,,,,kg,,,active
chocolate-orange-balls-2kg,,,,,,,,,Shipper (5 Outer),,,,,,,,CHOCB-2KG_Shipper,0.0,shopify,8,deny,manual,205.00,,true,true,,,,,,,,,,,,,,,,,,,,,,,,,,,,,kg,,,
chocolate-blocks-whittakers-white-chocolate-250g,Whittakers Blocks 250g White Chocolate x 12ct,<p>12 blocks per outer</p>,Whittakers,,"","Chocolate Blocks, hide-block, hide-shipper, Night n Day Misc",true,Pack Size,Block,,,,,,,,WHIT018_Block,0.0,shopify,163,deny,manual,7.77,,true,true,,,,,,https://cdn.shopify.com/s/files/1/0668/0861/1129/products/WHIT018_Whittakers_White_Chocolate_250g_block.jpg?v=1754023533,1,"",false,,,,,,,,,,,,,,,,,,,,kg,,,active
chocolate-blocks-whittakers-white-chocolate-250g,,,,,,,,,Outer (12 Block),,,,,,,,WHIT018_Outer,0.0,shopify,13,deny,manual,93.24,,true,true,,,,,,,,,,,,,,,,,,,,,,,,,,,,,kg,,,
chocolate-blocks-whittakers-peanut-butter-250g,Whittakers Blocks 250g Peanut x 12ct,<p>12 blocks per outer</p>,Whittakers,,"","Chocolate Blocks, hide-block, hide-shipper, Night n Day Misc",false,Pack Size,Block,,,,,,,,WHIT024_Block,0.0,shopify,0,deny,manual,7.77,,true,true,,,,,,https://cdn.shopify.com/s/files/1/0668/0861/1129/products/WHIT016_Whittakers_Peanut_Butter_250g_block.jpg?v=1754023534,1,"",false,,,,,,,,,,,,,,,,,,,,kg,,,draft
chocolate-blocks-whittakers-peanut-butter-250g,,,,,,,,,Outer (12 Block),,,,,,,,WHIT024_Outer,0.0,shopify,0,deny,manual,93.24,,true,true,,,,,,,,,,,,,,,,,,,,,,,,,,,,,kg,,,
chocolate-blocks-whittakers-peanut-250g,Whittakers Blocks 250g Peanut Butter x 12ct,<p>12 blocks per outer</p>,Whittakers,,"","Chocolate Blocks, hide-block, hide-shipper, Night n Day Misc",true,Pack Size,Block,,,,,,,,WHIT016_Block,0.0,shopify,0,deny,manual,7.77,,true,true,,,,,,https://cdn.shopify.com/s/files/1/0668/0861/1129/products/WHIT024_Whittakers_250g_block_Peanut.jpg?v=1754023534,1,"",false,,,,,,,,,,,,,,,,,,,,kg,,,active
chocolate-blocks-whittakers-peanut-250g,,,,,,,,,Outer (12 Block),,,,,,,,WHIT016_Outer,0.0,shopify,0,deny,manual,93.24,,true,true,,,,,,,,,,,,,,,,,,,,,,,,,,,,,kg,,,
chocolate-blocks-whittakers-ghana-peppermint-250g,Whittakers Blocks 250g Ghana Peppermint x 12ct,<p>12 blocks per outer</p>,Whittakers,,"","Chocolate Blocks, hide-block, hide-shipper, Night n Day Misc",true,Pack Size,Block,,,,,,,,FG0404_Block,0.0,shopify,0,deny,manual,7.77,,true,true,,,,,,https://cdn.shopify.com/s/files/1/0668/0861/1129/products/FG0404_Whittakers_Dark_Ghana_Peppermint.jpg?v=1754023535,1,"",false,,,,,,,,,,,,,,,,,,,,kg,,,active
chocolate-blocks-whittakers-ghana-peppermint-250g,,,,,,,,,Outer (12 Block),,,,,,,,FG0404_Outer,0.0,shopify,0,deny,manual,93.24,,true,true,,,,,,,,,,,,,,,,,,,,,,,,,,,,,kg,,,
chocolate-blocks-whittakers-fruit-nut-250g,Whittakers Blocks 250g Fruit & Nut x 12ct,<p>12 blocks per outer</p>,Whittakers,Uncategorized,"","Chocolate Blocks, hide-block, hide-nuts, hide-shipper, Night n Day Misc",true,Pack Size,Block,,,,,,,,WHIT025_Block,0.0,shopify,69,deny,manual,7.77,,true,true,,,,,,https://cdn.shopify.com/s/files/1/0668/0861/1129/products/WHIT025_Whittakers_250g_block_Fruit__Nut.jpg?v=1754023536,1,"",false,,,,,,,,,,,,,,,,,,,,kg,,,active
chocolate-blocks-whittakers-fruit-nut-250g,,,,,,,,,Outer (12 Block),,,,,,,,WHIT025_Outer,0.0,shopify,5,deny,manual,93.24,,true,true,,,,,,,,,,,,,,,,,,,,,,,,,,,,,kg,,,
chocolate-blocks-whittakers-dark-ghana-250g,Whittakers Blocks 250g Dark Ghana 72% x 12ct,<p>12 blocks per outer</p>,Whittakers,,"","Chocolate Blocks, hide-block, hide-shipper, Night n Day Misc",true,Pack Size,Block,,,,,,,,WHIT020_Block,0.0,shopify,13,deny,manual,7.77,,true,true,,,,,,https://cdn.shopify.com/s/files/1/0668/0861/1129/products/WHIT020_Whittakers_Dark_Ghana_250g_block.jpg?v=1754023536,1,"",false,,,,,,,,,,,,,,,,,,,,kg,,,active
chocolate-blocks-whittakers-dark-ghana-250g,,,,,,,,,Outer (12 Block),,,,,,,,WHIT020_Outer,0.0,shopify,1,deny,manual,93.24,,true,true,,,,,,,,,,,,,,,,,,,,,,,,,,,,,kg,,,
chocolate-blocks-whittakers-dark-cacao-250g,Whittakers Blocks 250g Dark Cacao 62% x 12ct,<p>12 blocks per outer</p>,Whittakers,,"","Chocolate Blocks, hide-block, hide-shipper, Night n Day Misc",true,Pack Size,Block,,,,,,,,WHIT028_Block,0.0,shopify,161,deny,manual,7.77,,true,true,,,,,,https://cdn.shopify.com/s/files/1/0668/0861/1129/products/WHIT028_Whittakers_250g_Dark_Cacao_Block.jpg?v=1754023537,1,"",false,,,,,,,,,,,,,,,,,,,,kg,,,active
chocolate-blocks-whittakers-dark-cacao-250g,,,,,,,,,Outer (12 Block),,,,,,,,WHIT028_Outer,0.0,shopify,13,deny,manual,93.24,,true,true,,,,,,,,,,,,,,,,,,,,,,,,,,,,,kg,,,
chocolate-blocks-whittakers-creamy-milk-250g,Whittakers Blocks 250g Creamy Milk x 12ct,<p>12 blocks per outer</p>,Whittakers,,"","Chocolate Blocks, hide-block, hide-shipper, Night n Day Misc",true,Pack Size,Block,,,,,,,,WHIT014_Block,0.0,shopify,118,deny,manual,7.77,,true,true,,,,,,https://cdn.shopify.com/s/files/1/0668/0861/1129/products/WHIT014_Whittakers_Creamy_Milk_250g_block.jpg?v=1754023538,1,"",false,,,,,,,,,,,,,,,,,,,,kg,,,active
chocolate-blocks-whittakers-creamy-milk-250g,,,,,,,,,Outer (12 Block),,,,,,,,WHIT014_Outer,0.0,shopify,9,deny,manual,93.24,,true,true,,,,,,,,,,,,,,,,,,,,,,,,,,,,,kg,,,
chocolate-blocks-whittakers-creamy-caramel-250g,Whittakers Blocks 250g Creamy Caramel x 12ct,<p>12 blocks per outer</p>,Whittakers,,"","Chocolate Blocks, hide-block, hide-shipper, Night n Day Misc",true,Pack Size,Block,,,,,,,,WHIT022_Block,0.0,shopify,155,deny,manual,7.77,,true,true,,,,,,https://cdn.shopify.com/s/files/1/0668/0861/1129/products/WHIT022_Whittakers_250g_block_Caramel.jpg?v=1754023538,1,"",false,,,,,,,,,,,,,,,,,,,,kg,,,active
chocolate-blocks-whittakers-creamy-caramel-250g,,,,,,,,,Outer (12 Block),,,,,,,,WHIT022_Outer,0.0,shopify,12,deny,manual,93.24,,true,true,,,,,,,,,,,,,,,,,,,,,,,,,,,,,kg,,,
chocolate-blocks-whittakers-coconut-250g,Whittakers Blocks 250g Coconut x 12ct,<p>12 blocks per outer</p>,Whittakers,,"","Chocolate Blocks, hide-block, hide-shipper, Night n Day Misc",true,Pack Size,Block,,,,,,,,WHIT023_Block,0.0,shopify,16,deny,manual,7.77,,true,true,,,,,,https://cdn.shopify.com/s/files/1/0668/0861/1129/products/WHIT023_Whittakers_250g_block_Coconut.jpg?v=1754023539,1,"",false,,,,,,,,,,,,,,,,,,,,kg,,,active
chocolate-blocks-whittakers-coconut-250g,,,,,,,,,Outer (12 Block),,,,,,,,WHIT023_Outer,0.0,shopify,1,deny,manual,93.24,,true,true,,,,,,,,,,,,,,,,,,,,,,,,,,,,,kg,,,
chocolate-blocks-whittakers-berry-forest-250g,Whittakers Blocks 250g Berry Forest x 12ct,<p>12 blocks per outer</p>,Whittakers,,"","Chocolate Blocks, hide-block, hide-shipper, Night n Day Misc",true,Pack Size,Block,,,,,,,,WHIT031_Block,0.0,shopify,132,deny,manual,7.77,,true,true,,,,,,https://cdn.shopify.com/s/files/1/0668/0861/1129/products/WHIT031_Whittakers_250g_Berry_Forest_Block.jpg?v=1754023540,1,"",false,,,,,,,,,,,,,,,,,,,,kg,,,active
chocolate-blocks-whittakers-berry-forest-250g,,,,,,,,,Outer (12 Block),,,,,,,,WHIT031_Outer,0.0,shopify,11,deny,manual,93.24,,true,true,,,,,,,,,,,,,,,,,,,,,,,,,,,,,kg,,,
chocolate-blocks-whittakers-berry-biscuit-250g,Whittakers Blocks 250g Berry Biscuit x 12ct,<p>12 blocks per outer</p>,Whittakers,,"","Chocolate Blocks, hide-block, hide-shipper, Night n Day Misc",true,Pack Size,Block,,,,,,,,WHIT019_Block,0.0,shopify,192,deny,manual,7.77,,true,true,,,,,,https://cdn.shopify.com/s/files/1/0668/0861/1129/products/WHIT019_Whittakers_Berry_and_Biscuit_250g_block.jpg?v=1754023540,1,"",false,,,,,,,,,,,,,,,,,,,,kg,,,active
chocolate-blocks-whittakers-berry-biscuit-250g,,,,,,,,,Outer (12 Block),,,,,,,,WHIT019_Outer,0.0,shopify,16,deny,manual,93.24,,true,true,,,,,,,,,,,,,,,,,,,,,,,,,,,,,kg,,,
chocolate-blocks-whittakers-almond-gold-250g,Whittakers Blocks 250g Almond Gold x 12ct,<p>12 blocks per outer</p>,Whittakers,,"","Chocolate Blocks, hide-block, hide-shipper, Night n Day Misc",true,Pack Size,Block,,,,,,,,WHIT015_Block,0.0,shopify,148,deny,manual,7.77,,true,true,,,,,,https://cdn.shopify.com/s/files/1/0668/0861/1129/products/WHIT015_Whittakers_Almond_Gold_250g_block.jpg?v=1754023541,1,"",false,,,,,,,,,,,,,,,,,,,,kg,,,active
chocolate-blocks-whittakers-almond-gold-250g,,,,,,,,,Outer (12 Block),,,,,,,,WHIT015_Outer,0.0,shopify,12,deny,manual,93.24,,true,true,,,,,,,,,,,,,,,,,,,,,,,,,,,,,kg,,,
chocolate-blocks-nestle-smarties-180g,Nestle Block - Smarties 180g x 12ct,<p>12 blocks per outer</p>,Nestle,,"","Chocolate Blocks, hide-block, hide-shipper, Night n Day Misc",true,Pack Size,Block,,,,,,,,12170898_Block,0.0,shopify,182,deny,manual,5.78,,true,true,,,,,,https://cdn.shopify.com/s/files/1/0668/0861/1129/products/12170898_Nestle_Smarties_Block.jpg?v=1754023541,1,"",false,,,,,,,,,,,,,,,,,,,,kg,,,active
chocolate-blocks-nestle-smarties-180g,,,,,,,,,Outer (12 Block),,,,,,,,12170898_Outer,0.0,shopify,15,deny,manual,69.36,,true,true,,,,,,,,,,,,,,,,,,,,,,,,,,,,,kg,,,
chocolate-blocks-nestle-smarties-180g,,,,,,,,,Shipper (60 Block),,,,,,,,12170898_Shipper,0.0,shopify,3,deny,manual,346.80,,true,true,,,,,,,,,,,,,,,,,,,,,,,,,,,,,kg,,,
chi-original-400ml,Chi Original 400ml x 12ct,"",Chi,,"","Drinks, Herbal Drinks",false,Pack Size,Shipper,,,,,,,,CH091_Shipper,0.0,shopify,0,deny,manual,30.00,,true,true,,,,,,https://cdn.shopify.com/s/files/1/0668/0861/1129/products/CH091_Chi_Original.jpg?v=1754023542,1,"",false,,,,,,,,,,,,,,,,,,,,kg,,,draft
carousel-space-man-raspberry-banana-candy-sticks-16g,Carousel Space Man Raspberry Banana 16g x 48ct,"",Carousel,Uncategorized,"",Novelty,true,Pack Size,Outer,,,,,,,,1027_Outer,0.0,shopify,0,deny,manual,44.95,,true,true,,,,,,https://cdn.shopify.com/s/files/1/0668/0861/1129/products/1027_Carousel_Spaceman_Raspberry_Banana_K8bqmZq.jpg?v=1754023543,1,"",false,,,,,,,,,,,,,,,,,,,,kg,,,active
carousel-space-man-raspberry-banana-candy-sticks-16g,,,,,,,,,Shipper (12 Outer),,,,,,,,1027_Shipper,0.0,shopify,0,deny,manual,539.40,,true,true,,,,,,,,,,,,,,,,,,,,,,,,,,,,,kg,,,
carousel-space-man-candy-sticks-16g,Carousel Space Man Candy Sticks 16g x 48ct,"",Carousel,Uncategorized,"",Novelty,true,Pack Size,Outer,,,,,,,,1016_Outer,0.0,shopify,122,deny,manual,44.95,,true,true,,,,,,https://cdn.shopify.com/s/files/1/0668/0861/1129/products/1016_SPACEMANCANDYSTICKS_gw2fPFx.jpg?v=1754023543,1,"",false,,,,,,,,,,,,,,,,,,,,kg,,,active
carousel-space-man-candy-sticks-16g,,,,,,,,,Shipper (12 Outer),,,,,,,,1016_Shipper,0.0,shopify,10,deny,manual,539.40,,true,true,,,,,,,,,,,,,,,,,,,,,,,,,,,,,kg,,,
carousel-assorted-fruit-sticks,Carousel Assorted Fruit Sticks Box x 250ct 1.36kg,"",Carousel,,"","Night n Day Misc, Novelty",true,Pack Size,Outer,,,,,,,,1010-1_Outer,0.0,shopify,60,deny,manual,22.45,,true,true,,,,,,https://cdn.shopify.com/s/files/1/0668/0861/1129/products/1010-1_CAROUSEL_ASST_FRUIT_STICKS.jpg?v=1754023544,1,"",false,,,,,,,,,,,,,,,,,,,,kg,,,active
carousel-assorted-fruit-sticks,,,,,,,,,Shipper (6 Outer),,,,,,,,1010-1_Shipper,0.0,shopify,10,deny,manual,134.70,,true,true,,,,,,,,,,,,,,,,,,,,,,,,,,,,,kg,,,
carousel-6kg-fruit-sticks,Carousel Assorted Fruit Sticks 6kg,"",Carousel,Uncategorized,"","Bulk Gummies and Lollies, Night n Day Misc",true,Pack Size,Shipper,,,,,,,,1014_Shipper,0.0,shopify,6,deny,manual,77.30,,true,true,,,,,,https://cdn.shopify.com/s/files/1/0668/0861/1129/products/1014_Assorted_Fruit_Sticks_6kg_KEQoi3Y.jpg?v=1754023545,1,"",false,,,,,,,,,,,,,,,,,,,,kg,,,active
carousel-5kg-russian-fudge,Carousel 5kg Russian Fudge,"",Carousel,,"","5kg, Bulk Gummies and Lollies",true,Pack Size,Shipper,,,,,,,,1822_Shipper,0.0,shopify,23,deny,manual,57.05,,true,true,,,,,,https://cdn.shopify.com/s/files/1/0668/0861/1129/products/1822_RUSSIAN_FUDGE.jpg?v=1754023545,1,"",false,,,,,,,,,,,,,,,,,,,,kg,,,active
carousel-5kg-nut-nougat,Carousel 5kg Nut Nougat,"",Carousel,,"","5kg, Bulk Gummies and Lollies",true,Pack Size,Shipper,,,,,,,,1816_Shipper,0.0,shopify,9,deny,manual,61.30,,true,true,,,,,,https://cdn.shopify.com/s/files/1/0668/0861/1129/products/1816_Carousel_Nut_Nougat_5kg.jpg?v=1754023546,1,"",false,,,,,,,,,,,,,,,,,,,,kg,,,active
carousel-5kg-irish-creme-fudge,Carousel 5kg Irish Creme Fudge,"",Carousel,,"","5kg, Bulk Gummies and Lollies",true,Pack Size,Shipper,,,,,,,,1820_Shipper,0.0,shopify,14,deny,manual,57.05,,true,true,,,,,,https://cdn.shopify.com/s/files/1/0668/0861/1129/products/1820_IRISH_CREME_FUDGE.jpg?v=1754023547,1,"",false,,,,,,,,,,,,,,,,,,,,kg,,,active
carousel-5kg-coconut-ice,Carousel 5kg Coconut Ice,"",Carousel,,"","5kg, Bulk Gummies and Lollies",true,Pack Size,Shipper,,,,,,,,1819_Shipper,0.0,shopify,5,deny,manual,58.95,,true,true,,,,,,https://cdn.shopify.com/s/files/1/0668/0861/1129/products/1819_Carousel_Coconut_Ice_5kg_CtEZIfi.jpg?v=1754023547,1,"",false,,,,,,,,,,,,,,,,,,,,kg,,,active
carousel-5kg-chocolate-fudge,Carousel 5kg Chocolate Fudge,"",Carousel,,"","5kg, Bulk Gummies and Lollies",true,Pack Size,Shipper,,,,,,,,1821_Shipper,0.0,shopify,17,deny,manual,57.05,,true,true,,,,,,https://cdn.shopify.com/s/files/1/0668/0861/1129/products/1821_CHOC_FUDGE_5KG.jpg?v=1754023548,1,"",false,,,,,,,,,,,,,,,,,,,,kg,,,active
carousel-2kg-tangy-sticks,Carousel Tangy Sticks 2Kg x400ct,<p>approx 400ct per bag</p>,Carousel,,"","2kg, Bulk Gummies and Lollies, Night n Day Misc",true,Pack Size,Bag,,,,,,,,3160_Bag,0.0,shopify,58,deny,manual,21.10,,true,true,,,,,,https://cdn.shopify.com/s/files/1/0668/0861/1129/products/3160_TANGY_STICKS.jpg?v=1754023548,1,"",false,,,,,,,,,,,,,,,,,,,,kg,,,active
carousel-2kg-tangy-sticks,,,,,,,,,Shipper (6 Bag),,,,,,,,3160_Shipper,0.0,shopify,9,deny,manual,126.60,,true,true,,,,,,,,,,,,,,,,,,,,,,,,,,,,,kg,,,
carousel-2kg-tangy-grape-chews,Carousel Tangy Grape Chews 2Kg x 320ct,<p>approx 320ct per bag</p>,Carousel,Uncategorized,"","2kg, Bulk Gummies and Lollies",true,Pack Size,Bag,,,,,,,,9299_Bag,0.0,shopify,46,deny,manual,19.95,,true,true,,,,,,https://cdn.shopify.com/s/files/1/0668/0861/1129/products/9299_Carousel_Tangy_Grape_Chews.jpg?v=1754023549,1,"",false,,,,,,,,,,,,,,,,,,,,kg,,,active
carousel-2kg-tangy-grape-chews,,,,,,,,,Shipper (4 Bag),,,,,,,,9299_Shipper,0.0,shopify,11,deny,manual,79.80,,true,true,,,,,,,,,,,,,,,,,,,,,,,,,,,,,kg,,,
carousel-2kg-tangy-apple-chews,Carousel Tangy Apple Chews 2Kg x320ct,<p>approx 320ct per bag</p>,Carousel,Uncategorized,"","2kg, Bulk Gummies and Lollies",true,Pack Size,Bag,,,,,,,,1690_Bag,0.0,shopify,26,deny,manual,19.95,,true,true,,,,,,https://cdn.shopify.com/s/files/1/0668/0861/1129/products/1690_Carousel_Tangy_Apple_Chew.jpg?v=1754023550,1,"",false,,,,,,,,,,,,,,,,,,,,kg,,,active
carousel-2kg-tangy-apple-chews,,,,,,,,,Shipper (4 Bag),,,,,,,,1690_Shipper,0.0,shopify,6,deny,manual,79.80,,true,true,,,,,,,,,,,,,,,,,,,,,,,,,,,,,kg,,,
carousel-2kg-licorice-allsorts,Carousel Licorice Allsorts 2Kg x285ct,<p>approx 320ct per bag</p>,Carousel,"Food, Beverages & Tobacco > Food Items > Candy & Chocolate","","2kg, Bulk Gummies and Lollies, Licorice, Night n Day Misc",true,Pack Size,Bag,,,,,,,,1300_Bag,0.0,shopify,57,deny,manual,26.55,,true,true,,,,,,https://cdn.shopify.com/s/files/1/0668/0861/1129/products/1300_Carousel_Licorice_Allsorts_2.jpg?v=1754023550,1,"",false,,,4748,,,,,,,,,,,,,,,,,kg,,,active
carousel-2kg-licorice-allsorts,,,,,,,,,Shipper (6 Bag),,,,,,,,1300_Shipper,0.0,shopify,9,deny,manual,159.30,,true,true,,,,,,,,,,,,,,,,,,,,,,,,,,,,,kg,,,
carousel-2kg-jersey-caramels,Carousel Jersey Caramels 2Kg x 400ct,<p>approx 400ct per bag</p>,Carousel,,"","2kg, Bulk Gummies and Lollies, Night n Day Misc",true,Pack Size,Bag,,,,,,,,1248_Bag,0.0,shopify,102,deny,manual,22.05,,true,true,,,,,,https://cdn.shopify.com/s/files/1/0668/0861/1129/products/1248_Carousel_Jersey_Caramels.jpg?v=1754023551,1,"",false,,,,,,,,,,,,,,,,,,,,kg,,,active
carousel-2kg-jersey-caramels,,,,,,,,,Shipper (6 Bag),,,,,,,,1248_Shipper,0.0,shopify,17,deny,manual,132.30,,true,true,,,,,,,,,,,,,,,,,,,,,,,,,,,,,kg,,,
carousel-2kg-fizzies,Carousel Giant Fizzies 2Kg x 500 approx,<p>approx 125ct per bag</p>,Carousel,,"","2kg, Bulk Gummies and Lollies, Night n Day Misc",true,Pack Size,Bag,,,,,,,,9013_Bag,0.0,shopify,38,deny,manual,30.95,,true,true,,,,,,https://cdn.shopify.com/s/files/1/0668/0861/1129/products/9013_Carousel_FIZZIES.jpg?v=1754023551,1,"",false,,,,,,,,,,,,,,,,,,,,kg,,,active
carousel-2kg-fizzies,,,,,,,,,Shipper (8 Bag),,,,,,,,9013_Shipper,0.0,shopify,4,deny,manual,247.60,,true,true,,,,,,,,,,,,,,,,,,,,,,,,,,,,,kg,,,
carousel-2kg-aniseed-buttons,Carousel Aniseed Buttons 2kg x 500ct,<p>3 bags per shipper</p>,Carousel,,"","2kg, Bulk Gummies and Lollies, Night n Day Misc",true,Pack Size,Bag,,,,,,,,9018-1_Bag,0.0,shopify,17,deny,manual,33.00,,true,true,,,,,,https://cdn.shopify.com/s/files/1/0668/0861/1129/products/9018-1_Carousel_Aniseed_Button.jpg?v=1754023552,1,"",false,,,,,,,,,,,,,,,,,,,,kg,,,active
carousel-2kg-aniseed-buttons,,,,,,,,,Shipper (3 Bag),,,,,,,,9018-1_Shipper,0.0,shopify,5,deny,manual,99.00,,true,true,,,,,,,,,,,,,,,,,,,,,,,,,,,,,kg,,,
carousel-15kg-raspberry-licorice-sheets,Carousel 15kg Raspberry Licorice Sheet,"",Carousel,"Food, Beverages & Tobacco > Food Items > Candy & Chocolate","","Licorice, Night n Day Misc",true,Pack Size,Shipper,,,,,,,,3201_Shipper,0.0,shopify,0,deny,manual,229.95,,true,true,,,,,,https://cdn.shopify.com/s/files/1/0668/0861/1129/products/3201_Carousel_Red_Licorice_Sheet.jpg?v=1754023553,1,"",false,,,4748,,,,,,,,,,,,,,,,,kg,,,active
carousel-15kg-licorice-sheet,Carousel 15kg Licorice Sheet,"",Carousel,"Food, Beverages & Tobacco > Food Items > Candy & Chocolate","","Licorice, Night n Day Misc",true,Pack Size,Shipper,,,,,,,,3214_Shipper,0.0,shopify,0,deny,manual,229.95,,true,true,,,,,,https://cdn.shopify.com/s/files/1/0668/0861/1129/products/3214_Carousel_15kg_Licorice_Sheet.jpg?v=1754023553,1,"",false,,,4748,,,,,,,,,,,,,,,,,kg,,,active
candyman-orange-fish-8-5g,Candyman Orange Fish 8.5g x168ct,"",Mayceys,,"","",true,Pack Size,Outer,,,,,,,,CHOF_Outer,0.0,shopify,18,deny,manual,24.80,,true,true,,,,,,https://cdn.shopify.com/s/files/1/0668/0861/1129/products/CHOF_ORANGE_FISH_1.jpg?v=1754023554,1,"",false,,,,,,,,,,,,,,,,,,,,kg,,,active
candyman-orange-fish-8-5g,,,,,,,,,Shipper (8 Outer),,,,,,,,CHOF_Shipper,0.0,shopify,2,deny,manual,198.40,,true,true,,,,,,,,,,,,,,,,,,,,,,,,,,,,,kg,,,
candyman-chocolate-raisins-100g,Candyman Choc Raisins 100g x 16ct,"",Mayceys,,"","",true,Pack Size,Outer,,,,,,,,CHR90_Outer,0.0,shopify,43,deny,manual,24.60,,true,true,,,,,,https://cdn.shopify.com/s/files/1/0668/0861/1129/products/CR150_CHOC_RAISINS_1.jpg?v=1754023554,1,"",false,,,,,,,,,,,,,,,,,,,,kg,,,active
candyman-chocolate-raisins-100g,,,,,,,,,Shipper (8 Outer),,,,,,,,CHR90_Shipper,0.0,shopify,5,deny,manual,196.80,,true,true,,,,,,,,,,,,,,,,,,,,,,,,,,,,,kg,,,
candyman-chocolate-peanuts-100g,Candyman Choc Peanuts 100g x16ct,"",Mayceys,,"","",true,Pack Size,Outer,,,,,,,,CHP100_Outer,0.0,shopify,29,deny,manual,24.60,,true,true,,,,,,https://cdn.shopify.com/s/files/1/0668/0861/1129/products/CHP100_CHOC_PEANUTS_1.jpg?v=1754023555,1,"",false,,,,,,,,,,,,,,,,,,,,kg,,,active
candyman-chocolate-peanuts-100g,,,,,,,,,Shipper (8 Outer),,,,,,,,CHP100_Shipper,0.0,shopify,3,deny,manual,196.80,,true,true,,,,,,,,,,,,,,,,,,,,,,,,,,,,,kg,,,
candyman-aliens,Candyman Aliens x192ct,"",Mayceys,,"","",true,Pack Size,Outer,,,,,,,,CHAL_Outer,0.0,shopify,10,deny,manual,28.25,,true,true,,,,,,https://cdn.shopify.com/s/files/1/0668/0861/1129/products/CHAL_ALIENS.jpg?v=1754023556,1,"",false,,,,,,,,,,,,,,,,,,,,kg,,,active
candyman-aliens,,,,,,,,,Shipper (8 Outer),,,,,,,,CHAL_Shipper,0.0,shopify,1,deny,manual,226.00,,true,true,,,,,,,,,,,,,,,,,,,,,,,,,,,,,kg,,,
cadbury-block-180g-turkish-delight,Cadbury 180g Turkish Delight Block x 15ct,<p>15 blocks per outer</p>,Cadbury,,"","Cadbury Blocks, Chocolate Blocks, hide-block, hide-shipper",true,Pack Size,Block,,,,,,,,4052658_Block,0.0,shopify,239,deny,manual,4.72,,true,true,,,,,,https://cdn.shopify.com/s/files/1/0668/0861/1129/products/4052658_Cadbury_Turkish_Delight_180g.jpg?v=1754023556,1,"",false,,,,,,,,,,,,,,,,,,,,kg,,,active
cadbury-block-180g-turkish-delight,,,,,,,,,Outer (15 Block),,,,,,,,4052658_Outer,0.0,shopify,15,deny,manual,70.80,,true,true,,,,,,,,,,,,,,,,,,,,,,,,,,,,,kg,,,
cadbury-block-180g-turkish-delight,,,,,,,,,Shipper (60 Block),,,,,,,,4052658_Shipper,0.0,shopify,3,deny,manual,283.20,,true,true,,,,,,,,,,,,,,,,,,,,,,,,,,,,,kg,,,
cadbury-block-180g-dairy-milk,Cadbury 180g Dairy Milk Block x 16ct,<p>16 blocks per outer</p>,Cadbury,,"","Cadbury Blocks, Chocolate Blocks, hide-block, hide-shipper",true,Pack Size,Block,,,,,,,,4052668_Block,0.0,shopify,320,deny,manual,4.72,,true,true,,,,,,https://cdn.shopify.com/s/files/1/0668/0861/1129/products/4052668_Cadbury_Dairy_Milk_180g_block.jpg?v=1754023557,1,"",false,,,,,,,,,,,,,,,,,,,,kg,,,active
cadbury-block-180g-dairy-milk,,,,,,,,,Outer (16 Block),,,,,,,,4052668_Outer,0.0,shopify,20,deny,manual,75.52,,true,true,,,,,,,,,,,,,,,,,,,,,,,,,,,,,kg,,,
cadbury-block-180g-dairy-milk,,,,,,,,,Shipper (64 Block),,,,,,,,4052668_Shipper,0.0,shopify,5,deny,manual,302.08,,true,true,,,,,,,,,,,,,,,,,,,,,,,,,,,,,kg,,,
cadbury-block-180g-caramilk,Cadbury 180g Caramilk Block x 16ct,<p>16 blocks per outer</p>,Cadbury,,"","Cadbury Blocks, Chocolate Blocks, hide-block, hide-shipper",true,Pack Size,Block,,,,,,,,4228768_Block,0.0,shopify,267,deny,manual,4.72,,true,true,,,,,,https://cdn.shopify.com/s/files/1/0668/0861/1129/products/4228768_Cadbury_Caramilk_180g.jpg?v=1754023558,1,"",false,,,,,,,,,,,,,,,,,,,,kg,,,active
cadbury-block-180g-caramilk,,,,,,,,,Outer (16 Block),,,,,,,,4228768_Outer,0.0,shopify,16,deny,manual,75.52,,true,true,,,,,,,,,,,,,,,,,,,,,,,,,,,,,kg,,,
cadbury-block-180g-caramilk,,,,,,,,,Shipper (64 Block),,,,,,,,4228768_Shipper,0.0,shopify,4,deny,manual,302.08,,true,true,,,,,,,,,,,,,,,,,,,,,,,,,,,,,kg,,,
cadbury-block-180g-caramello,Cadbury 180g Caramello Block x 15ct,<p>15 blocks per outer</p>,Cadbury,Uncategorized,"","Cadbury Blocks, Chocolate Blocks, hide-block, hide-shipper",true,Pack Size,Block,,,,,,,,4052678_Block,0.0,shopify,126,deny,manual,4.72,,true,true,,,,,,https://cdn.shopify.com/s/files/1/0668/0861/1129/products/4052678_Cadbury_Caramello_180g_block.jpg?v=1754023558,1,"",false,,,,,,,,,,,,,,,,,,,,kg,,,active
cadbury-block-180g-caramello,,,,,,,,,Outer (15 Block),,,,,,,,4052678_Outer,0.0,shopify,8,deny,manual,70.80,,true,true,,,,,,,,,,,,,,,,,,,,,,,,,,,,,kg,,,
cadbury-block-180g-caramello,,,,,,,,,Shipper (60 Block),,,,,,,,4052678_Shipper,0.0,shopify,2,deny,manual,283.20,,true,true,,,,,,,,,,,,,,,,,,,,,,,,,,,,,kg,,,
cadbury-block-180g-black-forest,Cadbury 180g Black Forest Block x 15ct,<p>15 blocks per outer</p>,Cadbury,,"","Cadbury Blocks, Chocolate Blocks, hide-block, hide-shipper",true,Pack Size,Block,,,,,,,,4052698_Block,0.0,shopify,240,deny,manual,4.72,,true,true,,,,,,https://cdn.shopify.com/s/files/1/0668/0861/1129/products/4052698_Cadbury_Black_Forest_180g_block.jpg?v=1754023559,1,"",false,,,,,,,,,,,,,,,,,,,,kg,,,active
cadbury-block-180g-black-forest,,,,,,,,,Outer (15 Block),,,,,,,,4052698_Outer,0.0,shopify,16,deny,manual,70.80,,true,true,,,,,,,,,,,,,,,,,,,,,,,,,,,,,kg,,,
cadbury-block-180g-black-forest,,,,,,,,,Shipper (60 Block),,,,,,,,4052698_Shipper,0.0,shopify,4,deny,manual,283.20,,true,true,,,,,,,,,,,,,,,,,,,,,,,,,,,,,kg,,,
cadbury-26g-curly-wurly,Cadbury 21.5g Curly Wurly x 48ct,"",Cadbury,Uncategorized,"",Night n Day Misc,true,Pack Size,Outer,,,,,,,,4263284_Outer,0.0,shopify,100,deny,manual,33.60,,true,true,,,,,,https://cdn.shopify.com/s/files/1/0668/0861/1129/products/612215_CURLY_WURLY.jpg?v=1754023560,1,"",false,,,,,,,,,,,,,,,,,,,,kg,,,active
cadbury-26g-curly-wurly,,,,,,,,,Shipper (6 Outer),,,,,,,,4263284_Shipper,0.0,shopify,16,deny,manual,201.60,,true,true,,,,,,,,,,,,,,,,,,,,,,,,,,,,,kg,,,
cadbury-12g-freddo-dairy-milk,Cadbury Freddo 12g Dairy Milk x 72ct,"",Cadbury,Uncategorized,"",Night n Day Misc,true,Pack Size,Outer,,,,,,,,326445_Outer,0.0,shopify,97,deny,manual,27.00,,true,true,,,,,,https://cdn.shopify.com/s/files/1/0668/0861/1129/products/326445_FREDDO_12g.jpg?v=1754023560,1,"",false,,,,,,,,,,,,,,,,,,,,kg,,,active
cadbury-12g-freddo-dairy-milk,,,,,,,,,Shipper (4 Outer),,,,,,,,326445_Shipper,0.0,shopify,24,deny,manual,108.00,,true,true,,,,,,,,,,,,,,,,,,,,,,,,,,,,,kg,,,
bundaberg-tropical-mango-375ml,Bundaberg Tropical Mango 375ml x 12ct,"",Bundaberg,,"","Drinks, Soda Drinks",true,Pack Size,Shipper,,,,,,,,1081_Shipper,0.0,shopify,31,deny,manual,29.50,,true,true,,,,,,https://cdn.shopify.com/s/files/1/0668/0861/1129/products/1081_Bundaberg_Tropical_Mango_375mL.jpg?v=1754023561,1,"",false,,,,,,,,,,,,,,,,,,,,kg,,,active
bundaberg-sasparalla-375ml,Bundaberg Sasparalla 375ml x 12ct,"",Bundaberg,,"","Drinks, Soda Drinks",true,Pack Size,Shipper,,,,,,,,1056_Shipper,0.0,shopify,25,deny,manual,29.50,,true,true,,,,,,https://cdn.shopify.com/s/files/1/0668/0861/1129/products/1056_Sarsparilla.jpg?v=1754023562,1,"",false,,,,,,,,,,,,,,,,,,,,kg,,,active
bundaberg-royal-crown-draft-cola-340ml,Bundaberg Royal Crown Draft Cola 340ml x24ct,"",Bundaberg,,"","Drinks, Soda Drinks",true,Pack Size,Shipper,,,,,,,,1953_Shipper,0.0,shopify,8,deny,manual,57.90,,true,true,,,,,,https://cdn.shopify.com/s/files/1/0668/0861/1129/products/1953_ROYAL_CROWN_COLA.jpg?v=1754023563,1,"",false,,,,,,,,,,,,,,,,,,,,kg,,,active
bundaberg-pink-grapefruit-375ml,Bundaberg Pink Grapefruit 375ml x 12ct,"",Bundaberg,,"","Drinks, Soda Drinks",true,Pack Size,Shipper,,,,,,,,1014-1_Shipper,0.0,shopify,10,deny,manual,29.50,,true,true,,,,,,https://cdn.shopify.com/s/files/1/0668/0861/1129/products/1014-1_BUNDABERG_PINK_GRAPEFRUIT.jpg?v=1754023563,1,"",false,,,,,,,,,,,,,,,,,,,,kg,,,active
bundaberg-peach-375ml,Bundaberg Peach 375ml x 12ct,"",Bundaberg,,"","Drinks, Soda Drinks",true,Pack Size,Shipper,,,,,,,,1012_Shipper,0.0,shopify,11,deny,manual,29.50,,true,true,,,,,,https://cdn.shopify.com/s/files/1/0668/0861/1129/products/1012_BUNDABERG_PEACH.jpg?v=1754023564,1,"",false,,,,,,,,,,,,,,,,,,,,kg,,,active
bundaberg-lemonade-375ml,Bundaberg Lemonade 375ml x 12ct,"",Bundaberg,,"","Drinks, Soda Drinks",true,Pack Size,Shipper,,,,,,,,2105_Shipper,0.0,shopify,11,deny,manual,29.50,,true,true,,,,,,https://cdn.shopify.com/s/files/1/0668/0861/1129/products/2105_Bundaberg_Traditional_Lemonade.jpg?v=1754023565,1,"",false,,,,,,,,,,,,,,,,,,,,kg,,,active
bundaberg-guava-375ml,Bundaberg Guava 375ml x12ct,"",Bundaberg,,"","Drinks, Soda Drinks",true,Pack Size,Shipper,,,,,,,,1015-1_Shipper,0.0,shopify,17,deny,manual,29.50,,true,true,,,,,,https://cdn.shopify.com/s/files/1/0668/0861/1129/products/1015-1_Bundaberg_Guava.jpg?v=1754023566,1,"",false,,,,,,,,,,,,,,,,,,,,kg,,,active
bundaberg-ginger-beer-750ml,Bundaberg Ginger Beer 750ml x12ct,"",Bundaberg,,"","Drinks, Soda Drinks",true,Pack Size,Shipper,,,,,,,,900_Shipper,0.0,shopify,16,deny,manual,55.00,,true,true,,,,,,https://cdn.shopify.com/s/files/1/0668/0861/1129/products/900_GINGER_BEER_750.jpg?v=1754023566,1,"",false,,,,,,,,,,,,,,,,,,,,kg,,,active
bundaberg-ginger-beer-375ml-x-24ct,Bundaberg Ginger Beer 375ml x 24ct,"",Bundaberg,,"","Drinks, Soda Drinks",true,Pack Size,Shipper,,,,,,,,910_Shipper,0.0,shopify,59,deny,manual,58.90,,true,true,,,,,,https://cdn.shopify.com/s/files/1/0668/0861/1129/products/910_GINGER_BEER_375.jpg?v=1754023567,1,"",false,,,,,,,,,,,,,,,,,,,,kg,,,active
bundaberg-diet-ginger-beer-375ml,Bundaberg Diet Ginger Beer 375ml x12ct,"",Bundaberg,,"","Drinks, Soda Drinks",true,Pack Size,Shipper,,,,,,,,2113_Shipper,0.0,shopify,14,deny,manual,29.50,,true,true,,,,,,https://cdn.shopify.com/s/files/1/0668/0861/1129/products/2113_BUNDBERG_DIET_GINGER_BEER_375.jpg?v=1754023567,1,"",false,,,,,,,,,,,,,,,,,,,,kg,,,active
bundaberg-creaming-soda-375ml,Bundaberg Creaming Soda 375ml x12ct,"",Bundaberg,,"","Drinks, Soda Drinks",true,Pack Size,Shipper,,,,,,,,1017_Shipper,0.0,shopify,19,deny,manual,29.50,,true,true,,,,,,https://cdn.shopify.com/s/files/1/0668/0861/1129/products/1017_Bundaberg_Creaming_Soda.jpg?v=1754023568,1,"",false,,,,,,,,,,,,,,,,,,,,kg,,,active
bundaberg-blood-orange-375ml,Bundaberg Blood Orange 375ml x12ct,"",Bundaberg,,"","Drinks, Soda Drinks",true,Pack Size,Shipper,,,,,,,,1016-1_Shipper,0.0,shopify,10,deny,manual,29.50,,true,true,,,,,,https://cdn.shopify.com/s/files/1/0668/0861/1129/products/1016-1_Blood_Orange_340_qD9Gkxe.jpg?v=1754023569,1,"",false,,,,,,,,,,,,,,,,,,,,kg,,,active
build-your-own-police-vehicle,Toy - Build Your Own Special Police Vehicle x 12ct,"",DutchRusk,,"","Novelty, Toys",true,Pack Size,Outer,,,,,,,,651577_Outer,0.0,shopify,0,deny,manual,16.20,,true,true,,,,,,https://cdn.shopify.com/s/files/1/0668/0861/1129/products/651577_Build_your_own_Police_vehicles.jpg?v=1754023569,1,"",false,,,,,,,,,,,,,,,,,,,,kg,,,active
build-your-own-police-vehicle,,,,,,,,,Shipper (12 Outer),,,,,,,,651577_Shipper,0.0,shopify,0,deny,manual,194.40,,true,true,,,,,,,,,,,,,,,,,,,,,,,,,,,,,kg,,,
build-your-own-dinosaur-in-an-egg,Toy - Build Your Own Dinosaur in an Egg x 12ct,"",DutchRusk,,"","Novelty, Toys",true,Pack Size,Outer,,,,,,,,651565_Outer,0.0,shopify,6,deny,manual,24.00,,true,true,,,,,,https://cdn.shopify.com/s/files/1/0668/0861/1129/products/651565_Build_your_Own_Dinosaur_World.jpg?v=1754023570,1,"",false,,,,,,,,,,,,,,,,,,,,kg,,,active
build-your-own-dinosaur-in-an-egg,,,,,,,,,Shipper (12 Outer),,,,,,,,651565_Shipper,0.0,shopify,0,deny,manual,288.00,,true,true,,,,,,,,,,,,,,,,,,,,,,,,,,,,,kg,,,
build-your-own-construction-vehicle,Toy - Build Your Own Construction Vehicle in an Egg x 24ct,"",DutchRusk,Uncategorized,"","Novelty, Toys",true,Pack Size,Outer,,,,,,,,651572_Outer,0.0,shopify,0,deny,manual,48.00,,true,true,,,,,,https://cdn.shopify.com/s/files/1/0668/0861/1129/products/651572_Build_your_own_Truck.jpg?v=1754023570,1,"",false,,,,,,,,,,,,,,,,,,,,kg,,,active
build-your-own-construction-vehicle,,,,,,,,,Shipper (24 Outer),,,,,,,,651572_Shipper,0.0,shopify,0,deny,manual,1152.00,,true,true,,,,,,,,,,,,,,,,,,,,,,,,,,,,,kg,,,
big-nut-yoghurt-50g,Big Nut Yoghurt 50g x16ct,"",Big Nuts,,"","",true,Pack Size,Outer,,,,,,,,F44054_Outer,0.0,shopify,12,deny,manual,30.80,,true,true,,,,,,https://cdn.shopify.com/s/files/1/0668/0861/1129/products/F44054_BIG_NUT_YOG_2.jpg?v=1754023571,1,"",false,,,,,,,,,,,,,,,,,,,,kg,,,active
big-nut-yoghurt-50g,,,,,,,,,Shipper (8 Outer),,,,,,,,F44054_Shipper,0.0,shopify,1,deny,manual,246.40,,true,true,,,,,,,,,,,,,,,,,,,,,,,,,,,,,kg,,,
big-nut-chocolate-50g,Big Nut Choc 50g x16ct,"",Big Nuts,,"","",true,Pack Size,Outer,,,,,,,,F44053_Outer,0.0,shopify,9,deny,manual,30.80,,true,true,,,,,,https://cdn.shopify.com/s/files/1/0668/0861/1129/products/F44053_BIG_NUT_CHOC.jpg?v=1754023571,1,"",false,,,,,,,,,,,,,,,,,,,,kg,,,active
big-nut-chocolate-50g,,,,,,,,,Shipper (8 Outer),,,,,,,,F44053_Shipper,0.0,shopify,1,deny,manual,246.40,,true,true,,,,,,,,,,,,,,,,,,,,,,,,,,,,,kg,,,
big-cock-energy-drink-440ml,Big Cock Energy Drink 500ml x 24ct,"",Big Cock,,"",Drinks,true,Pack Size,Shipper,,,,,,,,BIGC_Shipper,0.0,shopify,15,deny,manual,62.00,,true,true,,,,,,https://cdn.shopify.com/s/files/1/0668/0861/1129/products/BIGC_BIG_COCK.jpg?v=1754023572,1,"",false,,,,,,,,,,,,,,,,,,,,kg,,,active
bic-lighters,Bic Lighters x 50ct,"",Bic,Hardware > Tools > Lighters & Matches > Gas Lighters,"",Lighters,true,Pack Size,Outer,,,,,,,,60127_Outer,0.0,shopify,33,deny,manual,75.00,,true,true,,,,,,https://cdn.shopify.com/s/files/1/0668/0861/1129/products/60127_Bic_Lighters_large_2bfdf80c-bcab-4bbf-8065-7c553c6baa7a.jpg?v=1754023573,1,"",false,,,503774,,,,,,,,,,,,,,,,,kg,,,active
bic-lighters,,,,,,,,,Shipper (12 Outer),,,,,,,,60127_Shipper,0.0,shopify,2,deny,manual,900.00,,true,true,,,,,,,,,,,,,,,,,,,,,,,,,,,,,kg,,,
betty-crocker-vanilla-frosting,Betty Crocker Vanilla Frosting 400g x 4ct,<p>4 pottles per shipper</p>,Betty Crocker,,"",Snacks,true,Pack Size,Shipper,,,,,,,,101066237-1_Shipper,0.0,shopify,4,deny,manual,27.80,,true,true,,,,,,https://cdn.shopify.com/s/files/1/0668/0861/1129/products/101066237_Betty_Crocker_Vanilla_Frosting.jpg?v=1754023573,1,"",false,,,,,,,,,,,,,,,,,,,,kg,,,active
betty-crocker-chocolate-frosting-400g-x-4ct,Betty Crocker Chocolate Frosting 400g x 4ct,<p>4 pottles per shipper</p>,Betty Crocker,,"",Snacks,true,Pack Size,Shipper,,,,,,,,101066236_Shipper,0.0,shopify,6,deny,manual,27.80,,true,true,,,,,,https://cdn.shopify.com/s/files/1/0668/0861/1129/products/101066236_Betty_Crocker_Chocolate_Frosting_400g.jpg?v=1754023574,1,"",false,,,,,,,,,,,,,,,,,,,,kg,,,active
beacon-fizzers-strawberry,Beacon Fizzers Strawberry 11.6g x72ct,"",Beacon,,"","Dragon Novelty, Novelty",true,Pack Size,Outer,,,,,,,,100517678_Outer,0.0,shopify,47,deny,manual,24.30,,true,true,,,,,,https://cdn.shopify.com/s/files/1/0668/0861/1129/products/100517678_FIZZERS_STRAW.jpg?v=1754023575,1,"",false,,,,,,,,,,,,,,,,,,,,kg,,,active
beacon-fizzers-strawberry,,,,,,,,,Shipper (12 Outer),,,,,,,,100517678_Shipper,0.0,shopify,3,deny,manual,291.60,,true,true,,,,,,,,,,,,,,,,,,,,,,,,,,,,,kg,,,
beacon-fizzers-mini-strawberry-7-4g,Beacon Mini Fizzer Strawb 7.4g x 100ct,"",Beacon,,"","Dragon Novelty, Novelty",true,Pack Size,Outer,,,,,,,,100518137_Outer,0.0,shopify,60,deny,manual,13.50,,true,true,,,,,,https://cdn.shopify.com/s/files/1/0668/0861/1129/products/100518137_MINI_FIZZER_STRAW.jpg?v=1754023575,1,"",false,,,,,,,,,,,,,,,,,,,,kg,,,active
beacon-fizzers-mini-strawberry-7-4g,,,,,,,,,Shipper (20 Outer),,,,,,,,100518137_Shipper,0.0,shopify,3,deny,manual,270.00,,true,true,,,,,,,,,,,,,,,,,,,,,,,,,,,,,kg,,,
beacon-fizzers-mini-blue-buzz-7-4g,Beacon Mini Fizzer Blue Buzz 7.4g x 100ct,"",Beacon,,"","Dragon Novelty, Novelty",true,Pack Size,Outer,,,,,,,,100518136_Outer,0.0,shopify,101,deny,manual,13.50,,true,true,,,,,,https://cdn.shopify.com/s/files/1/0668/0861/1129/products/100518136_MINI_FIZZER_BLUE.jpg?v=1754023576,1,"",false,,,,,,,,,,,,,,,,,,,,kg,,,active
beacon-fizzers-mini-blue-buzz-7-4g,,,,,,,,,Shipper (20 Outer),,,,,,,,100518136_Shipper,0.0,shopify,5,deny,manual,270.00,,true,true,,,,,,,,,,,,,,,,,,,,,,,,,,,,,kg,,,
beacon-fizzers-creaming-soda,Beacon Fizzers Creaming Soda 11.6g 72ct,"",Beacon,,"","Dragon Novelty, Novelty",true,Pack Size,Outer,,,,,,,,100518355_Outer,0.0,shopify,20,deny,manual,24.30,,true,true,,,,,,https://cdn.shopify.com/s/files/1/0668/0861/1129/products/100518355_FIZZERS_CREAM_SODA.jpg?v=1754023576,1,"",false,,,,,,,,,,,,,,,,,,,,kg,,,active
beacon-fizzers-creaming-soda,,,,,,,,,Shipper (12 Outer),,,,,,,,100518355_Shipper,0.0,shopify,1,deny,manual,291.60,,true,true,,,,,,,,,,,,,,,,,,,,,,,,,,,,,kg,,,
batteries-panasonic-d-2-pack,Batteries - Panasonic D 2 pack,"<span data-mce-fragment=""1"">2 batteries per pack</span>",Panasonic,Electronics > Electronics Accessories > Power > Batteries > General Purpose Batteries,"",Batteries,true,Pack Size,Packet,,,,,,,,UM-1NPA-2B_Packet,0.0,shopify,51,deny,manual,5.00,,true,true,,,,,,https://cdn.shopify.com/s/files/1/0668/0861/1129/products/UM-1NPA-2B_Panasonic_batteries_D_2_pack.jpg?v=1754023577,1,"",false,,,4928,,,,,,,,,,,,,,,,,kg,,,active
batteries-panasonic-c-2-pack,Batteries - Panasonic C 2 pack,"<span data-mce-fragment=""1"">2 batteries per pack</span>",Panasonic,Electronics > Electronics Accessories > Power > Batteries > General Purpose Batteries,"",Batteries,true,Pack Size,Packet,,,,,,,,UM-2NPA-2B_Packet,0.0,shopify,51,deny,manual,6.50,,true,true,,,,,,https://cdn.shopify.com/s/files/1/0668/0861/1129/products/UM-2NPA-2B_Panasonic_C_2_pack.jpg?v=1754023578,1,"",false,,,4928,,,,,,,,,,,,,,,,,kg,,,active
batteries-panasonic-aaa-4-pack,Batteries - Panasonic AAA 4 pack,"<span data-mce-fragment=""1"">4 batteries per pack</span>",Panasonic,Electronics > Electronics Accessories > Power > Batteries > General Purpose Batteries,"",Batteries,true,Pack Size,Packet,,,,,,,,UM-4NPA-4B_Packet,0.0,shopify,95,deny,manual,5.00,,true,true,,,,,,https://cdn.shopify.com/s/files/1/0668/0861/1129/products/UM-4NPA-4B_Panasonic_batteries_AAA_4_pack.jpg?v=1754023578,1,"",false,,,4928,,,,,,,,,,,,,,,,,kg,,,active
batteries-panasonic-aa-4-pack,Batteries - Panasonic AA 4 pack,"<span data-mce-fragment=""1"">4 batteries per pack</span>",Panasonic,Electronics > Electronics Accessories > Power > Batteries > General Purpose Batteries,"",Batteries,true,Pack Size,Packet,,,,,,,,UM-3NPA-4B_Packet,0.0,shopify,24,deny,manual,5.00,,true,true,,,,,,https://cdn.shopify.com/s/files/1/0668/0861/1129/products/UM-3NPA-4B_Panasonic_AA_4_pack.jpg?v=1754023579,1,"",false,,,4928,,,,,,,,,,,,,,,,,kg,,,active
batteries-panasonic-9v,Batteries - Panasonic 9V,<p>1 battery per pack</p>,Panasonic,Electronics > Electronics Accessories > Power > Batteries > General Purpose Batteries,"",Batteries,true,Pack Size,Packet,,,,,,,,S-006PNPA-1B_Packet,0.0,shopify,0,deny,manual,5.50,,true,true,,,,,,https://cdn.shopify.com/s/files/1/0668/0861/1129/products/S-006PNPA-1B_Panasonic_batteries_9V.jpg?v=1754023579,1,"",false,,,4928,,,,,,,,,,,,,,,,,kg,,,active
batteries-energizer-aa-4-pack,Batteries - Energizer AA 4 pack,"",Energizer,Electronics > Electronics Accessories > Power > Batteries > General Purpose Batteries,"",Batteries,true,Pack Size,Packet,,,,,,,,E91BP4-1_Packet,0.0,shopify,10,deny,manual,5.50,,true,true,,,,,,https://cdn.shopify.com/s/files/1/0668/0861/1129/products/E91BP4-1_Energizer_AA_4_pack.jpg?v=1754023580,1,"",false,,,4928,,,,,,,,,,,,,,,,,kg,,,active
batteries-energizer-9v,Batteries -  Energizer 9V Single,<p>1 battery per pack</p>,Energizer,Electronics > Electronics Accessories > Power > Batteries > General Purpose Batteries,"","Batteries, hide-shipper",true,Pack Size,Packet,,,,,,,,522BP1_Packet,0.0,shopify,45,deny,manual,6.00,,true,true,,,,,,https://cdn.shopify.com/s/files/1/0668/0861/1129/products/522BP1_Energizer_9v.jpg?v=1754023581,1,"",false,,,4928,,,,,,,,,,,,,,,,,kg,,,active
batteries-cr2032-5-pack,Batteries - CR2032 x 5 Pack,<p>5 batteries per pack</p>,Energizer,Electronics > Electronics Accessories > Power > Batteries > General Purpose Batteries,"",Batteries,true,Pack Size,Packet,,,,,,,,BCR2032_Packet,0.0,shopify,23,deny,manual,7.50,,true,true,,,,,,https://cdn.shopify.com/s/files/1/0668/0861/1129/products/BCR2032_battery.jpg?v=1754023581,1,"",false,,,4928,,,,,,,,,,,,,,,,,kg,,,active
batteries-cr2032-5-pack,,,,,,,,,Outer (20 Packet),,,,,,,,BCR2032_Outer,0.0,shopify,1,deny,manual,150.00,,true,true,,,,,,,,,,,,,,,,,,,,,,,,,,,,,kg,,,
batteries-cr2025-5-pack,Batteries - CR2025 x 5 Pack,<p>5 batteries per pack</p>,Energizer,Electronics > Electronics Accessories > Power > Batteries > General Purpose Batteries,"",Batteries,true,Pack Size,Packet,,,,,,,,BCR2025_Packet,0.0,shopify,26,deny,manual,7.50,,true,true,,,,,,https://cdn.shopify.com/s/files/1/0668/0861/1129/products/BCR2025_battery.jpg?v=1754023582,1,"",false,,,4928,,,,,,,,,,,,,,,,,kg,,,active
batteries-cr2025-5-pack,,,,,,,,,Outer (20 Packet),,,,,,,,BCR2025_Outer,0.0,shopify,1,deny,manual,150.00,,true,true,,,,,,,,,,,,,,,,,,,,,,,,,,,,,kg,,,
batteries-cr2016-5-pack,Batteries - CR2016 x 5 Pack,<p>5 batteries per pack</p>,Energizer,Electronics > Electronics Accessories > Power > Batteries > General Purpose Batteries,"",Batteries,true,Pack Size,Packet,,,,,,,,BCR2016_Packet,0.0,shopify,39,deny,manual,7.50,,true,true,,,,,,https://cdn.shopify.com/s/files/1/0668/0861/1129/products/BCR2016_battery.jpg?v=1754023582,1,"",false,,,4928,,,,,,,,,,,,,,,,,kg,,,active
batteries-cr2016-5-pack,,,,,,,,,Outer (20 Packet),,,,,,,,BCR2016_Outer,0.0,shopify,1,deny,manual,150.00,,true,true,,,,,,,,,,,,,,,,,,,,,,,,,,,,,kg,,,
ausome-sour-froot-blasts-52g,Ausome Froot Blasts Sour 52g x 12ct,"",DutchRusk,,"","Novelty, Snacks",true,Pack Size,Outer,,,,,,,,17003_Outer,0.0,shopify,65,deny,manual,27.40,,true,true,,,,,,https://cdn.shopify.com/s/files/1/0668/0861/1129/products/17003_Froot_Blasts_display.jpg?v=1754023583,1,"",false,,,,,,,,,,,,,,,,,,,,kg,,,active
ausome-sour-froot-blasts-52g,,,,,,,,,Shipper (12 Outer),,,,,,,,17003_Shipper,0.0,shopify,5,deny,manual,328.80,,true,true,,,,,,,,,,,,,,,,,,,,,,,,,,,,,kg,,,
almond-fingers,Almond Fingers 264g x 12ct,<p>12 packets</p>,DutchRusk,,"",Snacks,true,Pack Size,Packet,,,,,,,,10410C_Packet,0.0,shopify,52,deny,manual,4.40,,true,true,,,,,,https://cdn.shopify.com/s/files/1/0668/0861/1129/products/10410C_ALMOND_FINGERS.jpg?v=1754023584,1,"",false,,,,,,,,,,,,,,,,,,,,kg,,,active
almond-fingers,,,,,,,,,Shipper (12 Packet),,,,,,,,10410C_Shipper,0.0,shopify,4,deny,manual,52.80,,true,true,,,,,,,,,,,,,,,,,,,,,,,,,,,,,kg,,,
5-gum-32g-watermelon,5 Gum 32g - Watermelon Burst x 10ct,"",Mars,,"","Gum, Night n Day Misc, Wrigleys",true,Pack Size,Outer,,,,,,,,408207_Outer,0.0,shopify,58,deny,manual,22.25,,true,true,,,,,,https://cdn.shopify.com/s/files/1/0668/0861/1129/products/408207_5_Gum_Watermelon_32g.jpg?v=1754023584,1,"",false,,,,,,,,,,,,,,,,,,,,kg,,,active
5-gum-32g-watermelon,,,,,,,,,Shipper (12 Outer),,,,,,,,408207_Shipper,0.0,shopify,4,deny,manual,267.00,,true,true,,,,,,,,,,,,,,,,,,,,,,,,,,,,,kg,,,
5-gum-32g-blueberry-rush,5 Gum 32g - Blueberry Rush x 10ct,"",Mars,,"","Gum, Night n Day Misc, Wrigleys",true,Pack Size,Outer,,,,,,,,408203_Outer,0.0,shopify,68,deny,manual,22.25,,true,true,,,,,,https://cdn.shopify.com/s/files/1/0668/0861/1129/products/408203_5_Gum_Blueberry_32g.jpg?v=1754023585,1,"",false,,,,,,,,,,,,,,,,,,,,kg,,,active
5-gum-32g-blueberry-rush,,,,,,,,,Shipper (12 Outer),,,,,,,,408203_Shipper,0.0,shopify,5,deny,manual,267.00,,true,true,,,,,,,,,,,,,,,,,,,,,,,,,,,,,kg,,,
14pc-extra-strawberry,14pc Extra Strawberry 27g x 24ct,"",Mars,Uncategorized,"","Gum, Night n Day Misc, Wrigleys",true,Pack Size,Outer,,,,,,,,372538_Outer,0.0,shopify,61,deny,manual,55.20,,true,true,,,,,,https://cdn.shopify.com/s/files/1/0668/0861/1129/products/372538_WRIGLEYS_Extra_Strawberry_Envelope_14PC.jpg?v=1754023585,1,"",false,,,,,,,,,,,,,,,,,,,,kg,,,active
14pc-extra-strawberry,,,,,,,,,Shipper (12 Outer),,,,,,,,372538_Shipper,0.0,shopify,5,deny,manual,662.40,,true,true,,,,,,,,,,,,,,,,,,,,,,,,,,,,,kg,,,
14pc-extra-spearmint,14pc Extra Spearmint 27g x 24ct,"",Mars,,"","Gum, Night n Day Misc, Wrigleys",true,Pack Size,Outer,,,,,,,,372536_Outer,0.0,shopify,77,deny,manual,55.20,,true,true,,,,,,https://cdn.shopify.com/s/files/1/0668/0861/1129/products/372536_WRIGLEYS_Extra_Spearmint_Envelope_14PC.jpg?v=1754023586,1,"",false,,,,,,,,,,,,,,,,,,,,kg,,,active
14pc-extra-spearmint,,,,,,,,,Shipper (12 Outer),,,,,,,,372536_Shipper,0.0,shopify,6,deny,manual,662.40,,true,true,,,,,,,,,,,,,,,,,,,,,,,,,,,,,kg,,,
14pc-extra-peppermint,14pc Extra Peppermint 27g x 24ct,"",Mars,,"","Gum, Night n Day Misc, Wrigleys",true,Pack Size,Outer,,,,,,,,372532_Outer,0.0,shopify,106,deny,manual,55.20,,true,true,,,,,,https://cdn.shopify.com/s/files/1/0668/0861/1129/products/372532_WRIGLEYS_Extra_Peppermint_Envelope_14PC.jpg?v=1754023586,1,"",false,,,,,,,,,,,,,,,,,,,,kg,,,active
14pc-extra-peppermint,,,,,,,,,Shipper (12 Outer),,,,,,,,372532_Shipper,0.0,shopify,8,deny,manual,662.40,,true,true,,,,,,,,,,,,,,,,,,,,,,,,,,,,,kg,,,
14g-extra-white-10pc,10pc Extra White 14g x 30ct,"",Mars,,"","Gum, Night n Day Misc, Wrigleys",true,Pack Size,Outer,,,,,,,,372541_Outer,0.0,shopify,121,deny,manual,39.60,,true,true,,,,,,https://cdn.shopify.com/s/files/1/0668/0861/1129/products/372541_WRIGLEYS_Extra_White_Peppermint_10PC.jpg?v=1754023588,1,"",false,,,,,,,,,,,,,,,,,,,,kg,,,active
14g-extra-white-10pc,,,,,,,,,Shipper (24 Outer),,,,,,,,372541_Shipper,0.0,shopify,5,deny,manual,950.40,,true,true,,,,,,,,,,,,,,,,,,,,,,,,,,,,,kg,,,
14g-extra-spearmint-10pc,10pc Extra Spearmint Pellets 14g x 24ct,"",Mars,,"","Gum, Night n Day Misc, Wrigleys",true,Pack Size,Outer,,,,,,,,372514_Outer,0.0,shopify,85,deny,manual,31.70,,true,true,,,,,,https://cdn.shopify.com/s/files/1/0668/0861/1129/products/372514_WRIGLEYS_Extra_Spearmint_Pellets_10PC.jpg?v=1754023589,1,"",false,,,,,,,,,,,,,,,,,,,,kg,,,active
14g-extra-spearmint-10pc,,,,,,,,,Shipper (32 Outer),,,,,,,,372514_Shipper,0.0,shopify,2,deny,manual,1014.40,,true,true,,,,,,,,,,,,,,,,,,,,,,,,,,,,,kg,,,
14g-extra-peppermint-10pc,10pc Extra Peppermint Pellets 14g x 24ct,"",Mars,,"","Gum, Night n Day Misc, Wrigleys",true,Pack Size,Outer,,,,,,,,372513_Outer,0.0,shopify,120,deny,manual,31.70,,true,true,,,,,,https://cdn.shopify.com/s/files/1/0668/0861/1129/products/372513_WRIGLEYS_Extra_Peppermint_pellets_10PC_14G.jpg?v=1754023590,1,"",false,,,,,,,,,,,,,,,,,,,,kg,,,active
14g-extra-peppermint-10pc,,,,,,,,,Shipper (32 Outer),,,,,,,,372513_Shipper,0.0,shopify,3,deny,manual,1014.40,,true,true,,,,,,,,,,,,,,,,,,,,,,,,,,,,,kg,,,
